nohup: ignoring input

  .   ____          _            __ _ _
 /\\ / ___'_ __ _ _(_)_ __  __ _ \ \ \ \
( ( )\___ | '_ | '_| | '_ \/ _` | \ \ \ \
 \\/  ___)| |_)| | | | | || (_| |  ) ) ) )
  '  |____| .__|_| |_|_| |_\__, | / / / /
 =========|_|==============|___/=/_/_/_/
 :: Spring Boot ::                (v3.2.0)

2026-08-27T18:28:37.927+09:00  INFO 8618 --- [           main] com.example.demo.DemoApplication         : Starting DemoApplication v0.0.1-SNAPSHOT using Java 17.0.20.1 with PID 8618 (/root/admin/target/demo-0.0.1-SNAPSHOT.jar started by root in /root/admin/target)
2026-08-27T18:28:37.936+09:00  INFO 8618 --- [           main] com.example.demo.DemoApplication         : No active profile set, falling back to 1 default profile: "default"
2026-08-27T18:28:39.080+09:00  INFO 8618 --- [           main] .s.d.r.c.RepositoryConfigurationDelegate : Bootstrapping Spring Data JPA repositories in DEFAULT mode.
2026-08-27T18:28:39.151+09:00  INFO 8618 --- [           main] .s.d.r.c.RepositoryConfigurationDelegate : Finished Spring Data repository scanning in 63 ms. Found 5 JPA repository interfaces.
2026-08-27T18:28:39.985+09:00  INFO 8618 --- [           main] o.s.b.w.embedded.tomcat.TomcatWebServer  : Tomcat initialized with port 8080 (http)
2026-08-27T18:28:39.994+09:00  INFO 8618 --- [           main] o.apache.catalina.core.StandardService   : Starting service [Tomcat]
2026-08-27T18:28:39.995+09:00  INFO 8618 --- [           main] o.apache.catalina.core.StandardEngine    : Starting Servlet engine: [Apache Tomcat/10.1.16]
2026-08-27T18:28:40.034+09:00  INFO 8618 --- [           main] o.a.c.c.C.[Tomcat].[localhost].[/]       : Initializing Spring embedded WebApplicationContext
2026-08-27T18:28:40.035+09:00  INFO 8618 --- [           main] w.s.c.ServletWebServerApplicationContext : Root WebApplicationContext: initialization completed in 2013 ms
2026-08-27T18:28:40.332+09:00  INFO 8618 --- [           main] com.zaxxer.hikari.HikariDataSource       : HikariPool-1 - Starting...
2026-08-27T18:28:40.565+09:00  INFO 8618 --- [           main] com.zaxxer.hikari.pool.HikariPool        : HikariPool-1 - Added connection com.mysql.cj.jdbc.ConnectionImpl@1f758e4f
2026-08-27T18:28:40.566+09:00  INFO 8618 --- [           main] com.zaxxer.hikari.HikariDataSource       : HikariPool-1 - Start completed.
2026-08-27T18:28:40.694+09:00  INFO 8618 --- [           main] o.hibernate.jpa.internal.util.LogHelper  : HHH000204: Processing PersistenceUnitInfo [name: default]
2026-08-27T18:28:40.754+09:00  INFO 8618 --- [           main] org.hibernate.Version                    : HHH000412: Hibernate ORM core version 6.3.1.Final
2026-08-27T18:28:40.789+09:00  INFO 8618 --- [           main] o.h.c.internal.RegionFactoryInitiator    : HHH000026: Second-level cache disabled
2026-08-27T18:28:40.996+09:00  INFO 8618 --- [           main] o.s.o.j.p.SpringPersistenceUnitInfo      : No LoadTimeWeaver setup: ignoring JPA class transformer
2026-08-27T18:28:41.078+09:00  WARN 8618 --- [           main] org.hibernate.orm.deprecation            : HHH90000025: MySQLDialect does not need to be specified explicitly using 'hibernate.dialect' (remove the property setting and it will be selected by default)
2026-08-27T18:28:41.898+09:00  INFO 8618 --- [           main] o.h.e.t.j.p.i.JtaPlatformInitiator       : HHH000489: No JTA platform available (set 'hibernate.transaction.jta.platform' to enable JTA platform integration)
2026-08-27T18:28:41.966+09:00  INFO 8618 --- [           main] j.LocalContainerEntityManagerFactoryBean : Initialized JPA EntityManagerFactory for persistence unit 'default'

>>> [PythonRunner] 실행 시작: scripts/excel_to_mysql.py
[Python Log][scripts/excel_to_mysql.py] python3: can't open file '/root/admin/target/scripts/excel_to_mysql.py': [Errno 2] No such file or directory
>>> [PythonRunner] 실행 종료 (scripts/excel_to_mysql.py, 종료 코드: 2)

>>> [PythonRunner] 실행 시작: scripts/airstrike.py
[Python Log][scripts/airstrike.py] python3: can't open file '/root/admin/target/scripts/airstrike.py': [Errno 2] No such file or directory
>>> [PythonRunner] 실행 종료 (scripts/airstrike.py, 종료 코드: 2)

>>> [PythonRunner] 실행 시작: scripts/earthquake.py
[Python Log][scripts/earthquake.py] python3: can't open file '/root/admin/target/scripts/earthquake.py': [Errno 2] No such file or directory
>>> [PythonRunner] 실행 종료 (scripts/earthquake.py, 종료 코드: 2)
2026-08-27T18:28:42.868+09:00  WARN 8618 --- [           main] JpaBaseConfiguration$JpaWebConfiguration : spring.jpa.open-in-view is enabled by default. Therefore, database queries may be performed during view rendering. Explicitly configure spring.jpa.open-in-view to disable this warning
2026-08-27T18:28:42.916+09:00  INFO 8618 --- [           main] o.s.b.a.w.s.WelcomePageHandlerMapping    : Adding welcome page template: index
2026-08-27T18:28:43.709+09:00  INFO 8618 --- [           main] o.s.b.a.e.web.EndpointLinksResolver      : Exposing 1 endpoint(s) beneath base path '/actuator'
2026-08-27T18:28:43.804+09:00  INFO 8618 --- [           main] o.s.b.w.embedded.tomcat.TomcatWebServer  : Tomcat started on port 8080 (http) with context path ''
2026-08-27T18:28:43.823+09:00  INFO 8618 --- [           main] com.example.demo.DemoApplication         : Started DemoApplication in 6.437 seconds (process running for 6.954)
Hibernate: select u1_0.id from user u1_0 where u1_0.username=? limit ?
2026-08-27T18:29:52.501+09:00  INFO 8618 --- [nio-8080-exec-1] o.a.c.c.C.[Tomcat].[localhost].[/]       : Initializing Spring DispatcherServlet 'dispatcherServlet'
2026-08-27T18:29:52.502+09:00  INFO 8618 --- [nio-8080-exec-1] o.s.web.servlet.DispatcherServlet        : Initializing Servlet 'dispatcherServlet'
2026-08-27T18:29:52.503+09:00  INFO 8618 --- [nio-8080-exec-1] o.s.web.servlet.DispatcherServlet        : Completed initialization in 1 ms
Hibernate: select u1_0.id,u1_0.email,u1_0.password,u1_0.realname,u1_0.username from user u1_0 where u1_0.username=?
Hibernate: select u1_0.id,u1_0.email,u1_0.password,u1_0.realname,u1_0.username from user u1_0 where u1_0.username=?
Hibernate: select ars1_0.shlt_id,ars1_0.ctpv_nm,ars1_0.daddr,ars1_0.fclt_nm,ars1_0.lat,ars1_0.lot,ars1_0.mng_dept_nm,ars1_0.sgg_nm from airstrike ars1_0 limit ?,?
Hibernate: select count(ars1_0.shlt_id) from airstrike ars1_0
Hibernate: select ars1_0.shlt_id,ars1_0.ctpv_nm,ars1_0.daddr,ars1_0.fclt_nm,ars1_0.lat,ars1_0.lot,ars1_0.mng_dept_nm,ars1_0.sgg_nm from airstrike ars1_0 limit ?,?
Hibernate: select count(ars1_0.shlt_id) from airstrike ars1_0
Hibernate: select u1_0.id,u1_0.email,u1_0.password,u1_0.realname,u1_0.username from user u1_0 where u1_0.username=?
Hibernate: select ars1_0.shlt_id,ars1_0.ctpv_nm,ars1_0.daddr,ars1_0.fclt_nm,ars1_0.lat,ars1_0.lot,ars1_0.mng_dept_nm,ars1_0.sgg_nm from airstrike ars1_0 limit ?,?
Hibernate: select count(ars1_0.shlt_id) from airstrike ars1_0
Hibernate: select ars1_0.shlt_id,ars1_0.ctpv_nm,ars1_0.daddr,ars1_0.fclt_nm,ars1_0.lat,ars1_0.lot,ars1_0.mng_dept_nm,ars1_0.sgg_nm from airstrike ars1_0 limit ?,?
Hibernate: select count(ars1_0.shlt_id) from airstrike ars1_0
Hibernate: select u1_0.id,u1_0.email,u1_0.password,u1_0.realname,u1_0.username from user u1_0 where u1_0.username=?
Hibernate: select u1_0.id,u1_0.email,u1_0.password,u1_0.realname,u1_0.username from user u1_0 where u1_0.username=?
Hibernate: select ars1_0.shlt_id,ars1_0.ctpv_nm,ars1_0.daddr,ars1_0.fclt_nm,ars1_0.lat,ars1_0.lot,ars1_0.mng_dept_nm,ars1_0.sgg_nm from airstrike ars1_0 limit ?,?
Hibernate: select count(ars1_0.shlt_id) from airstrike ars1_0
Hibernate: select u1_0.id,u1_0.email,u1_0.password,u1_0.realname,u1_0.username from user u1_0 where u1_0.username=?
Hibernate: select ars1_0.shlt_id,ars1_0.ctpv_nm,ars1_0.daddr,ars1_0.fclt_nm,ars1_0.lat,ars1_0.lot,ars1_0.mng_dept_nm,ars1_0.sgg_nm from airstrike ars1_0 limit ?,?
Hibernate: select count(ars1_0.shlt_id) from airstrike ars1_0
Hibernate: select ars1_0.shlt_id,ars1_0.ctpv_nm,ars1_0.daddr,ars1_0.fclt_nm,ars1_0.lat,ars1_0.lot,ars1_0.mng_dept_nm,ars1_0.sgg_nm from airstrike ars1_0 limit ?,?
Hibernate: select count(ars1_0.shlt_id) from airstrike ars1_0
Hibernate: select ars1_0.shlt_id,ars1_0.ctpv_nm,ars1_0.daddr,ars1_0.fclt_nm,ars1_0.lat,ars1_0.lot,ars1_0.mng_dept_nm,ars1_0.sgg_nm from airstrike ars1_0 limit ?,?
Hibernate: select count(ars1_0.shlt_id) from airstrike ars1_0
2026-08-27T20:14:52.547+09:00  WARN 8618 --- [nio-8080-exec-3] .w.s.m.s.DefaultHandlerExceptionResolver : Resolved [org.springframework.web.HttpRequestMethodNotSupportedException: Request method 'POST' is not supported]
2026-08-27T20:14:52.591+09:00  WARN 8618 --- [nio-8080-exec-4] .w.s.m.s.DefaultHandlerExceptionResolver : Resolved [org.springframework.web.HttpRequestMethodNotSupportedException: Request method 'POST' is not supported]
2026-08-27T20:14:52.635+09:00  WARN 8618 --- [nio-8080-exec-5] .w.s.m.s.DefaultHandlerExceptionResolver : Resolved [org.springframework.web.HttpRequestMethodNotSupportedException: Request method 'POST' is not supported]
2026-08-27T20:14:52.641+09:00  WARN 8618 --- [nio-8080-exec-6] .w.s.m.s.DefaultHandlerExceptionResolver : Resolved [org.springframework.web.HttpRequestMethodNotSupportedException: Request method 'POST' is not supported]
2026-08-27T20:15:00.470+09:00  WARN 8618 --- [nio-8080-exec-2] .w.s.m.s.DefaultHandlerExceptionResolver : Resolved [org.springframework.web.HttpRequestMethodNotSupportedException: Request method 'POST' is not supported]
Hibernate: select u1_0.id,u1_0.email,u1_0.password,u1_0.realname,u1_0.username from user u1_0 where u1_0.username=?
Hibernate: select ars1_0.shlt_id,ars1_0.ctpv_nm,ars1_0.daddr,ars1_0.fclt_nm,ars1_0.lat,ars1_0.lot,ars1_0.mng_dept_nm,ars1_0.sgg_nm from airstrike ars1_0 limit ?,?
Hibernate: select count(ars1_0.shlt_id) from airstrike ars1_0
Hibernate: select ars1_0.shlt_id,ars1_0.ctpv_nm,ars1_0.daddr,ars1_0.fclt_nm,ars1_0.lat,ars1_0.lot,ars1_0.mng_dept_nm,ars1_0.sgg_nm from airstrike ars1_0 where ars1_0.shlt_id=?
Hibernate: insert into airstrike (ctpv_nm,daddr,fclt_nm,lat,lot,mng_dept_nm,sgg_nm,shlt_id) values (?,?,?,?,?,?,?,?)
Hibernate: select ars1_0.shlt_id,ars1_0.ctpv_nm,ars1_0.daddr,ars1_0.fclt_nm,ars1_0.lat,ars1_0.lot,ars1_0.mng_dept_nm,ars1_0.sgg_nm from airstrike ars1_0 limit ?,?
Hibernate: select count(ars1_0.shlt_id) from airstrike ars1_0
Hibernate: select ars1_0.shlt_id,ars1_0.ctpv_nm,ars1_0.daddr,ars1_0.fclt_nm,ars1_0.lat,ars1_0.lot,ars1_0.mng_dept_nm,ars1_0.sgg_nm from airstrike ars1_0 where ars1_0.fclt_nm like ? escape '\\' or ars1_0.daddr like ? escape '\\' limit ?,?
Hibernate: select count(ars1_0.shlt_id) from airstrike ars1_0 where ars1_0.fclt_nm like ? escape '\\' or ars1_0.daddr like ? escape '\\'
Hibernate: select ars1_0.shlt_id,ars1_0.ctpv_nm,ars1_0.daddr,ars1_0.fclt_nm,ars1_0.lat,ars1_0.lot,ars1_0.mng_dept_nm,ars1_0.sgg_nm from airstrike ars1_0 where ars1_0.fclt_nm like ? escape '\\' or ars1_0.daddr like ? escape '\\' limit ?,?
Hibernate: select count(ars1_0.shlt_id) from airstrike ars1_0 where ars1_0.fclt_nm like ? escape '\\' or ars1_0.daddr like ? escape '\\'
Hibernate: select ars1_0.shlt_id,ars1_0.ctpv_nm,ars1_0.daddr,ars1_0.fclt_nm,ars1_0.lat,ars1_0.lot,ars1_0.mng_dept_nm,ars1_0.sgg_nm from airstrike ars1_0 where ars1_0.fclt_nm like ? escape '\\' or ars1_0.daddr like ? escape '\\' limit ?,?
Hibernate: select count(ars1_0.shlt_id) from airstrike ars1_0 where ars1_0.fclt_nm like ? escape '\\' or ars1_0.daddr like ? escape '\\'
Hibernate: select ars1_0.shlt_id,ars1_0.ctpv_nm,ars1_0.daddr,ars1_0.fclt_nm,ars1_0.lat,ars1_0.lot,ars1_0.mng_dept_nm,ars1_0.sgg_nm from airstrike ars1_0 limit ?,?
Hibernate: select count(ars1_0.shlt_id) from airstrike ars1_0
Hibernate: select ars1_0.shlt_id,ars1_0.ctpv_nm,ars1_0.daddr,ars1_0.fclt_nm,ars1_0.lat,ars1_0.lot,ars1_0.mng_dept_nm,ars1_0.sgg_nm from airstrike ars1_0 where ars1_0.fclt_nm like ? escape '\\' or ars1_0.daddr like ? escape '\\' limit ?,?
Hibernate: select count(ars1_0.shlt_id) from airstrike ars1_0 where ars1_0.fclt_nm like ? escape '\\' or ars1_0.daddr like ? escape '\\'
Hibernate: select ars1_0.shlt_id,ars1_0.ctpv_nm,ars1_0.daddr,ars1_0.fclt_nm,ars1_0.lat,ars1_0.lot,ars1_0.mng_dept_nm,ars1_0.sgg_nm from airstrike ars1_0 where ars1_0.fclt_nm like ? escape '\\' or ars1_0.daddr like ? escape '\\' limit ?,?
Hibernate: select count(ars1_0.shlt_id) from airstrike ars1_0 where ars1_0.fclt_nm like ? escape '\\' or ars1_0.daddr like ? escape '\\'
Hibernate: select ars1_0.shlt_id,ars1_0.ctpv_nm,ars1_0.daddr,ars1_0.fclt_nm,ars1_0.lat,ars1_0.lot,ars1_0.mng_dept_nm,ars1_0.sgg_nm from airstrike ars1_0 where ars1_0.fclt_nm like ? escape '\\' or ars1_0.daddr like ? escape '\\' limit ?,?
Hibernate: select count(ars1_0.shlt_id) from airstrike ars1_0 where ars1_0.fclt_nm like ? escape '\\' or ars1_0.daddr like ? escape '\\'
demo-0.0.1-SNAPSHOT.jar.original에 기본 Manifest 속성이 없습니다.

  .   ____          _            __ _ _
 /\\ / ___'_ __ _ _(_)_ __  __ _ \ \ \ \
( ( )\___ | '_ | '_| | '_ \/ _` | \ \ \ \
 \\/  ___)| |_)| | | | | || (_| |  ) ) ) )
  '  |____| .__|_| |_|_| |_\__, | / / / /
 =========|_|==============|___/=/_/_/_/
 :: Spring Boot ::                (v3.2.0)

2026-08-28T09:25:52.733+09:00  INFO 3428 --- [           main] com.example.demo.DemoApplication         : Starting DemoApplication v0.0.1-SNAPSHOT using Java 17.0.20.1 with PID 3428 (/root/admin/target/demo-0.0.1-SNAPSHOT.jar started by root in /root/admin/target)
2026-08-28T09:25:52.754+09:00  INFO 3428 --- [           main] com.example.demo.DemoApplication         : No active profile set, falling back to 1 default profile: "default"
2026-08-28T09:25:54.133+09:00  INFO 3428 --- [           main] .s.d.r.c.RepositoryConfigurationDelegate : Bootstrapping Spring Data JPA repositories in DEFAULT mode.
2026-08-28T09:25:54.193+09:00  INFO 3428 --- [           main] .s.d.r.c.RepositoryConfigurationDelegate : Finished Spring Data repository scanning in 51 ms. Found 5 JPA repository interfaces.
2026-08-28T09:25:55.067+09:00  INFO 3428 --- [           main] o.s.b.w.embedded.tomcat.TomcatWebServer  : Tomcat initialized with port 8080 (http)
2026-08-28T09:25:55.079+09:00  INFO 3428 --- [           main] o.apache.catalina.core.StandardService   : Starting service [Tomcat]
2026-08-28T09:25:55.079+09:00  INFO 3428 --- [           main] o.apache.catalina.core.StandardEngine    : Starting Servlet engine: [Apache Tomcat/10.1.16]
2026-08-28T09:25:55.130+09:00  INFO 3428 --- [           main] o.a.c.c.C.[Tomcat].[localhost].[/]       : Initializing Spring embedded WebApplicationContext
2026-08-28T09:25:55.132+09:00  INFO 3428 --- [           main] w.s.c.ServletWebServerApplicationContext : Root WebApplicationContext: initialization completed in 2239 ms
2026-08-28T09:25:55.458+09:00  INFO 3428 --- [           main] com.zaxxer.hikari.HikariDataSource       : HikariPool-1 - Starting...
2026-08-28T09:25:55.790+09:00  INFO 3428 --- [           main] com.zaxxer.hikari.pool.HikariPool        : HikariPool-1 - Added connection com.mysql.cj.jdbc.ConnectionImpl@27bc1d44
2026-08-28T09:25:55.791+09:00  INFO 3428 --- [           main] com.zaxxer.hikari.HikariDataSource       : HikariPool-1 - Start completed.
2026-08-28T09:25:56.052+09:00  INFO 3428 --- [           main] o.hibernate.jpa.internal.util.LogHelper  : HHH000204: Processing PersistenceUnitInfo [name: default]
2026-08-28T09:25:56.137+09:00  INFO 3428 --- [           main] org.hibernate.Version                    : HHH000412: Hibernate ORM core version 6.3.1.Final
2026-08-28T09:25:56.175+09:00  INFO 3428 --- [           main] o.h.c.internal.RegionFactoryInitiator    : HHH000026: Second-level cache disabled
2026-08-28T09:25:56.424+09:00  INFO 3428 --- [           main] o.s.o.j.p.SpringPersistenceUnitInfo      : No LoadTimeWeaver setup: ignoring JPA class transformer
2026-08-28T09:25:56.516+09:00  WARN 3428 --- [           main] org.hibernate.orm.deprecation            : HHH90000025: MySQLDialect does not need to be specified explicitly using 'hibernate.dialect' (remove the property setting and it will be selected by default)
2026-08-28T09:25:57.313+09:00  INFO 3428 --- [           main] o.h.e.t.j.p.i.JtaPlatformInitiator       : HHH000489: No JTA platform available (set 'hibernate.transaction.jta.platform' to enable JTA platform integration)
2026-08-28T09:25:57.388+09:00  INFO 3428 --- [           main] j.LocalContainerEntityManagerFactoryBean : Initialized JPA EntityManagerFactory for persistence unit 'default'

>>> [PythonRunner] 실행 시작: scripts/excel_to_mysql.py
[Python Log][scripts/excel_to_mysql.py] python3: can't open file '/root/admin/target/scripts/excel_to_mysql.py': [Errno 2] No such file or directory
>>> [PythonRunner] 실행 종료 (scripts/excel_to_mysql.py, 종료 코드: 2)

>>> [PythonRunner] 실행 시작: scripts/airstrike.py
[Python Log][scripts/airstrike.py] python3: can't open file '/root/admin/target/scripts/airstrike.py': [Errno 2] No such file or directory
>>> [PythonRunner] 실행 종료 (scripts/airstrike.py, 종료 코드: 2)

>>> [PythonRunner] 실행 시작: scripts/earthquake.py
[Python Log][scripts/earthquake.py] python3: can't open file '/root/admin/target/scripts/earthquake.py': [Errno 2] No such file or directory
>>> [PythonRunner] 실행 종료 (scripts/earthquake.py, 종료 코드: 2)
2026-08-28T09:25:58.359+09:00  WARN 3428 --- [           main] JpaBaseConfiguration$JpaWebConfiguration : spring.jpa.open-in-view is enabled by default. Therefore, database queries may be performed during view rendering. Explicitly configure spring.jpa.open-in-view to disable this warning
2026-08-28T09:25:58.420+09:00  INFO 3428 --- [           main] o.s.b.a.w.s.WelcomePageHandlerMapping    : Adding welcome page template: index
2026-08-28T09:25:59.288+09:00  INFO 3428 --- [           main] o.s.b.a.e.web.EndpointLinksResolver      : Exposing 1 endpoint(s) beneath base path '/actuator'
2026-08-28T09:25:59.388+09:00  INFO 3428 --- [           main] o.s.b.w.embedded.tomcat.TomcatWebServer  : Tomcat started on port 8080 (http) with context path ''
2026-08-28T09:25:59.401+09:00  INFO 3428 --- [           main] com.example.demo.DemoApplication         : Started DemoApplication in 7.246 seconds (process running for 7.849)
Hibernate: select u1_0.id from user u1_0 where u1_0.username=? limit ?

  .   ____          _            __ _ _
 /\\ / ___'_ __ _ _(_)_ __  __ _ \ \ \ \
( ( )\___ | '_ | '_| | '_ \/ _` | \ \ \ \
 \\/  ___)| |_)| | | | | || (_| |  ) ) ) )
  '  |____| .__|_| |_|_| |_\__, | / / / /
 =========|_|==============|___/=/_/_/_/
 :: Spring Boot ::                (v3.2.0)

2026-08-28T09:30:56.145+09:00  INFO 3491 --- [           main] com.example.demo.DemoApplication         : Starting DemoApplication v0.0.1-SNAPSHOT using Java 17.0.20.1 with PID 3491 (/root/admin/target/demo-0.0.1-SNAPSHOT.jar started by root in /root/admin/target)
2026-08-28T09:30:56.157+09:00  INFO 3491 --- [           main] com.example.demo.DemoApplication         : No active profile set, falling back to 1 default profile: "default"
2026-08-28T09:30:57.478+09:00  INFO 3491 --- [           main] .s.d.r.c.RepositoryConfigurationDelegate : Bootstrapping Spring Data JPA repositories in DEFAULT mode.
2026-08-28T09:30:57.528+09:00  INFO 3491 --- [           main] .s.d.r.c.RepositoryConfigurationDelegate : Finished Spring Data repository scanning in 44 ms. Found 5 JPA repository interfaces.
2026-08-28T09:30:58.371+09:00  INFO 3491 --- [           main] o.s.b.w.embedded.tomcat.TomcatWebServer  : Tomcat initialized with port 8080 (http)
2026-08-28T09:30:58.380+09:00  INFO 3491 --- [           main] o.apache.catalina.core.StandardService   : Starting service [Tomcat]
2026-08-28T09:30:58.380+09:00  INFO 3491 --- [           main] o.apache.catalina.core.StandardEngine    : Starting Servlet engine: [Apache Tomcat/10.1.16]
2026-08-28T09:30:58.416+09:00  INFO 3491 --- [           main] o.a.c.c.C.[Tomcat].[localhost].[/]       : Initializing Spring embedded WebApplicationContext
2026-08-28T09:30:58.418+09:00  INFO 3491 --- [           main] w.s.c.ServletWebServerApplicationContext : Root WebApplicationContext: initialization completed in 2140 ms
2026-08-28T09:30:58.673+09:00  INFO 3491 --- [           main] com.zaxxer.hikari.HikariDataSource       : HikariPool-1 - Starting...
2026-08-28T09:30:58.866+09:00  INFO 3491 --- [           main] com.zaxxer.hikari.pool.HikariPool        : HikariPool-1 - Added connection com.mysql.cj.jdbc.ConnectionImpl@28e7bb31
2026-08-28T09:30:58.868+09:00  INFO 3491 --- [           main] com.zaxxer.hikari.HikariDataSource       : HikariPool-1 - Start completed.
2026-08-28T09:30:58.964+09:00  INFO 3491 --- [           main] o.hibernate.jpa.internal.util.LogHelper  : HHH000204: Processing PersistenceUnitInfo [name: default]
2026-08-28T09:30:59.034+09:00  INFO 3491 --- [           main] org.hibernate.Version                    : HHH000412: Hibernate ORM core version 6.3.1.Final
2026-08-28T09:30:59.068+09:00  INFO 3491 --- [           main] o.h.c.internal.RegionFactoryInitiator    : HHH000026: Second-level cache disabled
2026-08-28T09:30:59.295+09:00  INFO 3491 --- [           main] o.s.o.j.p.SpringPersistenceUnitInfo      : No LoadTimeWeaver setup: ignoring JPA class transformer
2026-08-28T09:30:59.359+09:00  WARN 3491 --- [           main] org.hibernate.orm.deprecation            : HHH90000025: MySQLDialect does not need to be specified explicitly using 'hibernate.dialect' (remove the property setting and it will be selected by default)
2026-08-28T09:31:00.187+09:00  INFO 3491 --- [           main] o.h.e.t.j.p.i.JtaPlatformInitiator       : HHH000489: No JTA platform available (set 'hibernate.transaction.jta.platform' to enable JTA platform integration)
2026-08-28T09:31:00.233+09:00  INFO 3491 --- [           main] j.LocalContainerEntityManagerFactoryBean : Initialized JPA EntityManagerFactory for persistence unit 'default'

>>> [PythonRunner] 실행 시작: scripts/excel_to_mysql.py
[Python Log][scripts/excel_to_mysql.py] python3: can't open file '/root/admin/target/scripts/excel_to_mysql.py': [Errno 2] No such file or directory
>>> [PythonRunner] 실행 종료 (scripts/excel_to_mysql.py, 종료 코드: 2)

>>> [PythonRunner] 실행 시작: scripts/airstrike.py
[Python Log][scripts/airstrike.py] python3: can't open file '/root/admin/target/scripts/airstrike.py': [Errno 2] No such file or directory
>>> [PythonRunner] 실행 종료 (scripts/airstrike.py, 종료 코드: 2)

>>> [PythonRunner] 실행 시작: scripts/earthquake.py
[Python Log][scripts/earthquake.py] python3: can't open file '/root/admin/target/scripts/earthquake.py': [Errno 2] No such file or directory
>>> [PythonRunner] 실행 종료 (scripts/earthquake.py, 종료 코드: 2)
2026-08-28T09:31:01.114+09:00  WARN 3491 --- [           main] JpaBaseConfiguration$JpaWebConfiguration : spring.jpa.open-in-view is enabled by default. Therefore, database queries may be performed during view rendering. Explicitly configure spring.jpa.open-in-view to disable this warning
2026-08-28T09:31:01.164+09:00  INFO 3491 --- [           main] o.s.b.a.w.s.WelcomePageHandlerMapping    : Adding welcome page template: index
2026-08-28T09:31:01.959+09:00  INFO 3491 --- [           main] o.s.b.a.e.web.EndpointLinksResolver      : Exposing 1 endpoint(s) beneath base path '/actuator'
2026-08-28T09:31:02.031+09:00  WARN 3491 --- [           main] ConfigServletWebServerApplicationContext : Exception encountered during context initialization - cancelling refresh attempt: org.springframework.context.ApplicationContextException: Failed to start bean 'webServerStartStop'
2026-08-28T09:31:02.034+09:00  INFO 3491 --- [           main] j.LocalContainerEntityManagerFactoryBean : Closing JPA EntityManagerFactory for persistence unit 'default'
2026-08-28T09:31:02.038+09:00  INFO 3491 --- [           main] com.zaxxer.hikari.HikariDataSource       : HikariPool-1 - Shutdown initiated...
2026-08-28T09:31:02.047+09:00  INFO 3491 --- [           main] com.zaxxer.hikari.HikariDataSource       : HikariPool-1 - Shutdown completed.
2026-08-28T09:31:02.070+09:00  INFO 3491 --- [           main] .s.b.a.l.ConditionEvaluationReportLogger : 

Error starting ApplicationContext. To display the condition evaluation report re-run your application with 'debug' enabled.
2026-08-28T09:31:02.087+09:00 ERROR 3491 --- [           main] o.s.boot.SpringApplication               : Application run failed

org.springframework.context.ApplicationContextException: Failed to start bean 'webServerStartStop'
	at org.springframework.context.support.DefaultLifecycleProcessor.doStart(DefaultLifecycleProcessor.java:287) ~[spring-context-6.1.1.jar!/:6.1.1]
	at org.springframework.context.support.DefaultLifecycleProcessor$LifecycleGroup.start(DefaultLifecycleProcessor.java:467) ~[spring-context-6.1.1.jar!/:6.1.1]
	at java.base/java.lang.Iterable.forEach(Iterable.java:75) ~[na:na]
	at org.springframework.context.support.DefaultLifecycleProcessor.startBeans(DefaultLifecycleProcessor.java:256) ~[spring-context-6.1.1.jar!/:6.1.1]
	at org.springframework.context.support.DefaultLifecycleProcessor.onRefresh(DefaultLifecycleProcessor.java:201) ~[spring-context-6.1.1.jar!/:6.1.1]
	at org.springframework.context.support.AbstractApplicationContext.finishRefresh(AbstractApplicationContext.java:965) ~[spring-context-6.1.1.jar!/:6.1.1]
	at org.springframework.context.support.AbstractApplicationContext.refresh(AbstractApplicationContext.java:619) ~[spring-context-6.1.1.jar!/:6.1.1]
	at org.springframework.boot.web.servlet.context.ServletWebServerApplicationContext.refresh(ServletWebServerApplicationContext.java:146) ~[spring-boot-3.2.0.jar!/:3.2.0]
	at org.springframework.boot.SpringApplication.refresh(SpringApplication.java:753) ~[spring-boot-3.2.0.jar!/:3.2.0]
	at org.springframework.boot.SpringApplication.refreshContext(SpringApplication.java:455) ~[spring-boot-3.2.0.jar!/:3.2.0]
	at org.springframework.boot.SpringApplication.run(SpringApplication.java:323) ~[spring-boot-3.2.0.jar!/:3.2.0]
	at org.springframework.boot.SpringApplication.run(SpringApplication.java:1342) ~[spring-boot-3.2.0.jar!/:3.2.0]
	at org.springframework.boot.SpringApplication.run(SpringApplication.java:1331) ~[spring-boot-3.2.0.jar!/:3.2.0]
	at com.example.demo.DemoApplication.main(DemoApplication.java:12) ~[!/:0.0.1-SNAPSHOT]
	at java.base/jdk.internal.reflect.NativeMethodAccessorImpl.invoke0(Native Method) ~[na:na]
	at java.base/jdk.internal.reflect.NativeMethodAccessorImpl.invoke(NativeMethodAccessorImpl.java:77) ~[na:na]
	at java.base/jdk.internal.reflect.DelegatingMethodAccessorImpl.invoke(DelegatingMethodAccessorImpl.java:43) ~[na:na]
	at java.base/java.lang.reflect.Method.invoke(Method.java:569) ~[na:na]
	at org.springframework.boot.loader.launch.Launcher.launch(Launcher.java:91) ~[demo-0.0.1-SNAPSHOT.jar:0.0.1-SNAPSHOT]
	at org.springframework.boot.loader.launch.Launcher.launch(Launcher.java:53) ~[demo-0.0.1-SNAPSHOT.jar:0.0.1-SNAPSHOT]
	at org.springframework.boot.loader.launch.JarLauncher.main(JarLauncher.java:58) ~[demo-0.0.1-SNAPSHOT.jar:0.0.1-SNAPSHOT]
Caused by: org.springframework.boot.web.server.WebServerException: Unable to start embedded Tomcat server
	at org.springframework.boot.web.embedded.tomcat.TomcatWebServer.start(TomcatWebServer.java:229) ~[spring-boot-3.2.0.jar!/:3.2.0]
	at org.springframework.boot.web.servlet.context.WebServerStartStopLifecycle.start(WebServerStartStopLifecycle.java:44) ~[spring-boot-3.2.0.jar!/:3.2.0]
	at org.springframework.context.support.DefaultLifecycleProcessor.doStart(DefaultLifecycleProcessor.java:284) ~[spring-context-6.1.1.jar!/:6.1.1]
	... 20 common frames omitted
Caused by: java.lang.IllegalArgumentException: standardService.connector.startFailed
	at org.apache.catalina.core.StandardService.addConnector(StandardService.java:235) ~[tomcat-embed-core-10.1.16.jar!/:na]
	at org.springframework.boot.web.embedded.tomcat.TomcatWebServer.addPreviouslyRemovedConnectors(TomcatWebServer.java:286) ~[spring-boot-3.2.0.jar!/:3.2.0]
	at org.springframework.boot.web.embedded.tomcat.TomcatWebServer.start(TomcatWebServer.java:214) ~[spring-boot-3.2.0.jar!/:3.2.0]
	... 22 common frames omitted
Caused by: org.apache.catalina.LifecycleException: Protocol handler start failed
	at org.apache.catalina.connector.Connector.startInternal(Connector.java:1046) ~[tomcat-embed-core-10.1.16.jar!/:na]
	at org.apache.catalina.util.LifecycleBase.start(LifecycleBase.java:171) ~[tomcat-embed-core-10.1.16.jar!/:na]
	at org.apache.catalina.core.StandardService.addConnector(StandardService.java:232) ~[tomcat-embed-core-10.1.16.jar!/:na]
	... 24 common frames omitted
Caused by: java.net.BindException: 주소가 이미 사용 중입니다
	at java.base/sun.nio.ch.Net.bind0(Native Method) ~[na:na]
	at java.base/sun.nio.ch.Net.bind(Net.java:567) ~[na:na]
	at java.base/sun.nio.ch.ServerSocketChannelImpl.netBind(ServerSocketChannelImpl.java:337) ~[na:na]
	at java.base/sun.nio.ch.ServerSocketChannelImpl.bind(ServerSocketChannelImpl.java:294) ~[na:na]
	at org.apache.tomcat.util.net.NioEndpoint.initServerSocket(NioEndpoint.java:247) ~[tomcat-embed-core-10.1.16.jar!/:na]
	at org.apache.tomcat.util.net.NioEndpoint.bind(NioEndpoint.java:202) ~[tomcat-embed-core-10.1.16.jar!/:na]
	at org.apache.tomcat.util.net.AbstractEndpoint.bindWithCleanup(AbstractEndpoint.java:1280) ~[tomcat-embed-core-10.1.16.jar!/:na]
	at org.apache.tomcat.util.net.AbstractEndpoint.start(AbstractEndpoint.java:1366) ~[tomcat-embed-core-10.1.16.jar!/:na]
	at org.apache.coyote.AbstractProtocol.start(AbstractProtocol.java:635) ~[tomcat-embed-core-10.1.16.jar!/:na]
	at org.apache.catalina.connector.Connector.startInternal(Connector.java:1043) ~[tomcat-embed-core-10.1.16.jar!/:na]
	... 26 common frames omitted


  .   ____          _            __ _ _
 /\\ / ___'_ __ _ _(_)_ __  __ _ \ \ \ \
( ( )\___ | '_ | '_| | '_ \/ _` | \ \ \ \
 \\/  ___)| |_)| | | | | || (_| |  ) ) ) )
  '  |____| .__|_| |_|_| |_\__, | / / / /
 =========|_|==============|___/=/_/_/_/
 :: Spring Boot ::                (v3.2.0)

2026-08-28T09:57:50.427+09:00  INFO 3698 --- [           main] com.example.demo.DemoApplication         : Starting DemoApplication v0.0.1-SNAPSHOT using Java 17.0.20.1 with PID 3698 (/root/admin/target/demo-0.0.1-SNAPSHOT.jar started by root in /root/admin/target)
2026-08-28T09:57:50.429+09:00  INFO 3698 --- [           main] com.example.demo.DemoApplication         : No active profile set, falling back to 1 default profile: "default"
2026-08-28T09:57:51.759+09:00  INFO 3698 --- [           main] .s.d.r.c.RepositoryConfigurationDelegate : Bootstrapping Spring Data JPA repositories in DEFAULT mode.
2026-08-28T09:57:51.840+09:00  INFO 3698 --- [           main] .s.d.r.c.RepositoryConfigurationDelegate : Finished Spring Data repository scanning in 73 ms. Found 5 JPA repository interfaces.
2026-08-28T09:57:52.773+09:00  INFO 3698 --- [           main] o.s.b.w.embedded.tomcat.TomcatWebServer  : Tomcat initialized with port 8080 (http)
2026-08-28T09:57:52.784+09:00  INFO 3698 --- [           main] o.apache.catalina.core.StandardService   : Starting service [Tomcat]
2026-08-28T09:57:52.784+09:00  INFO 3698 --- [           main] o.apache.catalina.core.StandardEngine    : Starting Servlet engine: [Apache Tomcat/10.1.16]
2026-08-28T09:57:52.836+09:00  INFO 3698 --- [           main] o.a.c.c.C.[Tomcat].[localhost].[/]       : Initializing Spring embedded WebApplicationContext
2026-08-28T09:57:52.837+09:00  INFO 3698 --- [           main] w.s.c.ServletWebServerApplicationContext : Root WebApplicationContext: initialization completed in 2287 ms
2026-08-28T09:57:53.150+09:00  INFO 3698 --- [           main] com.zaxxer.hikari.HikariDataSource       : HikariPool-1 - Starting...
2026-08-28T09:57:53.389+09:00  INFO 3698 --- [           main] com.zaxxer.hikari.pool.HikariPool        : HikariPool-1 - Added connection com.mysql.cj.jdbc.ConnectionImpl@7f426ddd
2026-08-28T09:57:53.391+09:00  INFO 3698 --- [           main] com.zaxxer.hikari.HikariDataSource       : HikariPool-1 - Start completed.
2026-08-28T09:57:53.521+09:00  INFO 3698 --- [           main] o.hibernate.jpa.internal.util.LogHelper  : HHH000204: Processing PersistenceUnitInfo [name: default]
2026-08-28T09:57:53.602+09:00  INFO 3698 --- [           main] org.hibernate.Version                    : HHH000412: Hibernate ORM core version 6.3.1.Final
2026-08-28T09:57:53.642+09:00  INFO 3698 --- [           main] o.h.c.internal.RegionFactoryInitiator    : HHH000026: Second-level cache disabled
2026-08-28T09:57:53.905+09:00  INFO 3698 --- [           main] o.s.o.j.p.SpringPersistenceUnitInfo      : No LoadTimeWeaver setup: ignoring JPA class transformer
2026-08-28T09:57:53.968+09:00  WARN 3698 --- [           main] org.hibernate.orm.deprecation            : HHH90000025: MySQLDialect does not need to be specified explicitly using 'hibernate.dialect' (remove the property setting and it will be selected by default)
2026-08-28T09:57:54.701+09:00  INFO 3698 --- [           main] o.h.e.t.j.p.i.JtaPlatformInitiator       : HHH000489: No JTA platform available (set 'hibernate.transaction.jta.platform' to enable JTA platform integration)
2026-08-28T09:57:54.746+09:00  INFO 3698 --- [           main] j.LocalContainerEntityManagerFactoryBean : Initialized JPA EntityManagerFactory for persistence unit 'default'

>>> [PythonRunner] 실행 시작: scripts/excel_to_mysql.py
[Python Log][scripts/excel_to_mysql.py] python3: can't open file '/root/admin/target/scripts/excel_to_mysql.py': [Errno 2] No such file or directory
>>> [PythonRunner] 실행 종료 (scripts/excel_to_mysql.py, 종료 코드: 2)

>>> [PythonRunner] 실행 시작: scripts/airstrike.py
[Python Log][scripts/airstrike.py] python3: can't open file '/root/admin/target/scripts/airstrike.py': [Errno 2] No such file or directory
>>> [PythonRunner] 실행 종료 (scripts/airstrike.py, 종료 코드: 2)

>>> [PythonRunner] 실행 시작: scripts/earthquake.py
[Python Log][scripts/earthquake.py] python3: can't open file '/root/admin/target/scripts/earthquake.py': [Errno 2] No such file or directory
>>> [PythonRunner] 실행 종료 (scripts/earthquake.py, 종료 코드: 2)
2026-08-28T09:57:55.813+09:00  WARN 3698 --- [           main] JpaBaseConfiguration$JpaWebConfiguration : spring.jpa.open-in-view is enabled by default. Therefore, database queries may be performed during view rendering. Explicitly configure spring.jpa.open-in-view to disable this warning
2026-08-28T09:57:55.868+09:00  INFO 3698 --- [           main] o.s.b.a.w.s.WelcomePageHandlerMapping    : Adding welcome page template: index
2026-08-28T09:57:56.798+09:00  INFO 3698 --- [           main] o.s.b.a.e.web.EndpointLinksResolver      : Exposing 1 endpoint(s) beneath base path '/actuator'
2026-08-28T09:57:56.895+09:00  WARN 3698 --- [           main] ConfigServletWebServerApplicationContext : Exception encountered during context initialization - cancelling refresh attempt: org.springframework.context.ApplicationContextException: Failed to start bean 'webServerStartStop'
2026-08-28T09:57:56.898+09:00  INFO 3698 --- [           main] j.LocalContainerEntityManagerFactoryBean : Closing JPA EntityManagerFactory for persistence unit 'default'
2026-08-28T09:57:56.901+09:00  INFO 3698 --- [           main] com.zaxxer.hikari.HikariDataSource       : HikariPool-1 - Shutdown initiated...
2026-08-28T09:57:56.913+09:00  INFO 3698 --- [           main] com.zaxxer.hikari.HikariDataSource       : HikariPool-1 - Shutdown completed.
2026-08-28T09:57:56.940+09:00  INFO 3698 --- [           main] .s.b.a.l.ConditionEvaluationReportLogger : 

Error starting ApplicationContext. To display the condition evaluation report re-run your application with 'debug' enabled.
2026-08-28T09:57:56.963+09:00 ERROR 3698 --- [           main] o.s.boot.SpringApplication               : Application run failed

org.springframework.context.ApplicationContextException: Failed to start bean 'webServerStartStop'
	at org.springframework.context.support.DefaultLifecycleProcessor.doStart(DefaultLifecycleProcessor.java:287) ~[spring-context-6.1.1.jar!/:6.1.1]
	at org.springframework.context.support.DefaultLifecycleProcessor$LifecycleGroup.start(DefaultLifecycleProcessor.java:467) ~[spring-context-6.1.1.jar!/:6.1.1]
	at java.base/java.lang.Iterable.forEach(Iterable.java:75) ~[na:na]
	at org.springframework.context.support.DefaultLifecycleProcessor.startBeans(DefaultLifecycleProcessor.java:256) ~[spring-context-6.1.1.jar!/:6.1.1]
	at org.springframework.context.support.DefaultLifecycleProcessor.onRefresh(DefaultLifecycleProcessor.java:201) ~[spring-context-6.1.1.jar!/:6.1.1]
	at org.springframework.context.support.AbstractApplicationContext.finishRefresh(AbstractApplicationContext.java:965) ~[spring-context-6.1.1.jar!/:6.1.1]
	at org.springframework.context.support.AbstractApplicationContext.refresh(AbstractApplicationContext.java:619) ~[spring-context-6.1.1.jar!/:6.1.1]
	at org.springframework.boot.web.servlet.context.ServletWebServerApplicationContext.refresh(ServletWebServerApplicationContext.java:146) ~[spring-boot-3.2.0.jar!/:3.2.0]
	at org.springframework.boot.SpringApplication.refresh(SpringApplication.java:753) ~[spring-boot-3.2.0.jar!/:3.2.0]
	at org.springframework.boot.SpringApplication.refreshContext(SpringApplication.java:455) ~[spring-boot-3.2.0.jar!/:3.2.0]
	at org.springframework.boot.SpringApplication.run(SpringApplication.java:323) ~[spring-boot-3.2.0.jar!/:3.2.0]
	at org.springframework.boot.SpringApplication.run(SpringApplication.java:1342) ~[spring-boot-3.2.0.jar!/:3.2.0]
	at org.springframework.boot.SpringApplication.run(SpringApplication.java:1331) ~[spring-boot-3.2.0.jar!/:3.2.0]
	at com.example.demo.DemoApplication.main(DemoApplication.java:12) ~[!/:0.0.1-SNAPSHOT]
	at java.base/jdk.internal.reflect.NativeMethodAccessorImpl.invoke0(Native Method) ~[na:na]
	at java.base/jdk.internal.reflect.NativeMethodAccessorImpl.invoke(NativeMethodAccessorImpl.java:77) ~[na:na]
	at java.base/jdk.internal.reflect.DelegatingMethodAccessorImpl.invoke(DelegatingMethodAccessorImpl.java:43) ~[na:na]
	at java.base/java.lang.reflect.Method.invoke(Method.java:569) ~[na:na]
	at org.springframework.boot.loader.launch.Launcher.launch(Launcher.java:91) ~[demo-0.0.1-SNAPSHOT.jar:0.0.1-SNAPSHOT]
	at org.springframework.boot.loader.launch.Launcher.launch(Launcher.java:53) ~[demo-0.0.1-SNAPSHOT.jar:0.0.1-SNAPSHOT]
	at org.springframework.boot.loader.launch.JarLauncher.main(JarLauncher.java:58) ~[demo-0.0.1-SNAPSHOT.jar:0.0.1-SNAPSHOT]
Caused by: org.springframework.boot.web.server.WebServerException: Unable to start embedded Tomcat server
	at org.springframework.boot.web.embedded.tomcat.TomcatWebServer.start(TomcatWebServer.java:229) ~[spring-boot-3.2.0.jar!/:3.2.0]
	at org.springframework.boot.web.servlet.context.WebServerStartStopLifecycle.start(WebServerStartStopLifecycle.java:44) ~[spring-boot-3.2.0.jar!/:3.2.0]
	at org.springframework.context.support.DefaultLifecycleProcessor.doStart(DefaultLifecycleProcessor.java:284) ~[spring-context-6.1.1.jar!/:6.1.1]
	... 20 common frames omitted
Caused by: java.lang.IllegalArgumentException: standardService.connector.startFailed
	at org.apache.catalina.core.StandardService.addConnector(StandardService.java:235) ~[tomcat-embed-core-10.1.16.jar!/:na]
	at org.springframework.boot.web.embedded.tomcat.TomcatWebServer.addPreviouslyRemovedConnectors(TomcatWebServer.java:286) ~[spring-boot-3.2.0.jar!/:3.2.0]
	at org.springframework.boot.web.embedded.tomcat.TomcatWebServer.start(TomcatWebServer.java:214) ~[spring-boot-3.2.0.jar!/:3.2.0]
	... 22 common frames omitted
Caused by: org.apache.catalina.LifecycleException: Protocol handler start failed
	at org.apache.catalina.connector.Connector.startInternal(Connector.java:1046) ~[tomcat-embed-core-10.1.16.jar!/:na]
	at org.apache.catalina.util.LifecycleBase.start(LifecycleBase.java:171) ~[tomcat-embed-core-10.1.16.jar!/:na]
	at org.apache.catalina.core.StandardService.addConnector(StandardService.java:232) ~[tomcat-embed-core-10.1.16.jar!/:na]
	... 24 common frames omitted
Caused by: java.net.BindException: 주소가 이미 사용 중입니다
	at java.base/sun.nio.ch.Net.bind0(Native Method) ~[na:na]
	at java.base/sun.nio.ch.Net.bind(Net.java:567) ~[na:na]
	at java.base/sun.nio.ch.ServerSocketChannelImpl.netBind(ServerSocketChannelImpl.java:337) ~[na:na]
	at java.base/sun.nio.ch.ServerSocketChannelImpl.bind(ServerSocketChannelImpl.java:294) ~[na:na]
	at org.apache.tomcat.util.net.NioEndpoint.initServerSocket(NioEndpoint.java:247) ~[tomcat-embed-core-10.1.16.jar!/:na]
	at org.apache.tomcat.util.net.NioEndpoint.bind(NioEndpoint.java:202) ~[tomcat-embed-core-10.1.16.jar!/:na]
	at org.apache.tomcat.util.net.AbstractEndpoint.bindWithCleanup(AbstractEndpoint.java:1280) ~[tomcat-embed-core-10.1.16.jar!/:na]
	at org.apache.tomcat.util.net.AbstractEndpoint.start(AbstractEndpoint.java:1366) ~[tomcat-embed-core-10.1.16.jar!/:na]
	at org.apache.coyote.AbstractProtocol.start(AbstractProtocol.java:635) ~[tomcat-embed-core-10.1.16.jar!/:na]
	at org.apache.catalina.connector.Connector.startInternal(Connector.java:1043) ~[tomcat-embed-core-10.1.16.jar!/:na]
	... 26 common frames omitted


  .   ____          _            __ _ _
 /\\ / ___'_ __ _ _(_)_ __  __ _ \ \ \ \
( ( )\___ | '_ | '_| | '_ \/ _` | \ \ \ \
 \\/  ___)| |_)| | | | | || (_| |  ) ) ) )
  '  |____| .__|_| |_|_| |_\__, | / / / /
 =========|_|==============|___/=/_/_/_/
 :: Spring Boot ::                (v3.2.0)

2026-08-28T09:59:13.317+09:00  INFO 3728 --- [           main] com.example.demo.DemoApplication         : Starting DemoApplication v0.0.1-SNAPSHOT using Java 17.0.20.1 with PID 3728 (/root/admin/target/demo-0.0.1-SNAPSHOT.jar started by root in /root/admin/target)
2026-08-28T09:59:13.342+09:00  INFO 3728 --- [           main] com.example.demo.DemoApplication         : No active profile set, falling back to 1 default profile: "default"
2026-08-28T09:59:14.727+09:00  INFO 3728 --- [           main] .s.d.r.c.RepositoryConfigurationDelegate : Bootstrapping Spring Data JPA repositories in DEFAULT mode.
2026-08-28T09:59:14.797+09:00  INFO 3728 --- [           main] .s.d.r.c.RepositoryConfigurationDelegate : Finished Spring Data repository scanning in 63 ms. Found 5 JPA repository interfaces.
2026-08-28T09:59:15.585+09:00  INFO 3728 --- [           main] o.s.b.w.embedded.tomcat.TomcatWebServer  : Tomcat initialized with port 8080 (http)
2026-08-28T09:59:15.593+09:00  INFO 3728 --- [           main] o.apache.catalina.core.StandardService   : Starting service [Tomcat]
2026-08-28T09:59:15.594+09:00  INFO 3728 --- [           main] o.apache.catalina.core.StandardEngine    : Starting Servlet engine: [Apache Tomcat/10.1.16]
2026-08-28T09:59:15.629+09:00  INFO 3728 --- [           main] o.a.c.c.C.[Tomcat].[localhost].[/]       : Initializing Spring embedded WebApplicationContext
2026-08-28T09:59:15.630+09:00  INFO 3728 --- [           main] w.s.c.ServletWebServerApplicationContext : Root WebApplicationContext: initialization completed in 2188 ms
2026-08-28T09:59:15.885+09:00  INFO 3728 --- [           main] com.zaxxer.hikari.HikariDataSource       : HikariPool-1 - Starting...
2026-08-28T09:59:16.074+09:00  INFO 3728 --- [           main] com.zaxxer.hikari.pool.HikariPool        : HikariPool-1 - Added connection com.mysql.cj.jdbc.ConnectionImpl@7f426ddd
2026-08-28T09:59:16.076+09:00  INFO 3728 --- [           main] com.zaxxer.hikari.HikariDataSource       : HikariPool-1 - Start completed.
2026-08-28T09:59:16.169+09:00  INFO 3728 --- [           main] o.hibernate.jpa.internal.util.LogHelper  : HHH000204: Processing PersistenceUnitInfo [name: default]
2026-08-28T09:59:16.217+09:00  INFO 3728 --- [           main] org.hibernate.Version                    : HHH000412: Hibernate ORM core version 6.3.1.Final
2026-08-28T09:59:16.246+09:00  INFO 3728 --- [           main] o.h.c.internal.RegionFactoryInitiator    : HHH000026: Second-level cache disabled
2026-08-28T09:59:16.447+09:00  INFO 3728 --- [           main] o.s.o.j.p.SpringPersistenceUnitInfo      : No LoadTimeWeaver setup: ignoring JPA class transformer
2026-08-28T09:59:16.518+09:00  WARN 3728 --- [           main] org.hibernate.orm.deprecation            : HHH90000025: MySQLDialect does not need to be specified explicitly using 'hibernate.dialect' (remove the property setting and it will be selected by default)
2026-08-28T09:59:17.213+09:00  INFO 3728 --- [           main] o.h.e.t.j.p.i.JtaPlatformInitiator       : HHH000489: No JTA platform available (set 'hibernate.transaction.jta.platform' to enable JTA platform integration)
2026-08-28T09:59:17.268+09:00  INFO 3728 --- [           main] j.LocalContainerEntityManagerFactoryBean : Initialized JPA EntityManagerFactory for persistence unit 'default'

>>> [PythonRunner] 실행 시작: scripts/excel_to_mysql.py
[Python Log][scripts/excel_to_mysql.py] python3: can't open file '/root/admin/target/scripts/excel_to_mysql.py': [Errno 2] No such file or directory
>>> [PythonRunner] 실행 종료 (scripts/excel_to_mysql.py, 종료 코드: 2)

>>> [PythonRunner] 실행 시작: scripts/airstrike.py
[Python Log][scripts/airstrike.py] python3: can't open file '/root/admin/target/scripts/airstrike.py': [Errno 2] No such file or directory
>>> [PythonRunner] 실행 종료 (scripts/airstrike.py, 종료 코드: 2)

>>> [PythonRunner] 실행 시작: scripts/earthquake.py
[Python Log][scripts/earthquake.py] python3: can't open file '/root/admin/target/scripts/earthquake.py': [Errno 2] No such file or directory
>>> [PythonRunner] 실행 종료 (scripts/earthquake.py, 종료 코드: 2)
2026-08-28T09:59:17.992+09:00  WARN 3728 --- [           main] JpaBaseConfiguration$JpaWebConfiguration : spring.jpa.open-in-view is enabled by default. Therefore, database queries may be performed during view rendering. Explicitly configure spring.jpa.open-in-view to disable this warning
2026-08-28T09:59:18.038+09:00  INFO 3728 --- [           main] o.s.b.a.w.s.WelcomePageHandlerMapping    : Adding welcome page template: index
2026-08-28T09:59:18.737+09:00  INFO 3728 --- [           main] o.s.b.a.e.web.EndpointLinksResolver      : Exposing 1 endpoint(s) beneath base path '/actuator'
2026-08-28T09:59:18.816+09:00  WARN 3728 --- [           main] ConfigServletWebServerApplicationContext : Exception encountered during context initialization - cancelling refresh attempt: org.springframework.context.ApplicationContextException: Failed to start bean 'webServerStartStop'
2026-08-28T09:59:18.818+09:00  INFO 3728 --- [           main] j.LocalContainerEntityManagerFactoryBean : Closing JPA EntityManagerFactory for persistence unit 'default'
2026-08-28T09:59:18.821+09:00  INFO 3728 --- [           main] com.zaxxer.hikari.HikariDataSource       : HikariPool-1 - Shutdown initiated...
2026-08-28T09:59:18.832+09:00  INFO 3728 --- [           main] com.zaxxer.hikari.HikariDataSource       : HikariPool-1 - Shutdown completed.
2026-08-28T09:59:18.853+09:00  INFO 3728 --- [           main] .s.b.a.l.ConditionEvaluationReportLogger : 

Error starting ApplicationContext. To display the condition evaluation report re-run your application with 'debug' enabled.
2026-08-28T09:59:18.872+09:00 ERROR 3728 --- [           main] o.s.boot.SpringApplication               : Application run failed

org.springframework.context.ApplicationContextException: Failed to start bean 'webServerStartStop'
	at org.springframework.context.support.DefaultLifecycleProcessor.doStart(DefaultLifecycleProcessor.java:287) ~[spring-context-6.1.1.jar!/:6.1.1]
	at org.springframework.context.support.DefaultLifecycleProcessor$LifecycleGroup.start(DefaultLifecycleProcessor.java:467) ~[spring-context-6.1.1.jar!/:6.1.1]
	at java.base/java.lang.Iterable.forEach(Iterable.java:75) ~[na:na]
	at org.springframework.context.support.DefaultLifecycleProcessor.startBeans(DefaultLifecycleProcessor.java:256) ~[spring-context-6.1.1.jar!/:6.1.1]
	at org.springframework.context.support.DefaultLifecycleProcessor.onRefresh(DefaultLifecycleProcessor.java:201) ~[spring-context-6.1.1.jar!/:6.1.1]
	at org.springframework.context.support.AbstractApplicationContext.finishRefresh(AbstractApplicationContext.java:965) ~[spring-context-6.1.1.jar!/:6.1.1]
	at org.springframework.context.support.AbstractApplicationContext.refresh(AbstractApplicationContext.java:619) ~[spring-context-6.1.1.jar!/:6.1.1]
	at org.springframework.boot.web.servlet.context.ServletWebServerApplicationContext.refresh(ServletWebServerApplicationContext.java:146) ~[spring-boot-3.2.0.jar!/:3.2.0]
	at org.springframework.boot.SpringApplication.refresh(SpringApplication.java:753) ~[spring-boot-3.2.0.jar!/:3.2.0]
	at org.springframework.boot.SpringApplication.refreshContext(SpringApplication.java:455) ~[spring-boot-3.2.0.jar!/:3.2.0]
	at org.springframework.boot.SpringApplication.run(SpringApplication.java:323) ~[spring-boot-3.2.0.jar!/:3.2.0]
	at org.springframework.boot.SpringApplication.run(SpringApplication.java:1342) ~[spring-boot-3.2.0.jar!/:3.2.0]
	at org.springframework.boot.SpringApplication.run(SpringApplication.java:1331) ~[spring-boot-3.2.0.jar!/:3.2.0]
	at com.example.demo.DemoApplication.main(DemoApplication.java:12) ~[!/:0.0.1-SNAPSHOT]
	at java.base/jdk.internal.reflect.NativeMethodAccessorImpl.invoke0(Native Method) ~[na:na]
	at java.base/jdk.internal.reflect.NativeMethodAccessorImpl.invoke(NativeMethodAccessorImpl.java:77) ~[na:na]
	at java.base/jdk.internal.reflect.DelegatingMethodAccessorImpl.invoke(DelegatingMethodAccessorImpl.java:43) ~[na:na]
	at java.base/java.lang.reflect.Method.invoke(Method.java:569) ~[na:na]
	at org.springframework.boot.loader.launch.Launcher.launch(Launcher.java:91) ~[demo-0.0.1-SNAPSHOT.jar:0.0.1-SNAPSHOT]
	at org.springframework.boot.loader.launch.Launcher.launch(Launcher.java:53) ~[demo-0.0.1-SNAPSHOT.jar:0.0.1-SNAPSHOT]
	at org.springframework.boot.loader.launch.JarLauncher.main(JarLauncher.java:58) ~[demo-0.0.1-SNAPSHOT.jar:0.0.1-SNAPSHOT]
Caused by: org.springframework.boot.web.server.WebServerException: Unable to start embedded Tomcat server
	at org.springframework.boot.web.embedded.tomcat.TomcatWebServer.start(TomcatWebServer.java:229) ~[spring-boot-3.2.0.jar!/:3.2.0]
	at org.springframework.boot.web.servlet.context.WebServerStartStopLifecycle.start(WebServerStartStopLifecycle.java:44) ~[spring-boot-3.2.0.jar!/:3.2.0]
	at org.springframework.context.support.DefaultLifecycleProcessor.doStart(DefaultLifecycleProcessor.java:284) ~[spring-context-6.1.1.jar!/:6.1.1]
	... 20 common frames omitted
Caused by: java.lang.IllegalArgumentException: standardService.connector.startFailed
	at org.apache.catalina.core.StandardService.addConnector(StandardService.java:235) ~[tomcat-embed-core-10.1.16.jar!/:na]
	at org.springframework.boot.web.embedded.tomcat.TomcatWebServer.addPreviouslyRemovedConnectors(TomcatWebServer.java:286) ~[spring-boot-3.2.0.jar!/:3.2.0]
	at org.springframework.boot.web.embedded.tomcat.TomcatWebServer.start(TomcatWebServer.java:214) ~[spring-boot-3.2.0.jar!/:3.2.0]
	... 22 common frames omitted
Caused by: org.apache.catalina.LifecycleException: Protocol handler start failed
	at org.apache.catalina.connector.Connector.startInternal(Connector.java:1046) ~[tomcat-embed-core-10.1.16.jar!/:na]
	at org.apache.catalina.util.LifecycleBase.start(LifecycleBase.java:171) ~[tomcat-embed-core-10.1.16.jar!/:na]
	at org.apache.catalina.core.StandardService.addConnector(StandardService.java:232) ~[tomcat-embed-core-10.1.16.jar!/:na]
	... 24 common frames omitted
Caused by: java.net.BindException: 주소가 이미 사용 중입니다
	at java.base/sun.nio.ch.Net.bind0(Native Method) ~[na:na]
	at java.base/sun.nio.ch.Net.bind(Net.java:567) ~[na:na]
	at java.base/sun.nio.ch.ServerSocketChannelImpl.netBind(ServerSocketChannelImpl.java:337) ~[na:na]
	at java.base/sun.nio.ch.ServerSocketChannelImpl.bind(ServerSocketChannelImpl.java:294) ~[na:na]
	at org.apache.tomcat.util.net.NioEndpoint.initServerSocket(NioEndpoint.java:247) ~[tomcat-embed-core-10.1.16.jar!/:na]
	at org.apache.tomcat.util.net.NioEndpoint.bind(NioEndpoint.java:202) ~[tomcat-embed-core-10.1.16.jar!/:na]
	at org.apache.tomcat.util.net.AbstractEndpoint.bindWithCleanup(AbstractEndpoint.java:1280) ~[tomcat-embed-core-10.1.16.jar!/:na]
	at org.apache.tomcat.util.net.AbstractEndpoint.start(AbstractEndpoint.java:1366) ~[tomcat-embed-core-10.1.16.jar!/:na]
	at org.apache.coyote.AbstractProtocol.start(AbstractProtocol.java:635) ~[tomcat-embed-core-10.1.16.jar!/:na]
	at org.apache.catalina.connector.Connector.startInternal(Connector.java:1043) ~[tomcat-embed-core-10.1.16.jar!/:na]
	... 26 common frames omitted


  .   ____          _            __ _ _
 /\\ / ___'_ __ _ _(_)_ __  __ _ \ \ \ \
( ( )\___ | '_ | '_| | '_ \/ _` | \ \ \ \
 \\/  ___)| |_)| | | | | || (_| |  ) ) ) )
  '  |____| .__|_| |_|_| |_\__, | / / / /
 =========|_|==============|___/=/_/_/_/
 :: Spring Boot ::                (v3.2.0)

2026-08-28T10:05:34.131+09:00  INFO 3779 --- [           main] com.example.demo.DemoApplication         : Starting DemoApplication v0.0.1-SNAPSHOT using Java 17.0.20.1 with PID 3779 (/root/admin/target/demo-0.0.1-SNAPSHOT.jar started by root in /root/admin/target)
2026-08-28T10:05:34.134+09:00  INFO 3779 --- [           main] com.example.demo.DemoApplication         : No active profile set, falling back to 1 default profile: "default"
2026-08-28T10:05:35.553+09:00  INFO 3779 --- [           main] .s.d.r.c.RepositoryConfigurationDelegate : Bootstrapping Spring Data JPA repositories in DEFAULT mode.
2026-08-28T10:05:35.625+09:00  INFO 3779 --- [           main] .s.d.r.c.RepositoryConfigurationDelegate : Finished Spring Data repository scanning in 63 ms. Found 5 JPA repository interfaces.
2026-08-28T10:05:36.321+09:00  INFO 3779 --- [           main] o.s.b.w.embedded.tomcat.TomcatWebServer  : Tomcat initialized with port 8080 (http)
2026-08-28T10:05:36.329+09:00  INFO 3779 --- [           main] o.apache.catalina.core.StandardService   : Starting service [Tomcat]
2026-08-28T10:05:36.330+09:00  INFO 3779 --- [           main] o.apache.catalina.core.StandardEngine    : Starting Servlet engine: [Apache Tomcat/10.1.16]
2026-08-28T10:05:36.371+09:00  INFO 3779 --- [           main] o.a.c.c.C.[Tomcat].[localhost].[/]       : Initializing Spring embedded WebApplicationContext
2026-08-28T10:05:36.372+09:00  INFO 3779 --- [           main] w.s.c.ServletWebServerApplicationContext : Root WebApplicationContext: initialization completed in 2105 ms
2026-08-28T10:05:36.667+09:00  INFO 3779 --- [           main] com.zaxxer.hikari.HikariDataSource       : HikariPool-1 - Starting...
2026-08-28T10:05:36.868+09:00  INFO 3779 --- [           main] com.zaxxer.hikari.pool.HikariPool        : HikariPool-1 - Added connection com.mysql.cj.jdbc.ConnectionImpl@da09250
2026-08-28T10:05:36.869+09:00  INFO 3779 --- [           main] com.zaxxer.hikari.HikariDataSource       : HikariPool-1 - Start completed.
2026-08-28T10:05:36.971+09:00  INFO 3779 --- [           main] o.hibernate.jpa.internal.util.LogHelper  : HHH000204: Processing PersistenceUnitInfo [name: default]
2026-08-28T10:05:37.026+09:00  INFO 3779 --- [           main] org.hibernate.Version                    : HHH000412: Hibernate ORM core version 6.3.1.Final
2026-08-28T10:05:37.059+09:00  INFO 3779 --- [           main] o.h.c.internal.RegionFactoryInitiator    : HHH000026: Second-level cache disabled
2026-08-28T10:05:37.278+09:00  INFO 3779 --- [           main] o.s.o.j.p.SpringPersistenceUnitInfo      : No LoadTimeWeaver setup: ignoring JPA class transformer
2026-08-28T10:05:37.339+09:00  WARN 3779 --- [           main] org.hibernate.orm.deprecation            : HHH90000025: MySQLDialect does not need to be specified explicitly using 'hibernate.dialect' (remove the property setting and it will be selected by default)
2026-08-28T10:05:38.045+09:00  INFO 3779 --- [           main] o.h.e.t.j.p.i.JtaPlatformInitiator       : HHH000489: No JTA platform available (set 'hibernate.transaction.jta.platform' to enable JTA platform integration)
2026-08-28T10:05:38.085+09:00  INFO 3779 --- [           main] j.LocalContainerEntityManagerFactoryBean : Initialized JPA EntityManagerFactory for persistence unit 'default'

>>> [PythonRunner] 실행 시작: scripts/excel_to_mysql.py
[Python Log][scripts/excel_to_mysql.py] python3: can't open file '/root/admin/target/scripts/excel_to_mysql.py': [Errno 2] No such file or directory
>>> [PythonRunner] 실행 종료 (scripts/excel_to_mysql.py, 종료 코드: 2)

>>> [PythonRunner] 실행 시작: scripts/airstrike.py
[Python Log][scripts/airstrike.py] python3: can't open file '/root/admin/target/scripts/airstrike.py': [Errno 2] No such file or directory
>>> [PythonRunner] 실행 종료 (scripts/airstrike.py, 종료 코드: 2)

>>> [PythonRunner] 실행 시작: scripts/earthquake.py
[Python Log][scripts/earthquake.py] python3: can't open file '/root/admin/target/scripts/earthquake.py': [Errno 2] No such file or directory
>>> [PythonRunner] 실행 종료 (scripts/earthquake.py, 종료 코드: 2)
2026-08-28T10:05:38.880+09:00  WARN 3779 --- [           main] JpaBaseConfiguration$JpaWebConfiguration : spring.jpa.open-in-view is enabled by default. Therefore, database queries may be performed during view rendering. Explicitly configure spring.jpa.open-in-view to disable this warning
2026-08-28T10:05:38.926+09:00  INFO 3779 --- [           main] o.s.b.a.w.s.WelcomePageHandlerMapping    : Adding welcome page template: index
2026-08-28T10:05:39.704+09:00  INFO 3779 --- [           main] o.s.b.a.e.web.EndpointLinksResolver      : Exposing 1 endpoint(s) beneath base path '/actuator'
2026-08-28T10:05:39.772+09:00  WARN 3779 --- [           main] ConfigServletWebServerApplicationContext : Exception encountered during context initialization - cancelling refresh attempt: org.springframework.context.ApplicationContextException: Failed to start bean 'webServerStartStop'
2026-08-28T10:05:39.774+09:00  INFO 3779 --- [           main] j.LocalContainerEntityManagerFactoryBean : Closing JPA EntityManagerFactory for persistence unit 'default'
2026-08-28T10:05:39.776+09:00  INFO 3779 --- [           main] com.zaxxer.hikari.HikariDataSource       : HikariPool-1 - Shutdown initiated...
2026-08-28T10:05:39.784+09:00  INFO 3779 --- [           main] com.zaxxer.hikari.HikariDataSource       : HikariPool-1 - Shutdown completed.
2026-08-28T10:05:39.801+09:00  INFO 3779 --- [           main] .s.b.a.l.ConditionEvaluationReportLogger : 

Error starting ApplicationContext. To display the condition evaluation report re-run your application with 'debug' enabled.
2026-08-28T10:05:39.817+09:00 ERROR 3779 --- [           main] o.s.boot.SpringApplication               : Application run failed

org.springframework.context.ApplicationContextException: Failed to start bean 'webServerStartStop'
	at org.springframework.context.support.DefaultLifecycleProcessor.doStart(DefaultLifecycleProcessor.java:287) ~[spring-context-6.1.1.jar!/:6.1.1]
	at org.springframework.context.support.DefaultLifecycleProcessor$LifecycleGroup.start(DefaultLifecycleProcessor.java:467) ~[spring-context-6.1.1.jar!/:6.1.1]
	at java.base/java.lang.Iterable.forEach(Iterable.java:75) ~[na:na]
	at org.springframework.context.support.DefaultLifecycleProcessor.startBeans(DefaultLifecycleProcessor.java:256) ~[spring-context-6.1.1.jar!/:6.1.1]
	at org.springframework.context.support.DefaultLifecycleProcessor.onRefresh(DefaultLifecycleProcessor.java:201) ~[spring-context-6.1.1.jar!/:6.1.1]
	at org.springframework.context.support.AbstractApplicationContext.finishRefresh(AbstractApplicationContext.java:965) ~[spring-context-6.1.1.jar!/:6.1.1]
	at org.springframework.context.support.AbstractApplicationContext.refresh(AbstractApplicationContext.java:619) ~[spring-context-6.1.1.jar!/:6.1.1]
	at org.springframework.boot.web.servlet.context.ServletWebServerApplicationContext.refresh(ServletWebServerApplicationContext.java:146) ~[spring-boot-3.2.0.jar!/:3.2.0]
	at org.springframework.boot.SpringApplication.refresh(SpringApplication.java:753) ~[spring-boot-3.2.0.jar!/:3.2.0]
	at org.springframework.boot.SpringApplication.refreshContext(SpringApplication.java:455) ~[spring-boot-3.2.0.jar!/:3.2.0]
	at org.springframework.boot.SpringApplication.run(SpringApplication.java:323) ~[spring-boot-3.2.0.jar!/:3.2.0]
	at org.springframework.boot.SpringApplication.run(SpringApplication.java:1342) ~[spring-boot-3.2.0.jar!/:3.2.0]
	at org.springframework.boot.SpringApplication.run(SpringApplication.java:1331) ~[spring-boot-3.2.0.jar!/:3.2.0]
	at com.example.demo.DemoApplication.main(DemoApplication.java:12) ~[!/:0.0.1-SNAPSHOT]
	at java.base/jdk.internal.reflect.NativeMethodAccessorImpl.invoke0(Native Method) ~[na:na]
	at java.base/jdk.internal.reflect.NativeMethodAccessorImpl.invoke(NativeMethodAccessorImpl.java:77) ~[na:na]
	at java.base/jdk.internal.reflect.DelegatingMethodAccessorImpl.invoke(DelegatingMethodAccessorImpl.java:43) ~[na:na]
	at java.base/java.lang.reflect.Method.invoke(Method.java:569) ~[na:na]
	at org.springframework.boot.loader.launch.Launcher.launch(Launcher.java:91) ~[demo-0.0.1-SNAPSHOT.jar:0.0.1-SNAPSHOT]
	at org.springframework.boot.loader.launch.Launcher.launch(Launcher.java:53) ~[demo-0.0.1-SNAPSHOT.jar:0.0.1-SNAPSHOT]
	at org.springframework.boot.loader.launch.JarLauncher.main(JarLauncher.java:58) ~[demo-0.0.1-SNAPSHOT.jar:0.0.1-SNAPSHOT]
Caused by: org.springframework.boot.web.server.WebServerException: Unable to start embedded Tomcat server
	at org.springframework.boot.web.embedded.tomcat.TomcatWebServer.start(TomcatWebServer.java:229) ~[spring-boot-3.2.0.jar!/:3.2.0]
	at org.springframework.boot.web.servlet.context.WebServerStartStopLifecycle.start(WebServerStartStopLifecycle.java:44) ~[spring-boot-3.2.0.jar!/:3.2.0]
	at org.springframework.context.support.DefaultLifecycleProcessor.doStart(DefaultLifecycleProcessor.java:284) ~[spring-context-6.1.1.jar!/:6.1.1]
	... 20 common frames omitted
Caused by: java.lang.IllegalArgumentException: standardService.connector.startFailed
	at org.apache.catalina.core.StandardService.addConnector(StandardService.java:235) ~[tomcat-embed-core-10.1.16.jar!/:na]
	at org.springframework.boot.web.embedded.tomcat.TomcatWebServer.addPreviouslyRemovedConnectors(TomcatWebServer.java:286) ~[spring-boot-3.2.0.jar!/:3.2.0]
	at org.springframework.boot.web.embedded.tomcat.TomcatWebServer.start(TomcatWebServer.java:214) ~[spring-boot-3.2.0.jar!/:3.2.0]
	... 22 common frames omitted
Caused by: org.apache.catalina.LifecycleException: Protocol handler start failed
	at org.apache.catalina.connector.Connector.startInternal(Connector.java:1046) ~[tomcat-embed-core-10.1.16.jar!/:na]
	at org.apache.catalina.util.LifecycleBase.start(LifecycleBase.java:171) ~[tomcat-embed-core-10.1.16.jar!/:na]
	at org.apache.catalina.core.StandardService.addConnector(StandardService.java:232) ~[tomcat-embed-core-10.1.16.jar!/:na]
	... 24 common frames omitted
Caused by: java.net.BindException: 주소가 이미 사용 중입니다
	at java.base/sun.nio.ch.Net.bind0(Native Method) ~[na:na]
	at java.base/sun.nio.ch.Net.bind(Net.java:567) ~[na:na]
	at java.base/sun.nio.ch.ServerSocketChannelImpl.netBind(ServerSocketChannelImpl.java:337) ~[na:na]
	at java.base/sun.nio.ch.ServerSocketChannelImpl.bind(ServerSocketChannelImpl.java:294) ~[na:na]
	at org.apache.tomcat.util.net.NioEndpoint.initServerSocket(NioEndpoint.java:247) ~[tomcat-embed-core-10.1.16.jar!/:na]
	at org.apache.tomcat.util.net.NioEndpoint.bind(NioEndpoint.java:202) ~[tomcat-embed-core-10.1.16.jar!/:na]
	at org.apache.tomcat.util.net.AbstractEndpoint.bindWithCleanup(AbstractEndpoint.java:1280) ~[tomcat-embed-core-10.1.16.jar!/:na]
	at org.apache.tomcat.util.net.AbstractEndpoint.start(AbstractEndpoint.java:1366) ~[tomcat-embed-core-10.1.16.jar!/:na]
	at org.apache.coyote.AbstractProtocol.start(AbstractProtocol.java:635) ~[tomcat-embed-core-10.1.16.jar!/:na]
	at org.apache.catalina.connector.Connector.startInternal(Connector.java:1043) ~[tomcat-embed-core-10.1.16.jar!/:na]
	... 26 common frames omitted


  .   ____          _            __ _ _
 /\\ / ___'_ __ _ _(_)_ __  __ _ \ \ \ \
( ( )\___ | '_ | '_| | '_ \/ _` | \ \ \ \
 \\/  ___)| |_)| | | | | || (_| |  ) ) ) )
  '  |____| .__|_| |_|_| |_\__, | / / / /
 =========|_|==============|___/=/_/_/_/
 :: Spring Boot ::                (v3.2.0)

2026-08-28T10:07:51.651+09:00  INFO 3824 --- [           main] com.example.demo.DemoApplication         : Starting DemoApplication v0.0.1-SNAPSHOT using Java 17.0.20.1 with PID 3824 (/root/admin/target/demo-0.0.1-SNAPSHOT.jar started by root in /root/admin/target)
2026-08-28T10:07:51.653+09:00  INFO 3824 --- [           main] com.example.demo.DemoApplication         : No active profile set, falling back to 1 default profile: "default"
2026-08-28T10:07:52.865+09:00  INFO 3824 --- [           main] .s.d.r.c.RepositoryConfigurationDelegate : Bootstrapping Spring Data JPA repositories in DEFAULT mode.
2026-08-28T10:07:52.914+09:00  INFO 3824 --- [           main] .s.d.r.c.RepositoryConfigurationDelegate : Finished Spring Data repository scanning in 43 ms. Found 5 JPA repository interfaces.
2026-08-28T10:07:53.783+09:00  INFO 3824 --- [           main] o.s.b.w.embedded.tomcat.TomcatWebServer  : Tomcat initialized with port 8080 (http)
2026-08-28T10:07:53.791+09:00  INFO 3824 --- [           main] o.apache.catalina.core.StandardService   : Starting service [Tomcat]
2026-08-28T10:07:53.792+09:00  INFO 3824 --- [           main] o.apache.catalina.core.StandardEngine    : Starting Servlet engine: [Apache Tomcat/10.1.16]
2026-08-28T10:07:53.842+09:00  INFO 3824 --- [           main] o.a.c.c.C.[Tomcat].[localhost].[/]       : Initializing Spring embedded WebApplicationContext
2026-08-28T10:07:53.844+09:00  INFO 3824 --- [           main] w.s.c.ServletWebServerApplicationContext : Root WebApplicationContext: initialization completed in 2078 ms
2026-08-28T10:07:54.203+09:00  INFO 3824 --- [           main] com.zaxxer.hikari.HikariDataSource       : HikariPool-1 - Starting...
2026-08-28T10:07:54.402+09:00  INFO 3824 --- [           main] com.zaxxer.hikari.pool.HikariPool        : HikariPool-1 - Added connection com.mysql.cj.jdbc.ConnectionImpl@587f4f63
2026-08-28T10:07:54.403+09:00  INFO 3824 --- [           main] com.zaxxer.hikari.HikariDataSource       : HikariPool-1 - Start completed.
2026-08-28T10:07:54.513+09:00  INFO 3824 --- [           main] o.hibernate.jpa.internal.util.LogHelper  : HHH000204: Processing PersistenceUnitInfo [name: default]
2026-08-28T10:07:54.564+09:00  INFO 3824 --- [           main] org.hibernate.Version                    : HHH000412: Hibernate ORM core version 6.3.1.Final
2026-08-28T10:07:54.599+09:00  INFO 3824 --- [           main] o.h.c.internal.RegionFactoryInitiator    : HHH000026: Second-level cache disabled
2026-08-28T10:07:54.802+09:00  INFO 3824 --- [           main] o.s.o.j.p.SpringPersistenceUnitInfo      : No LoadTimeWeaver setup: ignoring JPA class transformer
2026-08-28T10:07:54.870+09:00  WARN 3824 --- [           main] org.hibernate.orm.deprecation            : HHH90000025: MySQLDialect does not need to be specified explicitly using 'hibernate.dialect' (remove the property setting and it will be selected by default)
2026-08-28T10:07:55.639+09:00  INFO 3824 --- [           main] o.h.e.t.j.p.i.JtaPlatformInitiator       : HHH000489: No JTA platform available (set 'hibernate.transaction.jta.platform' to enable JTA platform integration)
2026-08-28T10:07:55.693+09:00  INFO 3824 --- [           main] j.LocalContainerEntityManagerFactoryBean : Initialized JPA EntityManagerFactory for persistence unit 'default'

>>> [PythonRunner] 실행 시작: scripts/excel_to_mysql.py
[Python Log][scripts/excel_to_mysql.py] python3: can't open file '/root/admin/target/scripts/excel_to_mysql.py': [Errno 2] No such file or directory
>>> [PythonRunner] 실행 종료 (scripts/excel_to_mysql.py, 종료 코드: 2)

>>> [PythonRunner] 실행 시작: scripts/airstrike.py
[Python Log][scripts/airstrike.py] python3: can't open file '/root/admin/target/scripts/airstrike.py': [Errno 2] No such file or directory
>>> [PythonRunner] 실행 종료 (scripts/airstrike.py, 종료 코드: 2)

>>> [PythonRunner] 실행 시작: scripts/earthquake.py
[Python Log][scripts/earthquake.py] python3: can't open file '/root/admin/target/scripts/earthquake.py': [Errno 2] No such file or directory
>>> [PythonRunner] 실행 종료 (scripts/earthquake.py, 종료 코드: 2)
2026-08-28T10:07:56.681+09:00  WARN 3824 --- [           main] JpaBaseConfiguration$JpaWebConfiguration : spring.jpa.open-in-view is enabled by default. Therefore, database queries may be performed during view rendering. Explicitly configure spring.jpa.open-in-view to disable this warning
2026-08-28T10:07:56.726+09:00  INFO 3824 --- [           main] o.s.b.a.w.s.WelcomePageHandlerMapping    : Adding welcome page template: index
2026-08-28T10:07:57.562+09:00  INFO 3824 --- [           main] o.s.b.a.e.web.EndpointLinksResolver      : Exposing 1 endpoint(s) beneath base path '/actuator'
2026-08-28T10:07:57.663+09:00  INFO 3824 --- [           main] o.s.b.w.embedded.tomcat.TomcatWebServer  : Tomcat started on port 8080 (http) with context path ''
2026-08-28T10:07:57.685+09:00  INFO 3824 --- [           main] com.example.demo.DemoApplication         : Started DemoApplication in 6.585 seconds (process running for 7.144)
Hibernate: select u1_0.id from user u1_0 where u1_0.username=? limit ?
2026-08-28T10:09:23.494+09:00  INFO 3824 --- [nio-8080-exec-1] o.a.c.c.C.[Tomcat].[localhost].[/]       : Initializing Spring DispatcherServlet 'dispatcherServlet'
2026-08-28T10:09:23.494+09:00  INFO 3824 --- [nio-8080-exec-1] o.s.web.servlet.DispatcherServlet        : Initializing Servlet 'dispatcherServlet'
2026-08-28T10:09:23.496+09:00  INFO 3824 --- [nio-8080-exec-1] o.s.web.servlet.DispatcherServlet        : Completed initialization in 1 ms
Hibernate: select u1_0.id,u1_0.email,u1_0.password,u1_0.realname,u1_0.username from user u1_0 where u1_0.username=?
Hibernate: select ars1_0.shlt_id,ars1_0.ctpv_nm,ars1_0.daddr,ars1_0.fclt_nm,ars1_0.lat,ars1_0.lot,ars1_0.mng_dept_nm,ars1_0.sgg_nm from airstrike ars1_0 limit ?,?
Hibernate: select count(ars1_0.shlt_id) from airstrike ars1_0
Hibernate: select u1_0.id,u1_0.email,u1_0.password,u1_0.realname,u1_0.username from user u1_0 where u1_0.username=?
Error: Unable to access jarfile target/demo-0.0.1-SNAPSHOT.jar

  .   ____          _            __ _ _
 /\\ / ___'_ __ _ _(_)_ __  __ _ \ \ \ \
( ( )\___ | '_ | '_| | '_ \/ _` | \ \ \ \
 \\/  ___)| |_)| | | | | || (_| |  ) ) ) )
  '  |____| .__|_| |_|_| |_\__, | / / / /
 =========|_|==============|___/=/_/_/_/
 :: Spring Boot ::                (v3.2.0)

2026-08-28T10:19:06.848+09:00  INFO 3919 --- [           main] com.example.demo.DemoApplication         : Starting DemoApplication v0.0.1-SNAPSHOT using Java 17.0.20.1 with PID 3919 (/root/admin/target/demo-0.0.1-SNAPSHOT.jar started by root in /root/admin/target)
2026-08-28T10:19:06.850+09:00  INFO 3919 --- [           main] com.example.demo.DemoApplication         : No active profile set, falling back to 1 default profile: "default"
2026-08-28T10:19:08.303+09:00  INFO 3919 --- [           main] .s.d.r.c.RepositoryConfigurationDelegate : Bootstrapping Spring Data JPA repositories in DEFAULT mode.
2026-08-28T10:19:08.362+09:00  INFO 3919 --- [           main] .s.d.r.c.RepositoryConfigurationDelegate : Finished Spring Data repository scanning in 51 ms. Found 5 JPA repository interfaces.
2026-08-28T10:19:09.291+09:00  INFO 3919 --- [           main] o.s.b.w.embedded.tomcat.TomcatWebServer  : Tomcat initialized with port 8080 (http)
2026-08-28T10:19:09.302+09:00  INFO 3919 --- [           main] o.apache.catalina.core.StandardService   : Starting service [Tomcat]
2026-08-28T10:19:09.302+09:00  INFO 3919 --- [           main] o.apache.catalina.core.StandardEngine    : Starting Servlet engine: [Apache Tomcat/10.1.16]
2026-08-28T10:19:09.343+09:00  INFO 3919 --- [           main] o.a.c.c.C.[Tomcat].[localhost].[/]       : Initializing Spring embedded WebApplicationContext
2026-08-28T10:19:09.344+09:00  INFO 3919 --- [           main] w.s.c.ServletWebServerApplicationContext : Root WebApplicationContext: initialization completed in 2291 ms
2026-08-28T10:19:09.787+09:00  INFO 3919 --- [           main] com.zaxxer.hikari.HikariDataSource       : HikariPool-1 - Starting...
2026-08-28T10:19:10.021+09:00  INFO 3919 --- [           main] com.zaxxer.hikari.pool.HikariPool        : HikariPool-1 - Added connection com.mysql.cj.jdbc.ConnectionImpl@44641d6c
2026-08-28T10:19:10.022+09:00  INFO 3919 --- [           main] com.zaxxer.hikari.HikariDataSource       : HikariPool-1 - Start completed.
2026-08-28T10:19:10.161+09:00  INFO 3919 --- [           main] o.hibernate.jpa.internal.util.LogHelper  : HHH000204: Processing PersistenceUnitInfo [name: default]
2026-08-28T10:19:10.245+09:00  INFO 3919 --- [           main] org.hibernate.Version                    : HHH000412: Hibernate ORM core version 6.3.1.Final
2026-08-28T10:19:10.292+09:00  INFO 3919 --- [           main] o.h.c.internal.RegionFactoryInitiator    : HHH000026: Second-level cache disabled
2026-08-28T10:19:10.553+09:00  INFO 3919 --- [           main] o.s.o.j.p.SpringPersistenceUnitInfo      : No LoadTimeWeaver setup: ignoring JPA class transformer
2026-08-28T10:19:10.623+09:00  WARN 3919 --- [           main] org.hibernate.orm.deprecation            : HHH90000025: MySQLDialect does not need to be specified explicitly using 'hibernate.dialect' (remove the property setting and it will be selected by default)
2026-08-28T10:19:11.451+09:00  INFO 3919 --- [           main] o.h.e.t.j.p.i.JtaPlatformInitiator       : HHH000489: No JTA platform available (set 'hibernate.transaction.jta.platform' to enable JTA platform integration)
2026-08-28T10:19:11.503+09:00  INFO 3919 --- [           main] j.LocalContainerEntityManagerFactoryBean : Initialized JPA EntityManagerFactory for persistence unit 'default'

>>> [PythonRunner] 실행 시작: scripts/excel_to_mysql.py
[Python Log][scripts/excel_to_mysql.py] python3: can't open file '/root/admin/target/scripts/excel_to_mysql.py': [Errno 2] No such file or directory
>>> [PythonRunner] 실행 종료 (scripts/excel_to_mysql.py, 종료 코드: 2)

>>> [PythonRunner] 실행 시작: scripts/airstrike.py
[Python Log][scripts/airstrike.py] python3: can't open file '/root/admin/target/scripts/airstrike.py': [Errno 2] No such file or directory
>>> [PythonRunner] 실행 종료 (scripts/airstrike.py, 종료 코드: 2)

>>> [PythonRunner] 실행 시작: scripts/earthquake.py
[Python Log][scripts/earthquake.py] python3: can't open file '/root/admin/target/scripts/earthquake.py': [Errno 2] No such file or directory
>>> [PythonRunner] 실행 종료 (scripts/earthquake.py, 종료 코드: 2)
2026-08-28T10:19:12.335+09:00  WARN 3919 --- [           main] JpaBaseConfiguration$JpaWebConfiguration : spring.jpa.open-in-view is enabled by default. Therefore, database queries may be performed during view rendering. Explicitly configure spring.jpa.open-in-view to disable this warning
2026-08-28T10:19:12.389+09:00  INFO 3919 --- [           main] o.s.b.a.w.s.WelcomePageHandlerMapping    : Adding welcome page template: index
2026-08-28T10:19:13.223+09:00  INFO 3919 --- [           main] o.s.b.a.e.web.EndpointLinksResolver      : Exposing 1 endpoint(s) beneath base path '/actuator'
2026-08-28T10:19:13.316+09:00  WARN 3919 --- [           main] ConfigServletWebServerApplicationContext : Exception encountered during context initialization - cancelling refresh attempt: org.springframework.context.ApplicationContextException: Failed to start bean 'webServerStartStop'
2026-08-28T10:19:13.318+09:00  INFO 3919 --- [           main] j.LocalContainerEntityManagerFactoryBean : Closing JPA EntityManagerFactory for persistence unit 'default'
2026-08-28T10:19:13.321+09:00  INFO 3919 --- [           main] com.zaxxer.hikari.HikariDataSource       : HikariPool-1 - Shutdown initiated...
2026-08-28T10:19:13.333+09:00  INFO 3919 --- [           main] com.zaxxer.hikari.HikariDataSource       : HikariPool-1 - Shutdown completed.
2026-08-28T10:19:13.358+09:00  INFO 3919 --- [           main] .s.b.a.l.ConditionEvaluationReportLogger : 

Error starting ApplicationContext. To display the condition evaluation report re-run your application with 'debug' enabled.
2026-08-28T10:19:13.377+09:00 ERROR 3919 --- [           main] o.s.boot.SpringApplication               : Application run failed

org.springframework.context.ApplicationContextException: Failed to start bean 'webServerStartStop'
	at org.springframework.context.support.DefaultLifecycleProcessor.doStart(DefaultLifecycleProcessor.java:287) ~[spring-context-6.1.1.jar!/:6.1.1]
	at org.springframework.context.support.DefaultLifecycleProcessor$LifecycleGroup.start(DefaultLifecycleProcessor.java:467) ~[spring-context-6.1.1.jar!/:6.1.1]
	at java.base/java.lang.Iterable.forEach(Iterable.java:75) ~[na:na]
	at org.springframework.context.support.DefaultLifecycleProcessor.startBeans(DefaultLifecycleProcessor.java:256) ~[spring-context-6.1.1.jar!/:6.1.1]
	at org.springframework.context.support.DefaultLifecycleProcessor.onRefresh(DefaultLifecycleProcessor.java:201) ~[spring-context-6.1.1.jar!/:6.1.1]
	at org.springframework.context.support.AbstractApplicationContext.finishRefresh(AbstractApplicationContext.java:965) ~[spring-context-6.1.1.jar!/:6.1.1]
	at org.springframework.context.support.AbstractApplicationContext.refresh(AbstractApplicationContext.java:619) ~[spring-context-6.1.1.jar!/:6.1.1]
	at org.springframework.boot.web.servlet.context.ServletWebServerApplicationContext.refresh(ServletWebServerApplicationContext.java:146) ~[spring-boot-3.2.0.jar!/:3.2.0]
	at org.springframework.boot.SpringApplication.refresh(SpringApplication.java:753) ~[spring-boot-3.2.0.jar!/:3.2.0]
	at org.springframework.boot.SpringApplication.refreshContext(SpringApplication.java:455) ~[spring-boot-3.2.0.jar!/:3.2.0]
	at org.springframework.boot.SpringApplication.run(SpringApplication.java:323) ~[spring-boot-3.2.0.jar!/:3.2.0]
	at org.springframework.boot.SpringApplication.run(SpringApplication.java:1342) ~[spring-boot-3.2.0.jar!/:3.2.0]
	at org.springframework.boot.SpringApplication.run(SpringApplication.java:1331) ~[spring-boot-3.2.0.jar!/:3.2.0]
	at com.example.demo.DemoApplication.main(DemoApplication.java:12) ~[!/:0.0.1-SNAPSHOT]
	at java.base/jdk.internal.reflect.NativeMethodAccessorImpl.invoke0(Native Method) ~[na:na]
	at java.base/jdk.internal.reflect.NativeMethodAccessorImpl.invoke(NativeMethodAccessorImpl.java:77) ~[na:na]
	at java.base/jdk.internal.reflect.DelegatingMethodAccessorImpl.invoke(DelegatingMethodAccessorImpl.java:43) ~[na:na]
	at java.base/java.lang.reflect.Method.invoke(Method.java:569) ~[na:na]
	at org.springframework.boot.loader.launch.Launcher.launch(Launcher.java:91) ~[demo-0.0.1-SNAPSHOT.jar:0.0.1-SNAPSHOT]
	at org.springframework.boot.loader.launch.Launcher.launch(Launcher.java:53) ~[demo-0.0.1-SNAPSHOT.jar:0.0.1-SNAPSHOT]
	at org.springframework.boot.loader.launch.JarLauncher.main(JarLauncher.java:58) ~[demo-0.0.1-SNAPSHOT.jar:0.0.1-SNAPSHOT]
Caused by: org.springframework.boot.web.server.WebServerException: Unable to start embedded Tomcat server
	at org.springframework.boot.web.embedded.tomcat.TomcatWebServer.start(TomcatWebServer.java:229) ~[spring-boot-3.2.0.jar!/:3.2.0]
	at org.springframework.boot.web.servlet.context.WebServerStartStopLifecycle.start(WebServerStartStopLifecycle.java:44) ~[spring-boot-3.2.0.jar!/:3.2.0]
	at org.springframework.context.support.DefaultLifecycleProcessor.doStart(DefaultLifecycleProcessor.java:284) ~[spring-context-6.1.1.jar!/:6.1.1]
	... 20 common frames omitted
Caused by: java.lang.IllegalArgumentException: standardService.connector.startFailed
	at org.apache.catalina.core.StandardService.addConnector(StandardService.java:235) ~[tomcat-embed-core-10.1.16.jar!/:na]
	at org.springframework.boot.web.embedded.tomcat.TomcatWebServer.addPreviouslyRemovedConnectors(TomcatWebServer.java:286) ~[spring-boot-3.2.0.jar!/:3.2.0]
	at org.springframework.boot.web.embedded.tomcat.TomcatWebServer.start(TomcatWebServer.java:214) ~[spring-boot-3.2.0.jar!/:3.2.0]
	... 22 common frames omitted
Caused by: org.apache.catalina.LifecycleException: Protocol handler start failed
	at org.apache.catalina.connector.Connector.startInternal(Connector.java:1046) ~[tomcat-embed-core-10.1.16.jar!/:na]
	at org.apache.catalina.util.LifecycleBase.start(LifecycleBase.java:171) ~[tomcat-embed-core-10.1.16.jar!/:na]
	at org.apache.catalina.core.StandardService.addConnector(StandardService.java:232) ~[tomcat-embed-core-10.1.16.jar!/:na]
	... 24 common frames omitted
Caused by: java.net.BindException: 주소가 이미 사용 중입니다
	at java.base/sun.nio.ch.Net.bind0(Native Method) ~[na:na]
	at java.base/sun.nio.ch.Net.bind(Net.java:567) ~[na:na]
	at java.base/sun.nio.ch.ServerSocketChannelImpl.netBind(ServerSocketChannelImpl.java:337) ~[na:na]
	at java.base/sun.nio.ch.ServerSocketChannelImpl.bind(ServerSocketChannelImpl.java:294) ~[na:na]
	at org.apache.tomcat.util.net.NioEndpoint.initServerSocket(NioEndpoint.java:247) ~[tomcat-embed-core-10.1.16.jar!/:na]
	at org.apache.tomcat.util.net.NioEndpoint.bind(NioEndpoint.java:202) ~[tomcat-embed-core-10.1.16.jar!/:na]
	at org.apache.tomcat.util.net.AbstractEndpoint.bindWithCleanup(AbstractEndpoint.java:1280) ~[tomcat-embed-core-10.1.16.jar!/:na]
	at org.apache.tomcat.util.net.AbstractEndpoint.start(AbstractEndpoint.java:1366) ~[tomcat-embed-core-10.1.16.jar!/:na]
	at org.apache.coyote.AbstractProtocol.start(AbstractProtocol.java:635) ~[tomcat-embed-core-10.1.16.jar!/:na]
	at org.apache.catalina.connector.Connector.startInternal(Connector.java:1043) ~[tomcat-embed-core-10.1.16.jar!/:na]
	... 26 common frames omitted

Hibernate: select u1_0.id,u1_0.email,u1_0.password,u1_0.realname,u1_0.username from user u1_0 where u1_0.username=?

  .   ____          _            __ _ _
 /\\ / ___'_ __ _ _(_)_ __  __ _ \ \ \ \
( ( )\___ | '_ | '_| | '_ \/ _` | \ \ \ \
 \\/  ___)| |_)| | | | | || (_| |  ) ) ) )
  '  |____| .__|_| |_|_| |_\__, | / / / /
 =========|_|==============|___/=/_/_/_/
 :: Spring Boot ::                (v3.2.0)

2026-08-28T10:23:57.336+09:00  INFO 3987 --- [           main] com.example.demo.DemoApplication         : Starting DemoApplication v0.0.1-SNAPSHOT using Java 17.0.20.1 with PID 3987 (/root/admin/target/demo-0.0.1-SNAPSHOT.jar started by root in /root/admin/target)
2026-08-28T10:23:57.344+09:00  INFO 3987 --- [           main] com.example.demo.DemoApplication         : No active profile set, falling back to 1 default profile: "default"
2026-08-28T10:23:58.635+09:00  INFO 3987 --- [           main] .s.d.r.c.RepositoryConfigurationDelegate : Bootstrapping Spring Data JPA repositories in DEFAULT mode.
2026-08-28T10:23:58.701+09:00  INFO 3987 --- [           main] .s.d.r.c.RepositoryConfigurationDelegate : Finished Spring Data repository scanning in 58 ms. Found 5 JPA repository interfaces.
2026-08-28T10:23:59.563+09:00  INFO 3987 --- [           main] o.s.b.w.embedded.tomcat.TomcatWebServer  : Tomcat initialized with port 8080 (http)
2026-08-28T10:23:59.572+09:00  INFO 3987 --- [           main] o.apache.catalina.core.StandardService   : Starting service [Tomcat]
2026-08-28T10:23:59.573+09:00  INFO 3987 --- [           main] o.apache.catalina.core.StandardEngine    : Starting Servlet engine: [Apache Tomcat/10.1.16]
2026-08-28T10:23:59.627+09:00  INFO 3987 --- [           main] o.a.c.c.C.[Tomcat].[localhost].[/]       : Initializing Spring embedded WebApplicationContext
2026-08-28T10:23:59.628+09:00  INFO 3987 --- [           main] w.s.c.ServletWebServerApplicationContext : Root WebApplicationContext: initialization completed in 2179 ms
2026-08-28T10:23:59.956+09:00  INFO 3987 --- [           main] com.zaxxer.hikari.HikariDataSource       : HikariPool-1 - Starting...
2026-08-28T10:24:00.170+09:00  INFO 3987 --- [           main] com.zaxxer.hikari.pool.HikariPool        : HikariPool-1 - Added connection com.mysql.cj.jdbc.ConnectionImpl@13ca16bf
2026-08-28T10:24:00.171+09:00  INFO 3987 --- [           main] com.zaxxer.hikari.HikariDataSource       : HikariPool-1 - Start completed.
2026-08-28T10:24:00.285+09:00  INFO 3987 --- [           main] o.hibernate.jpa.internal.util.LogHelper  : HHH000204: Processing PersistenceUnitInfo [name: default]
2026-08-28T10:24:00.340+09:00  INFO 3987 --- [           main] org.hibernate.Version                    : HHH000412: Hibernate ORM core version 6.3.1.Final
2026-08-28T10:24:00.373+09:00  INFO 3987 --- [           main] o.h.c.internal.RegionFactoryInitiator    : HHH000026: Second-level cache disabled
2026-08-28T10:24:00.585+09:00  INFO 3987 --- [           main] o.s.o.j.p.SpringPersistenceUnitInfo      : No LoadTimeWeaver setup: ignoring JPA class transformer
2026-08-28T10:24:00.656+09:00  WARN 3987 --- [           main] org.hibernate.orm.deprecation            : HHH90000025: MySQLDialect does not need to be specified explicitly using 'hibernate.dialect' (remove the property setting and it will be selected by default)
2026-08-28T10:24:01.472+09:00  INFO 3987 --- [           main] o.h.e.t.j.p.i.JtaPlatformInitiator       : HHH000489: No JTA platform available (set 'hibernate.transaction.jta.platform' to enable JTA platform integration)
2026-08-28T10:24:01.511+09:00  INFO 3987 --- [           main] j.LocalContainerEntityManagerFactoryBean : Initialized JPA EntityManagerFactory for persistence unit 'default'

>>> [PythonRunner] 실행 시작: scripts/excel_to_mysql.py
[Python Log][scripts/excel_to_mysql.py] python3: can't open file '/root/admin/target/scripts/excel_to_mysql.py': [Errno 2] No such file or directory
>>> [PythonRunner] 실행 종료 (scripts/excel_to_mysql.py, 종료 코드: 2)

>>> [PythonRunner] 실행 시작: scripts/airstrike.py
[Python Log][scripts/airstrike.py] python3: can't open file '/root/admin/target/scripts/airstrike.py': [Errno 2] No such file or directory
>>> [PythonRunner] 실행 종료 (scripts/airstrike.py, 종료 코드: 2)

>>> [PythonRunner] 실행 시작: scripts/earthquake.py
[Python Log][scripts/earthquake.py] python3: can't open file '/root/admin/target/scripts/earthquake.py': [Errno 2] No such file or directory
>>> [PythonRunner] 실행 종료 (scripts/earthquake.py, 종료 코드: 2)
2026-08-28T10:24:02.261+09:00  WARN 3987 --- [           main] JpaBaseConfiguration$JpaWebConfiguration : spring.jpa.open-in-view is enabled by default. Therefore, database queries may be performed during view rendering. Explicitly configure spring.jpa.open-in-view to disable this warning
2026-08-28T10:24:02.304+09:00  INFO 3987 --- [           main] o.s.b.a.w.s.WelcomePageHandlerMapping    : Adding welcome page template: index
2026-08-28T10:24:03.062+09:00  INFO 3987 --- [           main] o.s.b.a.e.web.EndpointLinksResolver      : Exposing 1 endpoint(s) beneath base path '/actuator'
2026-08-28T10:24:03.160+09:00  INFO 3987 --- [           main] o.s.b.w.embedded.tomcat.TomcatWebServer  : Tomcat started on port 8080 (http) with context path ''
2026-08-28T10:24:03.177+09:00  INFO 3987 --- [           main] com.example.demo.DemoApplication         : Started DemoApplication in 6.369 seconds (process running for 6.858)
Hibernate: select u1_0.id from user u1_0 where u1_0.username=? limit ?
2026-08-28T10:24:38.978+09:00  INFO 3987 --- [nio-8080-exec-1] o.a.c.c.C.[Tomcat].[localhost].[/]       : Initializing Spring DispatcherServlet 'dispatcherServlet'
2026-08-28T10:24:38.978+09:00  INFO 3987 --- [nio-8080-exec-1] o.s.web.servlet.DispatcherServlet        : Initializing Servlet 'dispatcherServlet'
2026-08-28T10:24:38.980+09:00  INFO 3987 --- [nio-8080-exec-1] o.s.web.servlet.DispatcherServlet        : Completed initialization in 1 ms
Hibernate: select u1_0.id,u1_0.email,u1_0.password,u1_0.realname,u1_0.username from user u1_0 where u1_0.username=?
Hibernate: select u1_0.id,u1_0.email,u1_0.password,u1_0.realname,u1_0.username from user u1_0 where u1_0.username=?
Hibernate: select u1_0.id,u1_0.email,u1_0.password,u1_0.realname,u1_0.username from user u1_0 where u1_0.username=?

  .   ____          _            __ _ _
 /\\ / ___'_ __ _ _(_)_ __  __ _ \ \ \ \
( ( )\___ | '_ | '_| | '_ \/ _` | \ \ \ \
 \\/  ___)| |_)| | | | | || (_| |  ) ) ) )
  '  |____| .__|_| |_|_| |_\__, | / / / /
 =========|_|==============|___/=/_/_/_/
 :: Spring Boot ::                (v3.2.0)

2026-08-28T10:56:14.656+09:00  INFO 4202 --- [           main] com.example.demo.DemoApplication         : Starting DemoApplication v0.0.1-SNAPSHOT using Java 17.0.20.1 with PID 4202 (/root/admin/target/demo-0.0.1-SNAPSHOT.jar started by root in /root/admin/target)
2026-08-28T10:56:14.658+09:00  INFO 4202 --- [           main] com.example.demo.DemoApplication         : No active profile set, falling back to 1 default profile: "default"
2026-08-28T10:56:15.836+09:00  INFO 4202 --- [           main] .s.d.r.c.RepositoryConfigurationDelegate : Bootstrapping Spring Data JPA repositories in DEFAULT mode.
2026-08-28T10:56:15.887+09:00  INFO 4202 --- [           main] .s.d.r.c.RepositoryConfigurationDelegate : Finished Spring Data repository scanning in 45 ms. Found 5 JPA repository interfaces.
2026-08-28T10:56:16.729+09:00  INFO 4202 --- [           main] o.s.b.w.embedded.tomcat.TomcatWebServer  : Tomcat initialized with port 8080 (http)
2026-08-28T10:56:16.738+09:00  INFO 4202 --- [           main] o.apache.catalina.core.StandardService   : Starting service [Tomcat]
2026-08-28T10:56:16.738+09:00  INFO 4202 --- [           main] o.apache.catalina.core.StandardEngine    : Starting Servlet engine: [Apache Tomcat/10.1.16]
2026-08-28T10:56:16.785+09:00  INFO 4202 --- [           main] o.a.c.c.C.[Tomcat].[localhost].[/]       : Initializing Spring embedded WebApplicationContext
2026-08-28T10:56:16.786+09:00  INFO 4202 --- [           main] w.s.c.ServletWebServerApplicationContext : Root WebApplicationContext: initialization completed in 2025 ms
2026-08-28T10:56:17.115+09:00  INFO 4202 --- [           main] com.zaxxer.hikari.HikariDataSource       : HikariPool-1 - Starting...
2026-08-28T10:56:17.296+09:00  INFO 4202 --- [           main] com.zaxxer.hikari.pool.HikariPool        : HikariPool-1 - Added connection com.mysql.cj.jdbc.ConnectionImpl@733534f9
2026-08-28T10:56:17.298+09:00  INFO 4202 --- [           main] com.zaxxer.hikari.HikariDataSource       : HikariPool-1 - Start completed.
2026-08-28T10:56:17.394+09:00  INFO 4202 --- [           main] o.hibernate.jpa.internal.util.LogHelper  : HHH000204: Processing PersistenceUnitInfo [name: default]
2026-08-28T10:56:17.447+09:00  INFO 4202 --- [           main] org.hibernate.Version                    : HHH000412: Hibernate ORM core version 6.3.1.Final
2026-08-28T10:56:17.485+09:00  INFO 4202 --- [           main] o.h.c.internal.RegionFactoryInitiator    : HHH000026: Second-level cache disabled
2026-08-28T10:56:17.713+09:00  INFO 4202 --- [           main] o.s.o.j.p.SpringPersistenceUnitInfo      : No LoadTimeWeaver setup: ignoring JPA class transformer
2026-08-28T10:56:17.784+09:00  WARN 4202 --- [           main] org.hibernate.orm.deprecation            : HHH90000025: MySQLDialect does not need to be specified explicitly using 'hibernate.dialect' (remove the property setting and it will be selected by default)
2026-08-28T10:56:18.540+09:00  INFO 4202 --- [           main] o.h.e.t.j.p.i.JtaPlatformInitiator       : HHH000489: No JTA platform available (set 'hibernate.transaction.jta.platform' to enable JTA platform integration)
2026-08-28T10:56:18.590+09:00  INFO 4202 --- [           main] j.LocalContainerEntityManagerFactoryBean : Initialized JPA EntityManagerFactory for persistence unit 'default'

>>> [PythonRunner] 실행 시작: scripts/excel_to_mysql.py
[Python Log][scripts/excel_to_mysql.py] python3: can't open file '/root/admin/target/scripts/excel_to_mysql.py': [Errno 2] No such file or directory
>>> [PythonRunner] 실행 종료 (scripts/excel_to_mysql.py, 종료 코드: 2)

>>> [PythonRunner] 실행 시작: scripts/airstrike.py
[Python Log][scripts/airstrike.py] python3: can't open file '/root/admin/target/scripts/airstrike.py': [Errno 2] No such file or directory
>>> [PythonRunner] 실행 종료 (scripts/airstrike.py, 종료 코드: 2)

>>> [PythonRunner] 실행 시작: scripts/earthquake.py
[Python Log][scripts/earthquake.py] python3: can't open file '/root/admin/target/scripts/earthquake.py': [Errno 2] No such file or directory
>>> [PythonRunner] 실행 종료 (scripts/earthquake.py, 종료 코드: 2)
2026-08-28T10:56:19.445+09:00  WARN 4202 --- [           main] JpaBaseConfiguration$JpaWebConfiguration : spring.jpa.open-in-view is enabled by default. Therefore, database queries may be performed during view rendering. Explicitly configure spring.jpa.open-in-view to disable this warning
2026-08-28T10:56:19.496+09:00  INFO 4202 --- [           main] o.s.b.a.w.s.WelcomePageHandlerMapping    : Adding welcome page template: index
2026-08-28T10:56:20.210+09:00  INFO 4202 --- [           main] o.s.b.a.e.web.EndpointLinksResolver      : Exposing 1 endpoint(s) beneath base path '/actuator'
2026-08-28T10:56:20.302+09:00  INFO 4202 --- [           main] o.s.b.w.embedded.tomcat.TomcatWebServer  : Tomcat started on port 8080 (http) with context path ''
2026-08-28T10:56:20.320+09:00  INFO 4202 --- [           main] com.example.demo.DemoApplication         : Started DemoApplication in 6.178 seconds (process running for 6.734)
Hibernate: select u1_0.id from user u1_0 where u1_0.username=? limit ?
2026-08-28T10:56:45.606+09:00  INFO 4202 --- [nio-8080-exec-1] o.a.c.c.C.[Tomcat].[localhost].[/]       : Initializing Spring DispatcherServlet 'dispatcherServlet'
2026-08-28T10:56:45.606+09:00  INFO 4202 --- [nio-8080-exec-1] o.s.web.servlet.DispatcherServlet        : Initializing Servlet 'dispatcherServlet'
2026-08-28T10:56:45.608+09:00  INFO 4202 --- [nio-8080-exec-1] o.s.web.servlet.DispatcherServlet        : Completed initialization in 2 ms
Hibernate: select u1_0.id,u1_0.email,u1_0.password,u1_0.realname,u1_0.username from user u1_0 where u1_0.username=?

  .   ____          _            __ _ _
 /\\ / ___'_ __ _ _(_)_ __  __ _ \ \ \ \
( ( )\___ | '_ | '_| | '_ \/ _` | \ \ \ \
 \\/  ___)| |_)| | | | | || (_| |  ) ) ) )
  '  |____| .__|_| |_|_| |_\__, | / / / /
 =========|_|==============|___/=/_/_/_/
 :: Spring Boot ::                (v3.2.0)

2026-08-29T20:09:50.494+09:00  INFO 3319 --- [           main] com.example.demo.DemoApplication         : Starting DemoApplication v0.0.1-SNAPSHOT using Java 17.0.20.1 with PID 3319 (/root/admin/target/demo-0.0.1-SNAPSHOT.jar started by root in /root/admin/target)
2026-08-29T20:09:50.498+09:00  INFO 3319 --- [           main] com.example.demo.DemoApplication         : No active profile set, falling back to 1 default profile: "default"
2026-08-29T20:09:51.970+09:00  INFO 3319 --- [           main] .s.d.r.c.RepositoryConfigurationDelegate : Bootstrapping Spring Data JPA repositories in DEFAULT mode.
2026-08-29T20:09:52.030+09:00  INFO 3319 --- [           main] .s.d.r.c.RepositoryConfigurationDelegate : Finished Spring Data repository scanning in 50 ms. Found 5 JPA repository interfaces.
2026-08-29T20:09:52.982+09:00  INFO 3319 --- [           main] o.s.b.w.embedded.tomcat.TomcatWebServer  : Tomcat initialized with port 8080 (http)
2026-08-29T20:09:52.994+09:00  INFO 3319 --- [           main] o.apache.catalina.core.StandardService   : Starting service [Tomcat]
2026-08-29T20:09:52.994+09:00  INFO 3319 --- [           main] o.apache.catalina.core.StandardEngine    : Starting Servlet engine: [Apache Tomcat/10.1.16]
2026-08-29T20:09:53.063+09:00  INFO 3319 --- [           main] o.a.c.c.C.[Tomcat].[localhost].[/]       : Initializing Spring embedded WebApplicationContext
2026-08-29T20:09:53.064+09:00  INFO 3319 --- [           main] w.s.c.ServletWebServerApplicationContext : Root WebApplicationContext: initialization completed in 2446 ms
2026-08-29T20:09:53.390+09:00  INFO 3319 --- [           main] com.zaxxer.hikari.HikariDataSource       : HikariPool-1 - Starting...
2026-08-29T20:10:03.653+09:00  INFO 3319 --- [           main] com.zaxxer.hikari.pool.HikariPool        : HikariPool-1 - Added connection com.mysql.cj.jdbc.ConnectionImpl@7574d4ad
2026-08-29T20:10:03.654+09:00  INFO 3319 --- [           main] com.zaxxer.hikari.HikariDataSource       : HikariPool-1 - Start completed.
2026-08-29T20:10:03.888+09:00  INFO 3319 --- [           main] o.hibernate.jpa.internal.util.LogHelper  : HHH000204: Processing PersistenceUnitInfo [name: default]
2026-08-29T20:10:04.005+09:00  INFO 3319 --- [           main] org.hibernate.Version                    : HHH000412: Hibernate ORM core version 6.3.1.Final
2026-08-29T20:10:04.048+09:00  INFO 3319 --- [           main] o.h.c.internal.RegionFactoryInitiator    : HHH000026: Second-level cache disabled
2026-08-29T20:10:04.346+09:00  INFO 3319 --- [           main] o.s.o.j.p.SpringPersistenceUnitInfo      : No LoadTimeWeaver setup: ignoring JPA class transformer
2026-08-29T20:10:04.448+09:00  WARN 3319 --- [           main] org.hibernate.orm.deprecation            : HHH90000025: MySQLDialect does not need to be specified explicitly using 'hibernate.dialect' (remove the property setting and it will be selected by default)
2026-08-29T20:10:05.467+09:00  INFO 3319 --- [           main] o.h.e.t.j.p.i.JtaPlatformInitiator       : HHH000489: No JTA platform available (set 'hibernate.transaction.jta.platform' to enable JTA platform integration)
2026-08-29T20:10:05.533+09:00  INFO 3319 --- [           main] j.LocalContainerEntityManagerFactoryBean : Initialized JPA EntityManagerFactory for persistence unit 'default'

>>> [PythonRunner] 실행 시작: scripts/excel_to_mysql.py
[Python Log][scripts/excel_to_mysql.py] python3: can't open file '/root/admin/target/scripts/excel_to_mysql.py': [Errno 2] No such file or directory
>>> [PythonRunner] 실행 종료 (scripts/excel_to_mysql.py, 종료 코드: 2)

>>> [PythonRunner] 실행 시작: scripts/airstrike.py
[Python Log][scripts/airstrike.py] python3: can't open file '/root/admin/target/scripts/airstrike.py': [Errno 2] No such file or directory
>>> [PythonRunner] 실행 종료 (scripts/airstrike.py, 종료 코드: 2)

>>> [PythonRunner] 실행 시작: scripts/earthquake.py
[Python Log][scripts/earthquake.py] python3: can't open file '/root/admin/target/scripts/earthquake.py': [Errno 2] No such file or directory
>>> [PythonRunner] 실행 종료 (scripts/earthquake.py, 종료 코드: 2)
2026-08-29T20:10:06.533+09:00  WARN 3319 --- [           main] JpaBaseConfiguration$JpaWebConfiguration : spring.jpa.open-in-view is enabled by default. Therefore, database queries may be performed during view rendering. Explicitly configure spring.jpa.open-in-view to disable this warning
2026-08-29T20:10:06.605+09:00  INFO 3319 --- [           main] o.s.b.a.w.s.WelcomePageHandlerMapping    : Adding welcome page template: index
2026-08-29T20:10:07.451+09:00  INFO 3319 --- [           main] o.s.b.a.e.web.EndpointLinksResolver      : Exposing 1 endpoint(s) beneath base path '/actuator'
2026-08-29T20:10:07.548+09:00  INFO 3319 --- [           main] o.s.b.w.embedded.tomcat.TomcatWebServer  : Tomcat started on port 8080 (http) with context path ''
2026-08-29T20:10:07.560+09:00  INFO 3319 --- [           main] com.example.demo.DemoApplication         : Started DemoApplication in 17.709 seconds (process running for 18.584)
Hibernate: select u1_0.id from user u1_0 where u1_0.username=? limit ?
2026-08-29T20:21:42.645+09:00  INFO 3319 --- [nio-8080-exec-1] o.a.c.c.C.[Tomcat].[localhost].[/]       : Initializing Spring DispatcherServlet 'dispatcherServlet'
2026-08-29T20:21:42.646+09:00  INFO 3319 --- [nio-8080-exec-1] o.s.web.servlet.DispatcherServlet        : Initializing Servlet 'dispatcherServlet'
2026-08-29T20:21:42.648+09:00  INFO 3319 --- [nio-8080-exec-1] o.s.web.servlet.DispatcherServlet        : Completed initialization in 2 ms
Hibernate: select u1_0.id,u1_0.email,u1_0.password,u1_0.realname,u1_0.username from user u1_0 where u1_0.username=?
Hibernate: select ars1_0.shlt_id,ars1_0.ctpv_nm,ars1_0.daddr,ars1_0.fclt_nm,ars1_0.lat,ars1_0.lot,ars1_0.mng_dept_nm,ars1_0.sgg_nm from airstrike ars1_0 limit ?,?
Hibernate: select count(ars1_0.shlt_id) from airstrike ars1_0
Hibernate: select ars1_0.shlt_id,ars1_0.ctpv_nm,ars1_0.daddr,ars1_0.fclt_nm,ars1_0.lat,ars1_0.lot,ars1_0.mng_dept_nm,ars1_0.sgg_nm from airstrike ars1_0 limit ?,?
Hibernate: select count(ars1_0.shlt_id) from airstrike ars1_0
Hibernate: select es1_0.shlt_id,es1_0.ctpv_nm,es1_0.daddr,es1_0.fclt_nm,es1_0.lat,es1_0.lot,es1_0.mng_dept_nm,es1_0.sgg_nm from earthquake es1_0 limit ?,?
Hibernate: select count(es1_0.shlt_id) from earthquake es1_0
Hibernate: select fs1_0.shlt_id,fs1_0.ctpv_nm,fs1_0.daddr,fs1_0.fclt_nm,fs1_0.lat,fs1_0.lot,fs1_0.mng_dept_nm,fs1_0.sgg_nm from flood fs1_0 limit ?,?
Hibernate: select count(fs1_0.shlt_id) from flood fs1_0
Hibernate: select p1_0.id,p1_0.content,p1_0.create_date,p1_0.title,p1_0.writer from post p1_0 order by p1_0.id desc limit ?,?
Hibernate: select u1_0.id,u1_0.email,u1_0.password,u1_0.realname,u1_0.username from user u1_0 where u1_0.username=?
Hibernate: select u1_0.id,u1_0.email,u1_0.password,u1_0.realname,u1_0.username from user u1_0 where u1_0.username=?
Hibernate: select u1_0.id,u1_0.email,u1_0.password,u1_0.realname,u1_0.username from user u1_0 where u1_0.username=?
Hibernate: select u1_0.id,u1_0.email,u1_0.password,u1_0.realname,u1_0.username from user u1_0 where u1_0.username=?
Hibernate: select ars1_0.shlt_id,ars1_0.ctpv_nm,ars1_0.daddr,ars1_0.fclt_nm,ars1_0.lat,ars1_0.lot,ars1_0.mng_dept_nm,ars1_0.sgg_nm from airstrike ars1_0 limit ?,?
Hibernate: select count(ars1_0.shlt_id) from airstrike ars1_0
Hibernate: select u1_0.id,u1_0.email,u1_0.password,u1_0.realname,u1_0.username from user u1_0 where u1_0.username=?
Hibernate: select u1_0.id,u1_0.email,u1_0.password,u1_0.realname,u1_0.username from user u1_0 where u1_0.username=?
Hibernate: select ars1_0.shlt_id,ars1_0.ctpv_nm,ars1_0.daddr,ars1_0.fclt_nm,ars1_0.lat,ars1_0.lot,ars1_0.mng_dept_nm,ars1_0.sgg_nm from airstrike ars1_0 limit ?,?
Hibernate: select count(ars1_0.shlt_id) from airstrike ars1_0
Hibernate: select es1_0.shlt_id,es1_0.ctpv_nm,es1_0.daddr,es1_0.fclt_nm,es1_0.lat,es1_0.lot,es1_0.mng_dept_nm,es1_0.sgg_nm from earthquake es1_0 limit ?,?
Hibernate: select count(es1_0.shlt_id) from earthquake es1_0
Hibernate: select fs1_0.shlt_id,fs1_0.ctpv_nm,fs1_0.daddr,fs1_0.fclt_nm,fs1_0.lat,fs1_0.lot,fs1_0.mng_dept_nm,fs1_0.sgg_nm from flood fs1_0 limit ?,?
Hibernate: select count(fs1_0.shlt_id) from flood fs1_0
2026-08-31T00:41:38.288+09:00  WARN 3319 --- [nio-8080-exec-6] .w.s.m.s.DefaultHandlerExceptionResolver : Resolved [org.springframework.web.HttpRequestMethodNotSupportedException: Request method 'POST' is not supported]
2026-08-31T00:55:09.238+09:00  WARN 3319 --- [io-8080-exec-10] .w.s.m.s.DefaultHandlerExceptionResolver : Resolved [org.springframework.web.HttpRequestMethodNotSupportedException: Request method 'POST' is not supported]
2026-08-31T00:55:09.239+09:00  WARN 3319 --- [nio-8080-exec-1] .w.s.m.s.DefaultHandlerExceptionResolver : Resolved [org.springframework.web.HttpRequestMethodNotSupportedException: Request method 'POST' is not supported]
2026-08-31T00:55:09.246+09:00  WARN 3319 --- [nio-8080-exec-2] .w.s.m.s.DefaultHandlerExceptionResolver : Resolved [org.springframework.web.HttpRequestMethodNotSupportedException: Request method 'POST' is not supported]
2026-08-31T00:55:09.247+09:00  WARN 3319 --- [nio-8080-exec-4] .w.s.m.s.DefaultHandlerExceptionResolver : Resolved [org.springframework.web.HttpRequestMethodNotSupportedException: Request method 'POST' is not supported]
2026-08-31T00:55:09.250+09:00  WARN 3319 --- [nio-8080-exec-3] .w.s.m.s.DefaultHandlerExceptionResolver : Resolved [org.springframework.web.HttpRequestMethodNotSupportedException: Request method 'POST' is not supported]
2026-08-31T09:12:37.201+09:00  WARN 3319 --- [nio-8080-exec-4] .w.s.m.s.DefaultHandlerExceptionResolver : Resolved [org.springframework.web.HttpRequestMethodNotSupportedException: Request method 'POST' is not supported]
2026-08-31T09:12:42.066+09:00  WARN 3319 --- [nio-8080-exec-4] .w.s.m.s.DefaultHandlerExceptionResolver : Resolved [org.springframework.web.HttpRequestMethodNotSupportedException: Request method 'POST' is not supported]
2026-08-31T09:12:42.283+09:00  WARN 3319 --- [nio-8080-exec-2] .w.s.m.s.DefaultHandlerExceptionResolver : Resolved [org.springframework.web.HttpRequestMethodNotSupportedException: Request method 'POST' is not supported]
2026-08-31T09:12:42.436+09:00  WARN 3319 --- [nio-8080-exec-3] .w.s.m.s.DefaultHandlerExceptionResolver : Resolved [org.springframework.web.HttpRequestMethodNotSupportedException: Request method 'POST' is not supported]
2026-08-31T09:12:52.028+09:00  WARN 3319 --- [io-8080-exec-10] .w.s.m.s.DefaultHandlerExceptionResolver : Resolved [org.springframework.web.HttpRequestMethodNotSupportedException: Request method 'POST' is not supported]
2026-08-31T09:14:58.579+09:00  WARN 3319 --- [nio-8080-exec-4] .w.s.m.s.DefaultHandlerExceptionResolver : Resolved [org.springframework.web.HttpRequestMethodNotSupportedException: Request method 'POST' is not supported]
2026-08-31T09:15:11.302+09:00  WARN 3319 --- [nio-8080-exec-1] .w.s.m.s.DefaultHandlerExceptionResolver : Resolved [org.springframework.web.HttpRequestMethodNotSupportedException: Request method 'POST' is not supported]
2026-08-31T09:15:14.498+09:00  WARN 3319 --- [nio-8080-exec-9] .w.s.m.s.DefaultHandlerExceptionResolver : Resolved [org.springframework.web.HttpRequestMethodNotSupportedException: Request method 'POST' is not supported]
2026-08-31T09:15:33.032+09:00  WARN 3319 --- [nio-8080-exec-9] .w.s.m.s.DefaultHandlerExceptionResolver : Resolved [org.springframework.web.HttpRequestMethodNotSupportedException: Request method 'POST' is not supported]
2026-08-31T09:15:33.068+09:00  WARN 3319 --- [nio-8080-exec-4] .w.s.m.s.DefaultHandlerExceptionResolver : Resolved [org.springframework.web.HttpRequestMethodNotSupportedException: Request method 'POST' is not supported]
2026-08-31T09:15:33.655+09:00  WARN 3319 --- [io-8080-exec-10] .w.s.m.s.DefaultHandlerExceptionResolver : Resolved [org.springframework.web.HttpRequestMethodNotSupportedException: Request method 'POST' is not supported]
2026-08-31T09:15:33.688+09:00  WARN 3319 --- [nio-8080-exec-2] .w.s.m.s.DefaultHandlerExceptionResolver : Resolved [org.springframework.web.HttpRequestMethodNotSupportedException: Request method 'POST' is not supported]
Hibernate: select u1_0.id,u1_0.email,u1_0.password,u1_0.realname,u1_0.username from user u1_0 where u1_0.username=?
Hibernate: select ars1_0.shlt_id,ars1_0.ctpv_nm,ars1_0.daddr,ars1_0.fclt_nm,ars1_0.lat,ars1_0.lot,ars1_0.mng_dept_nm,ars1_0.sgg_nm from airstrike ars1_0 limit ?,?
Hibernate: select count(ars1_0.shlt_id) from airstrike ars1_0
Hibernate: select u1_0.id,u1_0.email,u1_0.password,u1_0.realname,u1_0.username from user u1_0 where u1_0.username=?
2026-08-31T10:41:04.409+09:00  WARN 3319 --- [nio-8080-exec-4] .w.s.m.s.DefaultHandlerExceptionResolver : Resolved [org.springframework.web.HttpRequestMethodNotSupportedException: Request method 'POST' is not supported]
2026-08-31T10:41:10.105+09:00  WARN 3319 --- [io-8080-exec-10] .w.s.m.s.DefaultHandlerExceptionResolver : Resolved [org.springframework.web.HttpRequestMethodNotSupportedException: Request method 'POST' is not supported]
2026-08-31T10:41:21.235+09:00  WARN 3319 --- [nio-8080-exec-8] .w.s.m.s.DefaultHandlerExceptionResolver : Resolved [org.springframework.web.HttpRequestMethodNotSupportedException: Request method 'POST' is not supported]
2026-08-31T10:46:48.873+09:00  WARN 3319 --- [nio-8080-exec-7] .w.s.m.s.DefaultHandlerExceptionResolver : Resolved [org.springframework.web.HttpRequestMethodNotSupportedException: Request method 'POST' is not supported]
2026-08-31T10:47:03.798+09:00  WARN 3319 --- [io-8080-exec-10] .w.s.m.s.DefaultHandlerExceptionResolver : Resolved [org.springframework.web.HttpRequestMethodNotSupportedException: Request method 'POST' is not supported]
2026-08-31T10:47:36.225+09:00  WARN 3319 --- [nio-8080-exec-5] .w.s.m.s.DefaultHandlerExceptionResolver : Resolved [org.springframework.web.HttpRequestMethodNotSupportedException: Request method 'POST' is not supported]
2026-08-31T10:50:27.822+09:00  WARN 3319 --- [nio-8080-exec-4] .w.s.m.s.DefaultHandlerExceptionResolver : Resolved [org.springframework.web.HttpRequestMethodNotSupportedException: Request method 'POST' is not supported]
2026-08-31T10:55:03.254+09:00  WARN 3319 --- [nio-8080-exec-1] .w.s.m.s.DefaultHandlerExceptionResolver : Resolved [org.springframework.web.HttpRequestMethodNotSupportedException: Request method 'POST' is not supported]
2026-08-31T10:55:14.910+09:00  WARN 3319 --- [nio-8080-exec-2] .w.s.m.s.DefaultHandlerExceptionResolver : Resolved [org.springframework.web.HttpRequestMethodNotSupportedException: Request method 'POST' is not supported]
2026-08-31T10:56:24.939+09:00  WARN 3319 --- [nio-8080-exec-6] .w.s.m.s.DefaultHandlerExceptionResolver : Resolved [org.springframework.web.HttpRequestMethodNotSupportedException: Request method 'POST' is not supported]
2026-08-31T10:56:26.130+09:00  WARN 3319 --- [nio-8080-exec-8] .w.s.m.s.DefaultHandlerExceptionResolver : Resolved [org.springframework.web.HttpRequestMethodNotSupportedException: Request method 'POST' is not supported]
2026-08-31T11:04:12.015+09:00  WARN 3319 --- [io-8080-exec-10] .w.s.m.s.DefaultHandlerExceptionResolver : Resolved [org.springframework.web.HttpRequestMethodNotSupportedException: Request method 'POST' is not supported]
2026-08-31T11:05:38.774+09:00  WARN 3319 --- [nio-8080-exec-6] .w.s.m.s.DefaultHandlerExceptionResolver : Resolved [org.springframework.web.HttpRequestMethodNotSupportedException: Request method 'POST' is not supported]
2026-08-31T11:42:02.418+09:00  WARN 3319 --- [nio-8080-exec-4] .w.s.m.s.DefaultHandlerExceptionResolver : Resolved [org.springframework.web.HttpRequestMethodNotSupportedException: Request method 'POST' is not supported]
2026-08-31T11:43:06.504+09:00  WARN 3319 --- [nio-8080-exec-5] .w.s.m.s.DefaultHandlerExceptionResolver : Resolved [org.springframework.web.HttpRequestMethodNotSupportedException: Request method 'POST' is not supported]
2026-08-31T11:43:06.898+09:00  WARN 3319 --- [nio-8080-exec-2] .w.s.m.s.DefaultHandlerExceptionResolver : Resolved [org.springframework.web.HttpRequestMethodNotSupportedException: Request method 'POST' is not supported]
2026-08-31T11:43:06.924+09:00  WARN 3319 --- [io-8080-exec-10] .w.s.m.s.DefaultHandlerExceptionResolver : Resolved [org.springframework.web.HttpRequestMethodNotSupportedException: Request method 'POST' is not supported]
2026-08-31T11:43:07.838+09:00  WARN 3319 --- [nio-8080-exec-5] .w.s.m.s.DefaultHandlerExceptionResolver : Resolved [org.springframework.web.HttpRequestMethodNotSupportedException: Request method 'POST' is not supported]
2026-08-31T11:43:07.863+09:00  WARN 3319 --- [nio-8080-exec-9] .w.s.m.s.DefaultHandlerExceptionResolver : Resolved [org.springframework.web.HttpRequestMethodNotSupportedException: Request method 'POST' is not supported]
2026-08-31T15:40:05.406+09:00  WARN 3319 --- [nio-8080-exec-6] .w.s.m.s.DefaultHandlerExceptionResolver : Resolved [org.springframework.web.HttpRequestMethodNotSupportedException: Request method 'POST' is not supported]
2026-08-31T15:45:58.591+09:00  WARN 3319 --- [nio-8080-exec-5] .w.s.m.s.DefaultHandlerExceptionResolver : Resolved [org.springframework.web.HttpRequestMethodNotSupportedException: Request method 'POST' is not supported]
2026-08-31T15:45:58.592+09:00  WARN 3319 --- [nio-8080-exec-2] .w.s.m.s.DefaultHandlerExceptionResolver : Resolved [org.springframework.web.HttpRequestMethodNotSupportedException: Request method 'POST' is not supported]
2026-08-31T15:45:58.592+09:00  WARN 3319 --- [nio-8080-exec-7] .w.s.m.s.DefaultHandlerExceptionResolver : Resolved [org.springframework.web.HttpRequestMethodNotSupportedException: Request method 'POST' is not supported]
2026-08-31T15:45:58.593+09:00  WARN 3319 --- [nio-8080-exec-2] .w.s.m.s.DefaultHandlerExceptionResolver : Resolved [org.springframework.web.HttpRequestMethodNotSupportedException: Request method 'POST' is not supported]
2026-08-31T15:45:58.593+09:00  WARN 3319 --- [nio-8080-exec-7] .w.s.m.s.DefaultHandlerExceptionResolver : Resolved [org.springframework.web.HttpRequestMethodNotSupportedException: Request method 'POST' is not supported]
2026-08-31T15:58:22.985+09:00  WARN 3319 --- [nio-8080-exec-7] .w.s.m.s.DefaultHandlerExceptionResolver : Resolved [org.springframework.web.HttpRequestMethodNotSupportedException: Request method 'POST' is not supported]
2026-08-31T15:58:23.341+09:00  WARN 3319 --- [nio-8080-exec-1] .w.s.m.s.DefaultHandlerExceptionResolver : Resolved [org.springframework.web.HttpRequestMethodNotSupportedException: Request method 'POST' is not supported]
Hibernate: select ars1_0.shlt_id,ars1_0.ctpv_nm,ars1_0.daddr,ars1_0.fclt_nm,ars1_0.lat,ars1_0.lot,ars1_0.mng_dept_nm,ars1_0.sgg_nm from airstrike ars1_0 limit ?,?
Hibernate: select es1_0.shlt_id,es1_0.ctpv_nm,es1_0.daddr,es1_0.fclt_nm,es1_0.lat,es1_0.lot,es1_0.mng_dept_nm,es1_0.sgg_nm from earthquake es1_0 limit ?,?
Hibernate: select count(es1_0.shlt_id) from earthquake es1_0
Hibernate: select fs1_0.shlt_id,fs1_0.ctpv_nm,fs1_0.daddr,fs1_0.fclt_nm,fs1_0.lat,fs1_0.lot,fs1_0.mng_dept_nm,fs1_0.sgg_nm from flood fs1_0 limit ?,?
Hibernate: select count(fs1_0.shlt_id) from flood fs1_0
Hibernate: select ars1_0.shlt_id,ars1_0.ctpv_nm,ars1_0.daddr,ars1_0.fclt_nm,ars1_0.lat,ars1_0.lot,ars1_0.mng_dept_nm,ars1_0.sgg_nm from airstrike ars1_0 limit ?,?
Hibernate: select ars1_0.shlt_id,ars1_0.ctpv_nm,ars1_0.daddr,ars1_0.fclt_nm,ars1_0.lat,ars1_0.lot,ars1_0.mng_dept_nm,ars1_0.sgg_nm from airstrike ars1_0 limit ?,?
Hibernate: select ars1_0.shlt_id,ars1_0.ctpv_nm,ars1_0.daddr,ars1_0.fclt_nm,ars1_0.lat,ars1_0.lot,ars1_0.mng_dept_nm,ars1_0.sgg_nm from airstrike ars1_0 limit ?,?
Hibernate: select fs1_0.shlt_id,fs1_0.ctpv_nm,fs1_0.daddr,fs1_0.fclt_nm,fs1_0.lat,fs1_0.lot,fs1_0.mng_dept_nm,fs1_0.sgg_nm from flood fs1_0 limit ?,?
Hibernate: select count(fs1_0.shlt_id) from flood fs1_0
Hibernate: select es1_0.shlt_id,es1_0.ctpv_nm,es1_0.daddr,es1_0.fclt_nm,es1_0.lat,es1_0.lot,es1_0.mng_dept_nm,es1_0.sgg_nm from earthquake es1_0 limit ?,?
Hibernate: select count(es1_0.shlt_id) from earthquake es1_0
Hibernate: select ars1_0.shlt_id,ars1_0.ctpv_nm,ars1_0.daddr,ars1_0.fclt_nm,ars1_0.lat,ars1_0.lot,ars1_0.mng_dept_nm,ars1_0.sgg_nm from airstrike ars1_0 limit ?,?
Hibernate: select ars1_0.shlt_id,ars1_0.ctpv_nm,ars1_0.daddr,ars1_0.fclt_nm,ars1_0.lat,ars1_0.lot,ars1_0.mng_dept_nm,ars1_0.sgg_nm from airstrike ars1_0 where ars1_0.fclt_nm like ? escape '\\' or ars1_0.daddr like ? escape '\\' limit ?,?
Hibernate: select ars1_0.shlt_id,ars1_0.ctpv_nm,ars1_0.daddr,ars1_0.fclt_nm,ars1_0.lat,ars1_0.lot,ars1_0.mng_dept_nm,ars1_0.sgg_nm from airstrike ars1_0 where ars1_0.fclt_nm like ? escape '\\' or ars1_0.daddr like ? escape '\\' limit ?,?
Hibernate: select ars1_0.shlt_id,ars1_0.ctpv_nm,ars1_0.daddr,ars1_0.fclt_nm,ars1_0.lat,ars1_0.lot,ars1_0.mng_dept_nm,ars1_0.sgg_nm from airstrike ars1_0 where ars1_0.fclt_nm like ? escape '\\' or ars1_0.daddr like ? escape '\\' limit ?,?
Hibernate: select u1_0.id,u1_0.email,u1_0.password,u1_0.realname,u1_0.username from user u1_0 where u1_0.username=?
Hibernate: select ars1_0.shlt_id,ars1_0.ctpv_nm,ars1_0.daddr,ars1_0.fclt_nm,ars1_0.lat,ars1_0.lot,ars1_0.mng_dept_nm,ars1_0.sgg_nm from airstrike ars1_0 limit ?,?
Hibernate: select es1_0.shlt_id,es1_0.ctpv_nm,es1_0.daddr,es1_0.fclt_nm,es1_0.lat,es1_0.lot,es1_0.mng_dept_nm,es1_0.sgg_nm from earthquake es1_0 limit ?,?
Hibernate: select count(es1_0.shlt_id) from earthquake es1_0
Hibernate: select fs1_0.shlt_id,fs1_0.ctpv_nm,fs1_0.daddr,fs1_0.fclt_nm,fs1_0.lat,fs1_0.lot,fs1_0.mng_dept_nm,fs1_0.sgg_nm from flood fs1_0 limit ?,?
Hibernate: select count(fs1_0.shlt_id) from flood fs1_0
Hibernate: select es1_0.shlt_id,es1_0.ctpv_nm,es1_0.daddr,es1_0.fclt_nm,es1_0.lat,es1_0.lot,es1_0.mng_dept_nm,es1_0.sgg_nm from earthquake es1_0 limit ?,?
Hibernate: select count(es1_0.shlt_id) from earthquake es1_0
Hibernate: select ars1_0.shlt_id,ars1_0.ctpv_nm,ars1_0.daddr,ars1_0.fclt_nm,ars1_0.lat,ars1_0.lot,ars1_0.mng_dept_nm,ars1_0.sgg_nm from airstrike ars1_0 limit ?,?
Hibernate: select es1_0.shlt_id,es1_0.ctpv_nm,es1_0.daddr,es1_0.fclt_nm,es1_0.lat,es1_0.lot,es1_0.mng_dept_nm,es1_0.sgg_nm from earthquake es1_0 limit ?,?
Hibernate: select count(es1_0.shlt_id) from earthquake es1_0
Hibernate: select ars1_0.shlt_id,ars1_0.ctpv_nm,ars1_0.daddr,ars1_0.fclt_nm,ars1_0.lat,ars1_0.lot,ars1_0.mng_dept_nm,ars1_0.sgg_nm from airstrike ars1_0 limit ?,?
Hibernate: select p1_0.id,p1_0.content,p1_0.create_date,p1_0.title,p1_0.writer from post p1_0 order by p1_0.id desc limit ?,?
2026-08-31T16:11:23.056+09:00  WARN 3319 --- [nio-8080-exec-3] .w.s.m.s.DefaultHandlerExceptionResolver : Resolved [org.springframework.web.HttpRequestMethodNotSupportedException: Request method 'POST' is not supported]
2026-08-31T16:11:39.014+09:00  WARN 3319 --- [nio-8080-exec-2] .w.s.m.s.DefaultHandlerExceptionResolver : Resolved [org.springframework.web.HttpRequestMethodNotSupportedException: Request method 'POST' is not supported]
Hibernate: select u1_0.id,u1_0.email,u1_0.password,u1_0.realname,u1_0.username from user u1_0 where u1_0.username=?
Hibernate: select u1_0.id,u1_0.email,u1_0.password,u1_0.realname,u1_0.username from user u1_0 where u1_0.username=?
Hibernate: select ars1_0.shlt_id,ars1_0.ctpv_nm,ars1_0.daddr,ars1_0.fclt_nm,ars1_0.lat,ars1_0.lot,ars1_0.mng_dept_nm,ars1_0.sgg_nm from airstrike ars1_0 limit ?,?
Hibernate: select count(ars1_0.shlt_id) from airstrike ars1_0
Hibernate: select es1_0.shlt_id,es1_0.ctpv_nm,es1_0.daddr,es1_0.fclt_nm,es1_0.lat,es1_0.lot,es1_0.mng_dept_nm,es1_0.sgg_nm from earthquake es1_0 limit ?,?
Hibernate: select count(es1_0.shlt_id) from earthquake es1_0
Hibernate: select ars1_0.shlt_id,ars1_0.ctpv_nm,ars1_0.daddr,ars1_0.fclt_nm,ars1_0.lat,ars1_0.lot,ars1_0.mng_dept_nm,ars1_0.sgg_nm from airstrike ars1_0 limit ?,?
Hibernate: select count(ars1_0.shlt_id) from airstrike ars1_0
Hibernate: select fs1_0.shlt_id,fs1_0.ctpv_nm,fs1_0.daddr,fs1_0.fclt_nm,fs1_0.lat,fs1_0.lot,fs1_0.mng_dept_nm,fs1_0.sgg_nm from flood fs1_0 limit ?,?
Hibernate: select count(fs1_0.shlt_id) from flood fs1_0
Hibernate: select fs1_0.shlt_id,fs1_0.ctpv_nm,fs1_0.daddr,fs1_0.fclt_nm,fs1_0.lat,fs1_0.lot,fs1_0.mng_dept_nm,fs1_0.sgg_nm from flood fs1_0 limit ?,?
Hibernate: select count(fs1_0.shlt_id) from flood fs1_0
2026-08-31T16:29:44.914+09:00  WARN 3319 --- [nio-8080-exec-9] .w.s.m.s.DefaultHandlerExceptionResolver : Resolved [org.springframework.web.HttpRequestMethodNotSupportedException: Request method 'POST' is not supported]
2026-08-31T16:32:41.839+09:00  WARN 3319 --- [nio-8080-exec-8] .w.s.m.s.DefaultHandlerExceptionResolver : Resolved [org.springframework.web.HttpRequestMethodNotSupportedException: Request method 'POST' is not supported]
2026-08-31T16:37:19.868+09:00  WARN 3319 --- [nio-8080-exec-5] .w.s.m.s.DefaultHandlerExceptionResolver : Resolved [org.springframework.web.HttpRequestMethodNotSupportedException: Request method 'POST' is not supported]
2026-08-31T16:37:37.006+09:00  WARN 3319 --- [nio-8080-exec-5] .w.s.m.s.DefaultHandlerExceptionResolver : Resolved [org.springframework.web.HttpRequestMethodNotSupportedException: Request method 'POST' is not supported]
2026-08-31T16:42:37.637+09:00  WARN 3319 --- [nio-8080-exec-5] .w.s.m.s.DefaultHandlerExceptionResolver : Resolved [org.springframework.web.HttpRequestMethodNotSupportedException: Request method 'POST' is not supported]
2026-08-31T16:48:20.186+09:00  WARN 3319 --- [nio-8080-exec-1] .w.s.m.s.DefaultHandlerExceptionResolver : Resolved [org.springframework.web.HttpRequestMethodNotSupportedException: Request method 'POST' is not supported]
2026-08-31T16:51:58.933+09:00  WARN 3319 --- [nio-8080-exec-6] .w.s.m.s.DefaultHandlerExceptionResolver : Resolved [org.springframework.web.HttpRequestMethodNotSupportedException: Request method 'POST' is not supported]
2026-08-31T16:52:23.305+09:00  WARN 3319 --- [nio-8080-exec-9] .w.s.m.s.DefaultHandlerExceptionResolver : Resolved [org.springframework.web.HttpRequestMethodNotSupportedException: Request method 'POST' is not supported]
2026-08-31T16:57:05.299+09:00  WARN 3319 --- [nio-8080-exec-8] .w.s.m.s.DefaultHandlerExceptionResolver : Resolved [org.springframework.web.HttpRequestMethodNotSupportedException: Request method 'POST' is not supported]
2026-08-31T16:57:05.555+09:00  WARN 3319 --- [nio-8080-exec-3] .w.s.m.s.DefaultHandlerExceptionResolver : Resolved [org.springframework.web.HttpRequestMethodNotSupportedException: Request method 'POST' is not supported]
2026-08-31T17:02:24.396+09:00  WARN 3319 --- [nio-8080-exec-3] .w.s.m.s.DefaultHandlerExceptionResolver : Resolved [org.springframework.web.HttpRequestMethodNotSupportedException: Request method 'POST' is not supported]
2026-08-31T17:11:23.148+09:00  WARN 3319 --- [nio-8080-exec-2] .w.s.m.s.DefaultHandlerExceptionResolver : Resolved [org.springframework.web.HttpRequestMethodNotSupportedException: Request method 'POST' is not supported]
2026-08-31T17:15:07.683+09:00  WARN 3319 --- [nio-8080-exec-7] .w.s.m.s.DefaultHandlerExceptionResolver : Resolved [org.springframework.web.HttpRequestMethodNotSupportedException: Request method 'POST' is not supported]
2026-08-31T17:15:08.083+09:00  WARN 3319 --- [io-8080-exec-10] .w.s.m.s.DefaultHandlerExceptionResolver : Resolved [org.springframework.web.HttpRequestMethodNotSupportedException: Request method 'POST' is not supported]
2026-08-31T17:15:08.110+09:00  WARN 3319 --- [nio-8080-exec-7] .w.s.m.s.DefaultHandlerExceptionResolver : Resolved [org.springframework.web.HttpRequestMethodNotSupportedException: Request method 'POST' is not supported]
2026-08-31T17:15:08.964+09:00  WARN 3319 --- [nio-8080-exec-5] .w.s.m.s.DefaultHandlerExceptionResolver : Resolved [org.springframework.web.HttpRequestMethodNotSupportedException: Request method 'POST' is not supported]
2026-08-31T17:15:08.993+09:00  WARN 3319 --- [nio-8080-exec-2] .w.s.m.s.DefaultHandlerExceptionResolver : Resolved [org.springframework.web.HttpRequestMethodNotSupportedException: Request method 'POST' is not supported]
Hibernate: select fs1_0.shlt_id,fs1_0.ctpv_nm,fs1_0.daddr,fs1_0.fclt_nm,fs1_0.lat,fs1_0.lot,fs1_0.mng_dept_nm,fs1_0.sgg_nm from flood fs1_0 limit ?,?
Hibernate: select count(fs1_0.shlt_id) from flood fs1_0
Hibernate: select ars1_0.shlt_id,ars1_0.ctpv_nm,ars1_0.daddr,ars1_0.fclt_nm,ars1_0.lat,ars1_0.lot,ars1_0.mng_dept_nm,ars1_0.sgg_nm from airstrike ars1_0 limit ?,?
Hibernate: select count(ars1_0.shlt_id) from airstrike ars1_0
Hibernate: select ars1_0.shlt_id,ars1_0.ctpv_nm,ars1_0.daddr,ars1_0.fclt_nm,ars1_0.lat,ars1_0.lot,ars1_0.mng_dept_nm,ars1_0.sgg_nm from airstrike ars1_0 where ars1_0.shlt_id=?
Hibernate: insert into airstrike (ctpv_nm,daddr,fclt_nm,lat,lot,mng_dept_nm,sgg_nm,shlt_id) values (?,?,?,?,?,?,?,?)
2026-08-31T18:55:48.182+09:00  WARN 3319 --- [nio-8080-exec-2] o.h.engine.jdbc.spi.SqlExceptionHelper   : SQL Error: 1366, SQLState: HY000
2026-08-31T18:55:48.183+09:00 ERROR 3319 --- [nio-8080-exec-2] o.h.engine.jdbc.spi.SqlExceptionHelper   : Incorrect integer value: 'USER_4964af76-aa0d-4032-be6d-6db9672d73e5' for column 'shlt_id' at row 1
2026-08-31T18:55:48.200+09:00 ERROR 3319 --- [nio-8080-exec-2] o.a.c.c.C.[.[.[/].[dispatcherServlet]    : Servlet.service() for servlet [dispatcherServlet] in context with path [] threw exception [Request processing failed: org.springframework.orm.jpa.JpaSystemException: could not execute statement [Incorrect integer value: 'USER_4964af76-aa0d-4032-be6d-6db9672d73e5' for column 'shlt_id' at row 1] [insert into airstrike (ctpv_nm,daddr,fclt_nm,lat,lot,mng_dept_nm,sgg_nm,shlt_id) values (?,?,?,?,?,?,?,?)]] with root cause

java.sql.SQLException: Incorrect integer value: 'USER_4964af76-aa0d-4032-be6d-6db9672d73e5' for column 'shlt_id' at row 1
	at com.mysql.cj.jdbc.exceptions.SQLError.createSQLException(SQLError.java:130) ~[mysql-connector-j-8.1.0.jar!/:8.1.0]
	at com.mysql.cj.jdbc.exceptions.SQLExceptionsMapping.translateException(SQLExceptionsMapping.java:122) ~[mysql-connector-j-8.1.0.jar!/:8.1.0]
	at com.mysql.cj.jdbc.ClientPreparedStatement.executeInternal(ClientPreparedStatement.java:916) ~[mysql-connector-j-8.1.0.jar!/:8.1.0]
	at com.mysql.cj.jdbc.ClientPreparedStatement.executeUpdateInternal(ClientPreparedStatement.java:1061) ~[mysql-connector-j-8.1.0.jar!/:8.1.0]
	at com.mysql.cj.jdbc.ClientPreparedStatement.executeUpdateInternal(ClientPreparedStatement.java:1009) ~[mysql-connector-j-8.1.0.jar!/:8.1.0]
	at com.mysql.cj.jdbc.ClientPreparedStatement.executeLargeUpdate(ClientPreparedStatement.java:1320) ~[mysql-connector-j-8.1.0.jar!/:8.1.0]
	at com.mysql.cj.jdbc.ClientPreparedStatement.executeUpdate(ClientPreparedStatement.java:994) ~[mysql-connector-j-8.1.0.jar!/:8.1.0]
	at com.zaxxer.hikari.pool.ProxyPreparedStatement.executeUpdate(ProxyPreparedStatement.java:61) ~[HikariCP-5.0.1.jar!/:na]
	at com.zaxxer.hikari.pool.HikariProxyPreparedStatement.executeUpdate(HikariProxyPreparedStatement.java) ~[HikariCP-5.0.1.jar!/:na]
	at org.hibernate.engine.jdbc.internal.ResultSetReturnImpl.executeUpdate(ResultSetReturnImpl.java:280) ~[hibernate-core-6.3.1.Final.jar!/:6.3.1.Final]
	at org.hibernate.engine.jdbc.mutation.internal.AbstractMutationExecutor.performNonBatchedMutation(AbstractMutationExecutor.java:107) ~[hibernate-core-6.3.1.Final.jar!/:6.3.1.Final]
	at org.hibernate.engine.jdbc.mutation.internal.MutationExecutorSingleNonBatched.performNonBatchedOperations(MutationExecutorSingleNonBatched.java:40) ~[hibernate-core-6.3.1.Final.jar!/:6.3.1.Final]
	at org.hibernate.engine.jdbc.mutation.internal.AbstractMutationExecutor.execute(AbstractMutationExecutor.java:52) ~[hibernate-core-6.3.1.Final.jar!/:6.3.1.Final]
	at org.hibernate.persister.entity.mutation.InsertCoordinator.doStaticInserts(InsertCoordinator.java:171) ~[hibernate-core-6.3.1.Final.jar!/:6.3.1.Final]
	at org.hibernate.persister.entity.mutation.InsertCoordinator.coordinateInsert(InsertCoordinator.java:112) ~[hibernate-core-6.3.1.Final.jar!/:6.3.1.Final]
	at org.hibernate.persister.entity.AbstractEntityPersister.insert(AbstractEntityPersister.java:2865) ~[hibernate-core-6.3.1.Final.jar!/:6.3.1.Final]
	at org.hibernate.action.internal.EntityInsertAction.execute(EntityInsertAction.java:102) ~[hibernate-core-6.3.1.Final.jar!/:6.3.1.Final]
	at org.hibernate.engine.spi.ActionQueue.executeActions(ActionQueue.java:631) ~[hibernate-core-6.3.1.Final.jar!/:6.3.1.Final]
	at org.hibernate.engine.spi.ActionQueue.executeActions(ActionQueue.java:498) ~[hibernate-core-6.3.1.Final.jar!/:6.3.1.Final]
	at org.hibernate.event.internal.AbstractFlushingEventListener.performExecutions(AbstractFlushingEventListener.java:363) ~[hibernate-core-6.3.1.Final.jar!/:6.3.1.Final]
	at org.hibernate.event.internal.DefaultFlushEventListener.onFlush(DefaultFlushEventListener.java:39) ~[hibernate-core-6.3.1.Final.jar!/:6.3.1.Final]
	at org.hibernate.event.service.internal.EventListenerGroupImpl.fireEventOnEachListener(EventListenerGroupImpl.java:127) ~[hibernate-core-6.3.1.Final.jar!/:6.3.1.Final]
	at org.hibernate.internal.SessionImpl.doFlush(SessionImpl.java:1415) ~[hibernate-core-6.3.1.Final.jar!/:6.3.1.Final]
	at org.hibernate.internal.SessionImpl.managedFlush(SessionImpl.java:496) ~[hibernate-core-6.3.1.Final.jar!/:6.3.1.Final]
	at org.hibernate.internal.SessionImpl.flushBeforeTransactionCompletion(SessionImpl.java:2325) ~[hibernate-core-6.3.1.Final.jar!/:6.3.1.Final]
	at org.hibernate.internal.SessionImpl.beforeTransactionCompletion(SessionImpl.java:1988) ~[hibernate-core-6.3.1.Final.jar!/:6.3.1.Final]
	at org.hibernate.engine.jdbc.internal.JdbcCoordinatorImpl.beforeTransactionCompletion(JdbcCoordinatorImpl.java:439) ~[hibernate-core-6.3.1.Final.jar!/:6.3.1.Final]
	at org.hibernate.resource.transaction.backend.jdbc.internal.JdbcResourceLocalTransactionCoordinatorImpl.beforeCompletionCallback(JdbcResourceLocalTransactionCoordinatorImpl.java:169) ~[hibernate-core-6.3.1.Final.jar!/:6.3.1.Final]
	at org.hibernate.resource.transaction.backend.jdbc.internal.JdbcResourceLocalTransactionCoordinatorImpl$TransactionDriverControlImpl.commit(JdbcResourceLocalTransactionCoordinatorImpl.java:267) ~[hibernate-core-6.3.1.Final.jar!/:6.3.1.Final]
	at org.hibernate.engine.transaction.internal.TransactionImpl.commit(TransactionImpl.java:101) ~[hibernate-core-6.3.1.Final.jar!/:6.3.1.Final]
	at org.springframework.orm.jpa.JpaTransactionManager.doCommit(JpaTransactionManager.java:561) ~[spring-orm-6.1.1.jar!/:6.1.1]
	at org.springframework.transaction.support.AbstractPlatformTransactionManager.processCommit(AbstractPlatformTransactionManager.java:794) ~[spring-tx-6.1.1.jar!/:6.1.1]
	at org.springframework.transaction.support.AbstractPlatformTransactionManager.commit(AbstractPlatformTransactionManager.java:757) ~[spring-tx-6.1.1.jar!/:6.1.1]
	at org.springframework.transaction.interceptor.TransactionAspectSupport.commitTransactionAfterReturning(TransactionAspectSupport.java:669) ~[spring-tx-6.1.1.jar!/:6.1.1]
	at org.springframework.transaction.interceptor.TransactionAspectSupport.invokeWithinTransaction(TransactionAspectSupport.java:419) ~[spring-tx-6.1.1.jar!/:6.1.1]
	at org.springframework.transaction.interceptor.TransactionInterceptor.invoke(TransactionInterceptor.java:119) ~[spring-tx-6.1.1.jar!/:6.1.1]
	at org.springframework.aop.framework.ReflectiveMethodInvocation.proceed(ReflectiveMethodInvocation.java:184) ~[spring-aop-6.1.1.jar!/:6.1.1]
	at org.springframework.aop.framework.CglibAopProxy$CglibMethodInvocation.proceed(CglibAopProxy.java:765) ~[spring-aop-6.1.1.jar!/:6.1.1]
	at org.springframework.aop.framework.CglibAopProxy$DynamicAdvisedInterceptor.intercept(CglibAopProxy.java:717) ~[spring-aop-6.1.1.jar!/:6.1.1]
	at com.example.demo.service.AirRaidShelterService$$SpringCGLIB$$0.save(<generated>) ~[!/:0.0.1-SNAPSHOT]
	at com.example.demo.controller.AirRaidShelterController.writeAirRaidShelter(AirRaidShelterController.java:54) ~[!/:0.0.1-SNAPSHOT]
	at java.base/jdk.internal.reflect.NativeMethodAccessorImpl.invoke0(Native Method) ~[na:na]
	at java.base/jdk.internal.reflect.NativeMethodAccessorImpl.invoke(NativeMethodAccessorImpl.java:77) ~[na:na]
	at java.base/jdk.internal.reflect.DelegatingMethodAccessorImpl.invoke(DelegatingMethodAccessorImpl.java:43) ~[na:na]
	at java.base/java.lang.reflect.Method.invoke(Method.java:569) ~[na:na]
	at org.springframework.web.method.support.InvocableHandlerMethod.doInvoke(InvocableHandlerMethod.java:254) ~[spring-web-6.1.1.jar!/:6.1.1]
	at org.springframework.web.method.support.InvocableHandlerMethod.invokeForRequest(InvocableHandlerMethod.java:182) ~[spring-web-6.1.1.jar!/:6.1.1]
	at org.springframework.web.servlet.mvc.method.annotation.ServletInvocableHandlerMethod.invokeAndHandle(ServletInvocableHandlerMethod.java:118) ~[spring-webmvc-6.1.1.jar!/:6.1.1]
	at org.springframework.web.servlet.mvc.method.annotation.RequestMappingHandlerAdapter.invokeHandlerMethod(RequestMappingHandlerAdapter.java:917) ~[spring-webmvc-6.1.1.jar!/:6.1.1]
	at org.springframework.web.servlet.mvc.method.annotation.RequestMappingHandlerAdapter.handleInternal(RequestMappingHandlerAdapter.java:829) ~[spring-webmvc-6.1.1.jar!/:6.1.1]
	at org.springframework.web.servlet.mvc.method.AbstractHandlerMethodAdapter.handle(AbstractHandlerMethodAdapter.java:87) ~[spring-webmvc-6.1.1.jar!/:6.1.1]
	at org.springframework.web.servlet.DispatcherServlet.doDispatch(DispatcherServlet.java:1089) ~[spring-webmvc-6.1.1.jar!/:6.1.1]
	at org.springframework.web.servlet.DispatcherServlet.doService(DispatcherServlet.java:979) ~[spring-webmvc-6.1.1.jar!/:6.1.1]
	at org.springframework.web.servlet.FrameworkServlet.processRequest(FrameworkServlet.java:1014) ~[spring-webmvc-6.1.1.jar!/:6.1.1]
	at org.springframework.web.servlet.FrameworkServlet.doPost(FrameworkServlet.java:914) ~[spring-webmvc-6.1.1.jar!/:6.1.1]
	at jakarta.servlet.http.HttpServlet.service(HttpServlet.java:590) ~[tomcat-embed-core-10.1.16.jar!/:na]
	at org.springframework.web.servlet.FrameworkServlet.service(FrameworkServlet.java:885) ~[spring-webmvc-6.1.1.jar!/:6.1.1]
	at jakarta.servlet.http.HttpServlet.service(HttpServlet.java:658) ~[tomcat-embed-core-10.1.16.jar!/:na]
	at org.apache.catalina.core.ApplicationFilterChain.internalDoFilter(ApplicationFilterChain.java:205) ~[tomcat-embed-core-10.1.16.jar!/:na]
	at org.apache.catalina.core.ApplicationFilterChain.doFilter(ApplicationFilterChain.java:149) ~[tomcat-embed-core-10.1.16.jar!/:na]
	at org.apache.tomcat.websocket.server.WsFilter.doFilter(WsFilter.java:51) ~[tomcat-embed-websocket-10.1.16.jar!/:na]
	at org.apache.catalina.core.ApplicationFilterChain.internalDoFilter(ApplicationFilterChain.java:174) ~[tomcat-embed-core-10.1.16.jar!/:na]
	at org.apache.catalina.core.ApplicationFilterChain.doFilter(ApplicationFilterChain.java:149) ~[tomcat-embed-core-10.1.16.jar!/:na]
	at org.springframework.web.filter.RequestContextFilter.doFilterInternal(RequestContextFilter.java:100) ~[spring-web-6.1.1.jar!/:6.1.1]
	at org.springframework.web.filter.OncePerRequestFilter.doFilter(OncePerRequestFilter.java:116) ~[spring-web-6.1.1.jar!/:6.1.1]
	at org.apache.catalina.core.ApplicationFilterChain.internalDoFilter(ApplicationFilterChain.java:174) ~[tomcat-embed-core-10.1.16.jar!/:na]
	at org.apache.catalina.core.ApplicationFilterChain.doFilter(ApplicationFilterChain.java:149) ~[tomcat-embed-core-10.1.16.jar!/:na]
	at org.springframework.web.filter.FormContentFilter.doFilterInternal(FormContentFilter.java:93) ~[spring-web-6.1.1.jar!/:6.1.1]
	at org.springframework.web.filter.OncePerRequestFilter.doFilter(OncePerRequestFilter.java:116) ~[spring-web-6.1.1.jar!/:6.1.1]
	at org.apache.catalina.core.ApplicationFilterChain.internalDoFilter(ApplicationFilterChain.java:174) ~[tomcat-embed-core-10.1.16.jar!/:na]
	at org.apache.catalina.core.ApplicationFilterChain.doFilter(ApplicationFilterChain.java:149) ~[tomcat-embed-core-10.1.16.jar!/:na]
	at org.springframework.web.filter.ServerHttpObservationFilter.doFilterInternal(ServerHttpObservationFilter.java:109) ~[spring-web-6.1.1.jar!/:6.1.1]
	at org.springframework.web.filter.OncePerRequestFilter.doFilter(OncePerRequestFilter.java:116) ~[spring-web-6.1.1.jar!/:6.1.1]
	at org.apache.catalina.core.ApplicationFilterChain.internalDoFilter(ApplicationFilterChain.java:174) ~[tomcat-embed-core-10.1.16.jar!/:na]
	at org.apache.catalina.core.ApplicationFilterChain.doFilter(ApplicationFilterChain.java:149) ~[tomcat-embed-core-10.1.16.jar!/:na]
	at org.springframework.web.filter.CharacterEncodingFilter.doFilterInternal(CharacterEncodingFilter.java:201) ~[spring-web-6.1.1.jar!/:6.1.1]
	at org.springframework.web.filter.OncePerRequestFilter.doFilter(OncePerRequestFilter.java:116) ~[spring-web-6.1.1.jar!/:6.1.1]
	at org.apache.catalina.core.ApplicationFilterChain.internalDoFilter(ApplicationFilterChain.java:174) ~[tomcat-embed-core-10.1.16.jar!/:na]
	at org.apache.catalina.core.ApplicationFilterChain.doFilter(ApplicationFilterChain.java:149) ~[tomcat-embed-core-10.1.16.jar!/:na]
	at org.apache.catalina.core.StandardWrapperValve.invoke(StandardWrapperValve.java:167) ~[tomcat-embed-core-10.1.16.jar!/:na]
	at org.apache.catalina.core.StandardContextValve.invoke(StandardContextValve.java:90) ~[tomcat-embed-core-10.1.16.jar!/:na]
	at org.apache.catalina.authenticator.AuthenticatorBase.invoke(AuthenticatorBase.java:482) ~[tomcat-embed-core-10.1.16.jar!/:na]
	at org.apache.catalina.core.StandardHostValve.invoke(StandardHostValve.java:115) ~[tomcat-embed-core-10.1.16.jar!/:na]
	at org.apache.catalina.valves.ErrorReportValve.invoke(ErrorReportValve.java:93) ~[tomcat-embed-core-10.1.16.jar!/:na]
	at org.apache.catalina.core.StandardEngineValve.invoke(StandardEngineValve.java:74) ~[tomcat-embed-core-10.1.16.jar!/:na]
	at org.apache.catalina.connector.CoyoteAdapter.service(CoyoteAdapter.java:340) ~[tomcat-embed-core-10.1.16.jar!/:na]
	at org.apache.coyote.http11.Http11Processor.service(Http11Processor.java:391) ~[tomcat-embed-core-10.1.16.jar!/:na]
	at org.apache.coyote.AbstractProcessorLight.process(AbstractProcessorLight.java:63) ~[tomcat-embed-core-10.1.16.jar!/:na]
	at org.apache.coyote.AbstractProtocol$ConnectionHandler.process(AbstractProtocol.java:896) ~[tomcat-embed-core-10.1.16.jar!/:na]
	at org.apache.tomcat.util.net.NioEndpoint$SocketProcessor.doRun(NioEndpoint.java:1744) ~[tomcat-embed-core-10.1.16.jar!/:na]
	at org.apache.tomcat.util.net.SocketProcessorBase.run(SocketProcessorBase.java:52) ~[tomcat-embed-core-10.1.16.jar!/:na]
	at org.apache.tomcat.util.threads.ThreadPoolExecutor.runWorker(ThreadPoolExecutor.java:1191) ~[tomcat-embed-core-10.1.16.jar!/:na]
	at org.apache.tomcat.util.threads.ThreadPoolExecutor$Worker.run(ThreadPoolExecutor.java:659) ~[tomcat-embed-core-10.1.16.jar!/:na]
	at org.apache.tomcat.util.threads.TaskThread$WrappingRunnable.run(TaskThread.java:61) ~[tomcat-embed-core-10.1.16.jar!/:na]
	at java.base/java.lang.Thread.run(Thread.java:840) ~[na:na]

Hibernate: select ars1_0.shlt_id,ars1_0.ctpv_nm,ars1_0.daddr,ars1_0.fclt_nm,ars1_0.lat,ars1_0.lot,ars1_0.mng_dept_nm,ars1_0.sgg_nm from airstrike ars1_0 where ars1_0.shlt_id=?
Hibernate: insert into airstrike (ctpv_nm,daddr,fclt_nm,lat,lot,mng_dept_nm,sgg_nm,shlt_id) values (?,?,?,?,?,?,?,?)
2026-08-31T18:55:51.267+09:00  WARN 3319 --- [nio-8080-exec-7] o.h.engine.jdbc.spi.SqlExceptionHelper   : SQL Error: 1366, SQLState: HY000
2026-08-31T18:55:51.267+09:00 ERROR 3319 --- [nio-8080-exec-7] o.h.engine.jdbc.spi.SqlExceptionHelper   : Incorrect integer value: 'USER_01565c23-8a92-4ecb-9f01-23141b6b4e87' for column 'shlt_id' at row 1
2026-08-31T18:55:51.269+09:00 ERROR 3319 --- [nio-8080-exec-7] o.a.c.c.C.[.[.[/].[dispatcherServlet]    : Servlet.service() for servlet [dispatcherServlet] in context with path [] threw exception [Request processing failed: org.springframework.orm.jpa.JpaSystemException: could not execute statement [Incorrect integer value: 'USER_01565c23-8a92-4ecb-9f01-23141b6b4e87' for column 'shlt_id' at row 1] [insert into airstrike (ctpv_nm,daddr,fclt_nm,lat,lot,mng_dept_nm,sgg_nm,shlt_id) values (?,?,?,?,?,?,?,?)]] with root cause

java.sql.SQLException: Incorrect integer value: 'USER_01565c23-8a92-4ecb-9f01-23141b6b4e87' for column 'shlt_id' at row 1
	at com.mysql.cj.jdbc.exceptions.SQLError.createSQLException(SQLError.java:130) ~[mysql-connector-j-8.1.0.jar!/:8.1.0]
	at com.mysql.cj.jdbc.exceptions.SQLExceptionsMapping.translateException(SQLExceptionsMapping.java:122) ~[mysql-connector-j-8.1.0.jar!/:8.1.0]
	at com.mysql.cj.jdbc.ClientPreparedStatement.executeInternal(ClientPreparedStatement.java:916) ~[mysql-connector-j-8.1.0.jar!/:8.1.0]
	at com.mysql.cj.jdbc.ClientPreparedStatement.executeUpdateInternal(ClientPreparedStatement.java:1061) ~[mysql-connector-j-8.1.0.jar!/:8.1.0]
	at com.mysql.cj.jdbc.ClientPreparedStatement.executeUpdateInternal(ClientPreparedStatement.java:1009) ~[mysql-connector-j-8.1.0.jar!/:8.1.0]
	at com.mysql.cj.jdbc.ClientPreparedStatement.executeLargeUpdate(ClientPreparedStatement.java:1320) ~[mysql-connector-j-8.1.0.jar!/:8.1.0]
	at com.mysql.cj.jdbc.ClientPreparedStatement.executeUpdate(ClientPreparedStatement.java:994) ~[mysql-connector-j-8.1.0.jar!/:8.1.0]
	at com.zaxxer.hikari.pool.ProxyPreparedStatement.executeUpdate(ProxyPreparedStatement.java:61) ~[HikariCP-5.0.1.jar!/:na]
	at com.zaxxer.hikari.pool.HikariProxyPreparedStatement.executeUpdate(HikariProxyPreparedStatement.java) ~[HikariCP-5.0.1.jar!/:na]
	at org.hibernate.engine.jdbc.internal.ResultSetReturnImpl.executeUpdate(ResultSetReturnImpl.java:280) ~[hibernate-core-6.3.1.Final.jar!/:6.3.1.Final]
	at org.hibernate.engine.jdbc.mutation.internal.AbstractMutationExecutor.performNonBatchedMutation(AbstractMutationExecutor.java:107) ~[hibernate-core-6.3.1.Final.jar!/:6.3.1.Final]
	at org.hibernate.engine.jdbc.mutation.internal.MutationExecutorSingleNonBatched.performNonBatchedOperations(MutationExecutorSingleNonBatched.java:40) ~[hibernate-core-6.3.1.Final.jar!/:6.3.1.Final]
	at org.hibernate.engine.jdbc.mutation.internal.AbstractMutationExecutor.execute(AbstractMutationExecutor.java:52) ~[hibernate-core-6.3.1.Final.jar!/:6.3.1.Final]
	at org.hibernate.persister.entity.mutation.InsertCoordinator.doStaticInserts(InsertCoordinator.java:171) ~[hibernate-core-6.3.1.Final.jar!/:6.3.1.Final]
	at org.hibernate.persister.entity.mutation.InsertCoordinator.coordinateInsert(InsertCoordinator.java:112) ~[hibernate-core-6.3.1.Final.jar!/:6.3.1.Final]
	at org.hibernate.persister.entity.AbstractEntityPersister.insert(AbstractEntityPersister.java:2865) ~[hibernate-core-6.3.1.Final.jar!/:6.3.1.Final]
	at org.hibernate.action.internal.EntityInsertAction.execute(EntityInsertAction.java:102) ~[hibernate-core-6.3.1.Final.jar!/:6.3.1.Final]
	at org.hibernate.engine.spi.ActionQueue.executeActions(ActionQueue.java:631) ~[hibernate-core-6.3.1.Final.jar!/:6.3.1.Final]
	at org.hibernate.engine.spi.ActionQueue.executeActions(ActionQueue.java:498) ~[hibernate-core-6.3.1.Final.jar!/:6.3.1.Final]
	at org.hibernate.event.internal.AbstractFlushingEventListener.performExecutions(AbstractFlushingEventListener.java:363) ~[hibernate-core-6.3.1.Final.jar!/:6.3.1.Final]
	at org.hibernate.event.internal.DefaultFlushEventListener.onFlush(DefaultFlushEventListener.java:39) ~[hibernate-core-6.3.1.Final.jar!/:6.3.1.Final]
	at org.hibernate.event.service.internal.EventListenerGroupImpl.fireEventOnEachListener(EventListenerGroupImpl.java:127) ~[hibernate-core-6.3.1.Final.jar!/:6.3.1.Final]
	at org.hibernate.internal.SessionImpl.doFlush(SessionImpl.java:1415) ~[hibernate-core-6.3.1.Final.jar!/:6.3.1.Final]
	at org.hibernate.internal.SessionImpl.managedFlush(SessionImpl.java:496) ~[hibernate-core-6.3.1.Final.jar!/:6.3.1.Final]
	at org.hibernate.internal.SessionImpl.flushBeforeTransactionCompletion(SessionImpl.java:2325) ~[hibernate-core-6.3.1.Final.jar!/:6.3.1.Final]
	at org.hibernate.internal.SessionImpl.beforeTransactionCompletion(SessionImpl.java:1988) ~[hibernate-core-6.3.1.Final.jar!/:6.3.1.Final]
	at org.hibernate.engine.jdbc.internal.JdbcCoordinatorImpl.beforeTransactionCompletion(JdbcCoordinatorImpl.java:439) ~[hibernate-core-6.3.1.Final.jar!/:6.3.1.Final]
	at org.hibernate.resource.transaction.backend.jdbc.internal.JdbcResourceLocalTransactionCoordinatorImpl.beforeCompletionCallback(JdbcResourceLocalTransactionCoordinatorImpl.java:169) ~[hibernate-core-6.3.1.Final.jar!/:6.3.1.Final]
	at org.hibernate.resource.transaction.backend.jdbc.internal.JdbcResourceLocalTransactionCoordinatorImpl$TransactionDriverControlImpl.commit(JdbcResourceLocalTransactionCoordinatorImpl.java:267) ~[hibernate-core-6.3.1.Final.jar!/:6.3.1.Final]
	at org.hibernate.engine.transaction.internal.TransactionImpl.commit(TransactionImpl.java:101) ~[hibernate-core-6.3.1.Final.jar!/:6.3.1.Final]
	at org.springframework.orm.jpa.JpaTransactionManager.doCommit(JpaTransactionManager.java:561) ~[spring-orm-6.1.1.jar!/:6.1.1]
	at org.springframework.transaction.support.AbstractPlatformTransactionManager.processCommit(AbstractPlatformTransactionManager.java:794) ~[spring-tx-6.1.1.jar!/:6.1.1]
	at org.springframework.transaction.support.AbstractPlatformTransactionManager.commit(AbstractPlatformTransactionManager.java:757) ~[spring-tx-6.1.1.jar!/:6.1.1]
	at org.springframework.transaction.interceptor.TransactionAspectSupport.commitTransactionAfterReturning(TransactionAspectSupport.java:669) ~[spring-tx-6.1.1.jar!/:6.1.1]
	at org.springframework.transaction.interceptor.TransactionAspectSupport.invokeWithinTransaction(TransactionAspectSupport.java:419) ~[spring-tx-6.1.1.jar!/:6.1.1]
	at org.springframework.transaction.interceptor.TransactionInterceptor.invoke(TransactionInterceptor.java:119) ~[spring-tx-6.1.1.jar!/:6.1.1]
	at org.springframework.aop.framework.ReflectiveMethodInvocation.proceed(ReflectiveMethodInvocation.java:184) ~[spring-aop-6.1.1.jar!/:6.1.1]
	at org.springframework.aop.framework.CglibAopProxy$CglibMethodInvocation.proceed(CglibAopProxy.java:765) ~[spring-aop-6.1.1.jar!/:6.1.1]
	at org.springframework.aop.framework.CglibAopProxy$DynamicAdvisedInterceptor.intercept(CglibAopProxy.java:717) ~[spring-aop-6.1.1.jar!/:6.1.1]
	at com.example.demo.service.AirRaidShelterService$$SpringCGLIB$$0.save(<generated>) ~[!/:0.0.1-SNAPSHOT]
	at com.example.demo.controller.AirRaidShelterController.writeAirRaidShelter(AirRaidShelterController.java:54) ~[!/:0.0.1-SNAPSHOT]
	at java.base/jdk.internal.reflect.NativeMethodAccessorImpl.invoke0(Native Method) ~[na:na]
	at java.base/jdk.internal.reflect.NativeMethodAccessorImpl.invoke(NativeMethodAccessorImpl.java:77) ~[na:na]
	at java.base/jdk.internal.reflect.DelegatingMethodAccessorImpl.invoke(DelegatingMethodAccessorImpl.java:43) ~[na:na]
	at java.base/java.lang.reflect.Method.invoke(Method.java:569) ~[na:na]
	at org.springframework.web.method.support.InvocableHandlerMethod.doInvoke(InvocableHandlerMethod.java:254) ~[spring-web-6.1.1.jar!/:6.1.1]
	at org.springframework.web.method.support.InvocableHandlerMethod.invokeForRequest(InvocableHandlerMethod.java:182) ~[spring-web-6.1.1.jar!/:6.1.1]
	at org.springframework.web.servlet.mvc.method.annotation.ServletInvocableHandlerMethod.invokeAndHandle(ServletInvocableHandlerMethod.java:118) ~[spring-webmvc-6.1.1.jar!/:6.1.1]
	at org.springframework.web.servlet.mvc.method.annotation.RequestMappingHandlerAdapter.invokeHandlerMethod(RequestMappingHandlerAdapter.java:917) ~[spring-webmvc-6.1.1.jar!/:6.1.1]
	at org.springframework.web.servlet.mvc.method.annotation.RequestMappingHandlerAdapter.handleInternal(RequestMappingHandlerAdapter.java:829) ~[spring-webmvc-6.1.1.jar!/:6.1.1]
	at org.springframework.web.servlet.mvc.method.AbstractHandlerMethodAdapter.handle(AbstractHandlerMethodAdapter.java:87) ~[spring-webmvc-6.1.1.jar!/:6.1.1]
	at org.springframework.web.servlet.DispatcherServlet.doDispatch(DispatcherServlet.java:1089) ~[spring-webmvc-6.1.1.jar!/:6.1.1]
	at org.springframework.web.servlet.DispatcherServlet.doService(DispatcherServlet.java:979) ~[spring-webmvc-6.1.1.jar!/:6.1.1]
	at org.springframework.web.servlet.FrameworkServlet.processRequest(FrameworkServlet.java:1014) ~[spring-webmvc-6.1.1.jar!/:6.1.1]
	at org.springframework.web.servlet.FrameworkServlet.doPost(FrameworkServlet.java:914) ~[spring-webmvc-6.1.1.jar!/:6.1.1]
	at jakarta.servlet.http.HttpServlet.service(HttpServlet.java:590) ~[tomcat-embed-core-10.1.16.jar!/:na]
	at org.springframework.web.servlet.FrameworkServlet.service(FrameworkServlet.java:885) ~[spring-webmvc-6.1.1.jar!/:6.1.1]
	at jakarta.servlet.http.HttpServlet.service(HttpServlet.java:658) ~[tomcat-embed-core-10.1.16.jar!/:na]
	at org.apache.catalina.core.ApplicationFilterChain.internalDoFilter(ApplicationFilterChain.java:205) ~[tomcat-embed-core-10.1.16.jar!/:na]
	at org.apache.catalina.core.ApplicationFilterChain.doFilter(ApplicationFilterChain.java:149) ~[tomcat-embed-core-10.1.16.jar!/:na]
	at org.apache.tomcat.websocket.server.WsFilter.doFilter(WsFilter.java:51) ~[tomcat-embed-websocket-10.1.16.jar!/:na]
	at org.apache.catalina.core.ApplicationFilterChain.internalDoFilter(ApplicationFilterChain.java:174) ~[tomcat-embed-core-10.1.16.jar!/:na]
	at org.apache.catalina.core.ApplicationFilterChain.doFilter(ApplicationFilterChain.java:149) ~[tomcat-embed-core-10.1.16.jar!/:na]
	at org.springframework.web.filter.RequestContextFilter.doFilterInternal(RequestContextFilter.java:100) ~[spring-web-6.1.1.jar!/:6.1.1]
	at org.springframework.web.filter.OncePerRequestFilter.doFilter(OncePerRequestFilter.java:116) ~[spring-web-6.1.1.jar!/:6.1.1]
	at org.apache.catalina.core.ApplicationFilterChain.internalDoFilter(ApplicationFilterChain.java:174) ~[tomcat-embed-core-10.1.16.jar!/:na]
	at org.apache.catalina.core.ApplicationFilterChain.doFilter(ApplicationFilterChain.java:149) ~[tomcat-embed-core-10.1.16.jar!/:na]
	at org.springframework.web.filter.FormContentFilter.doFilterInternal(FormContentFilter.java:93) ~[spring-web-6.1.1.jar!/:6.1.1]
	at org.springframework.web.filter.OncePerRequestFilter.doFilter(OncePerRequestFilter.java:116) ~[spring-web-6.1.1.jar!/:6.1.1]
	at org.apache.catalina.core.ApplicationFilterChain.internalDoFilter(ApplicationFilterChain.java:174) ~[tomcat-embed-core-10.1.16.jar!/:na]
	at org.apache.catalina.core.ApplicationFilterChain.doFilter(ApplicationFilterChain.java:149) ~[tomcat-embed-core-10.1.16.jar!/:na]
	at org.springframework.web.filter.ServerHttpObservationFilter.doFilterInternal(ServerHttpObservationFilter.java:109) ~[spring-web-6.1.1.jar!/:6.1.1]
	at org.springframework.web.filter.OncePerRequestFilter.doFilter(OncePerRequestFilter.java:116) ~[spring-web-6.1.1.jar!/:6.1.1]
	at org.apache.catalina.core.ApplicationFilterChain.internalDoFilter(ApplicationFilterChain.java:174) ~[tomcat-embed-core-10.1.16.jar!/:na]
	at org.apache.catalina.core.ApplicationFilterChain.doFilter(ApplicationFilterChain.java:149) ~[tomcat-embed-core-10.1.16.jar!/:na]
	at org.springframework.web.filter.CharacterEncodingFilter.doFilterInternal(CharacterEncodingFilter.java:201) ~[spring-web-6.1.1.jar!/:6.1.1]
	at org.springframework.web.filter.OncePerRequestFilter.doFilter(OncePerRequestFilter.java:116) ~[spring-web-6.1.1.jar!/:6.1.1]
	at org.apache.catalina.core.ApplicationFilterChain.internalDoFilter(ApplicationFilterChain.java:174) ~[tomcat-embed-core-10.1.16.jar!/:na]
	at org.apache.catalina.core.ApplicationFilterChain.doFilter(ApplicationFilterChain.java:149) ~[tomcat-embed-core-10.1.16.jar!/:na]
	at org.apache.catalina.core.StandardWrapperValve.invoke(StandardWrapperValve.java:167) ~[tomcat-embed-core-10.1.16.jar!/:na]
	at org.apache.catalina.core.StandardContextValve.invoke(StandardContextValve.java:90) ~[tomcat-embed-core-10.1.16.jar!/:na]
	at org.apache.catalina.authenticator.AuthenticatorBase.invoke(AuthenticatorBase.java:482) ~[tomcat-embed-core-10.1.16.jar!/:na]
	at org.apache.catalina.core.StandardHostValve.invoke(StandardHostValve.java:115) ~[tomcat-embed-core-10.1.16.jar!/:na]
	at org.apache.catalina.valves.ErrorReportValve.invoke(ErrorReportValve.java:93) ~[tomcat-embed-core-10.1.16.jar!/:na]
	at org.apache.catalina.core.StandardEngineValve.invoke(StandardEngineValve.java:74) ~[tomcat-embed-core-10.1.16.jar!/:na]
	at org.apache.catalina.connector.CoyoteAdapter.service(CoyoteAdapter.java:340) ~[tomcat-embed-core-10.1.16.jar!/:na]
	at org.apache.coyote.http11.Http11Processor.service(Http11Processor.java:391) ~[tomcat-embed-core-10.1.16.jar!/:na]
	at org.apache.coyote.AbstractProcessorLight.process(AbstractProcessorLight.java:63) ~[tomcat-embed-core-10.1.16.jar!/:na]
	at org.apache.coyote.AbstractProtocol$ConnectionHandler.process(AbstractProtocol.java:896) ~[tomcat-embed-core-10.1.16.jar!/:na]
	at org.apache.tomcat.util.net.NioEndpoint$SocketProcessor.doRun(NioEndpoint.java:1744) ~[tomcat-embed-core-10.1.16.jar!/:na]
	at org.apache.tomcat.util.net.SocketProcessorBase.run(SocketProcessorBase.java:52) ~[tomcat-embed-core-10.1.16.jar!/:na]
	at org.apache.tomcat.util.threads.ThreadPoolExecutor.runWorker(ThreadPoolExecutor.java:1191) ~[tomcat-embed-core-10.1.16.jar!/:na]
	at org.apache.tomcat.util.threads.ThreadPoolExecutor$Worker.run(ThreadPoolExecutor.java:659) ~[tomcat-embed-core-10.1.16.jar!/:na]
	at org.apache.tomcat.util.threads.TaskThread$WrappingRunnable.run(TaskThread.java:61) ~[tomcat-embed-core-10.1.16.jar!/:na]
	at java.base/java.lang.Thread.run(Thread.java:840) ~[na:na]

Hibernate: select ars1_0.shlt_id,ars1_0.ctpv_nm,ars1_0.daddr,ars1_0.fclt_nm,ars1_0.lat,ars1_0.lot,ars1_0.mng_dept_nm,ars1_0.sgg_nm from airstrike ars1_0 where ars1_0.shlt_id=?
Hibernate: insert into airstrike (ctpv_nm,daddr,fclt_nm,lat,lot,mng_dept_nm,sgg_nm,shlt_id) values (?,?,?,?,?,?,?,?)
2026-08-31T18:55:53.968+09:00  WARN 3319 --- [nio-8080-exec-1] o.h.engine.jdbc.spi.SqlExceptionHelper   : SQL Error: 1366, SQLState: HY000
2026-08-31T18:55:53.968+09:00 ERROR 3319 --- [nio-8080-exec-1] o.h.engine.jdbc.spi.SqlExceptionHelper   : Incorrect integer value: 'USER_18c403f0-3dd8-4f1c-9023-490adac35321' for column 'shlt_id' at row 1
2026-08-31T18:55:53.969+09:00 ERROR 3319 --- [nio-8080-exec-1] o.a.c.c.C.[.[.[/].[dispatcherServlet]    : Servlet.service() for servlet [dispatcherServlet] in context with path [] threw exception [Request processing failed: org.springframework.orm.jpa.JpaSystemException: could not execute statement [Incorrect integer value: 'USER_18c403f0-3dd8-4f1c-9023-490adac35321' for column 'shlt_id' at row 1] [insert into airstrike (ctpv_nm,daddr,fclt_nm,lat,lot,mng_dept_nm,sgg_nm,shlt_id) values (?,?,?,?,?,?,?,?)]] with root cause

java.sql.SQLException: Incorrect integer value: 'USER_18c403f0-3dd8-4f1c-9023-490adac35321' for column 'shlt_id' at row 1
	at com.mysql.cj.jdbc.exceptions.SQLError.createSQLException(SQLError.java:130) ~[mysql-connector-j-8.1.0.jar!/:8.1.0]
	at com.mysql.cj.jdbc.exceptions.SQLExceptionsMapping.translateException(SQLExceptionsMapping.java:122) ~[mysql-connector-j-8.1.0.jar!/:8.1.0]
	at com.mysql.cj.jdbc.ClientPreparedStatement.executeInternal(ClientPreparedStatement.java:916) ~[mysql-connector-j-8.1.0.jar!/:8.1.0]
	at com.mysql.cj.jdbc.ClientPreparedStatement.executeUpdateInternal(ClientPreparedStatement.java:1061) ~[mysql-connector-j-8.1.0.jar!/:8.1.0]
	at com.mysql.cj.jdbc.ClientPreparedStatement.executeUpdateInternal(ClientPreparedStatement.java:1009) ~[mysql-connector-j-8.1.0.jar!/:8.1.0]
	at com.mysql.cj.jdbc.ClientPreparedStatement.executeLargeUpdate(ClientPreparedStatement.java:1320) ~[mysql-connector-j-8.1.0.jar!/:8.1.0]
	at com.mysql.cj.jdbc.ClientPreparedStatement.executeUpdate(ClientPreparedStatement.java:994) ~[mysql-connector-j-8.1.0.jar!/:8.1.0]
	at com.zaxxer.hikari.pool.ProxyPreparedStatement.executeUpdate(ProxyPreparedStatement.java:61) ~[HikariCP-5.0.1.jar!/:na]
	at com.zaxxer.hikari.pool.HikariProxyPreparedStatement.executeUpdate(HikariProxyPreparedStatement.java) ~[HikariCP-5.0.1.jar!/:na]
	at org.hibernate.engine.jdbc.internal.ResultSetReturnImpl.executeUpdate(ResultSetReturnImpl.java:280) ~[hibernate-core-6.3.1.Final.jar!/:6.3.1.Final]
	at org.hibernate.engine.jdbc.mutation.internal.AbstractMutationExecutor.performNonBatchedMutation(AbstractMutationExecutor.java:107) ~[hibernate-core-6.3.1.Final.jar!/:6.3.1.Final]
	at org.hibernate.engine.jdbc.mutation.internal.MutationExecutorSingleNonBatched.performNonBatchedOperations(MutationExecutorSingleNonBatched.java:40) ~[hibernate-core-6.3.1.Final.jar!/:6.3.1.Final]
	at org.hibernate.engine.jdbc.mutation.internal.AbstractMutationExecutor.execute(AbstractMutationExecutor.java:52) ~[hibernate-core-6.3.1.Final.jar!/:6.3.1.Final]
	at org.hibernate.persister.entity.mutation.InsertCoordinator.doStaticInserts(InsertCoordinator.java:171) ~[hibernate-core-6.3.1.Final.jar!/:6.3.1.Final]
	at org.hibernate.persister.entity.mutation.InsertCoordinator.coordinateInsert(InsertCoordinator.java:112) ~[hibernate-core-6.3.1.Final.jar!/:6.3.1.Final]
	at org.hibernate.persister.entity.AbstractEntityPersister.insert(AbstractEntityPersister.java:2865) ~[hibernate-core-6.3.1.Final.jar!/:6.3.1.Final]
	at org.hibernate.action.internal.EntityInsertAction.execute(EntityInsertAction.java:102) ~[hibernate-core-6.3.1.Final.jar!/:6.3.1.Final]
	at org.hibernate.engine.spi.ActionQueue.executeActions(ActionQueue.java:631) ~[hibernate-core-6.3.1.Final.jar!/:6.3.1.Final]
	at org.hibernate.engine.spi.ActionQueue.executeActions(ActionQueue.java:498) ~[hibernate-core-6.3.1.Final.jar!/:6.3.1.Final]
	at org.hibernate.event.internal.AbstractFlushingEventListener.performExecutions(AbstractFlushingEventListener.java:363) ~[hibernate-core-6.3.1.Final.jar!/:6.3.1.Final]
	at org.hibernate.event.internal.DefaultFlushEventListener.onFlush(DefaultFlushEventListener.java:39) ~[hibernate-core-6.3.1.Final.jar!/:6.3.1.Final]
	at org.hibernate.event.service.internal.EventListenerGroupImpl.fireEventOnEachListener(EventListenerGroupImpl.java:127) ~[hibernate-core-6.3.1.Final.jar!/:6.3.1.Final]
	at org.hibernate.internal.SessionImpl.doFlush(SessionImpl.java:1415) ~[hibernate-core-6.3.1.Final.jar!/:6.3.1.Final]
	at org.hibernate.internal.SessionImpl.managedFlush(SessionImpl.java:496) ~[hibernate-core-6.3.1.Final.jar!/:6.3.1.Final]
	at org.hibernate.internal.SessionImpl.flushBeforeTransactionCompletion(SessionImpl.java:2325) ~[hibernate-core-6.3.1.Final.jar!/:6.3.1.Final]
	at org.hibernate.internal.SessionImpl.beforeTransactionCompletion(SessionImpl.java:1988) ~[hibernate-core-6.3.1.Final.jar!/:6.3.1.Final]
	at org.hibernate.engine.jdbc.internal.JdbcCoordinatorImpl.beforeTransactionCompletion(JdbcCoordinatorImpl.java:439) ~[hibernate-core-6.3.1.Final.jar!/:6.3.1.Final]
	at org.hibernate.resource.transaction.backend.jdbc.internal.JdbcResourceLocalTransactionCoordinatorImpl.beforeCompletionCallback(JdbcResourceLocalTransactionCoordinatorImpl.java:169) ~[hibernate-core-6.3.1.Final.jar!/:6.3.1.Final]
	at org.hibernate.resource.transaction.backend.jdbc.internal.JdbcResourceLocalTransactionCoordinatorImpl$TransactionDriverControlImpl.commit(JdbcResourceLocalTransactionCoordinatorImpl.java:267) ~[hibernate-core-6.3.1.Final.jar!/:6.3.1.Final]
	at org.hibernate.engine.transaction.internal.TransactionImpl.commit(TransactionImpl.java:101) ~[hibernate-core-6.3.1.Final.jar!/:6.3.1.Final]
	at org.springframework.orm.jpa.JpaTransactionManager.doCommit(JpaTransactionManager.java:561) ~[spring-orm-6.1.1.jar!/:6.1.1]
	at org.springframework.transaction.support.AbstractPlatformTransactionManager.processCommit(AbstractPlatformTransactionManager.java:794) ~[spring-tx-6.1.1.jar!/:6.1.1]
	at org.springframework.transaction.support.AbstractPlatformTransactionManager.commit(AbstractPlatformTransactionManager.java:757) ~[spring-tx-6.1.1.jar!/:6.1.1]
	at org.springframework.transaction.interceptor.TransactionAspectSupport.commitTransactionAfterReturning(TransactionAspectSupport.java:669) ~[spring-tx-6.1.1.jar!/:6.1.1]
	at org.springframework.transaction.interceptor.TransactionAspectSupport.invokeWithinTransaction(TransactionAspectSupport.java:419) ~[spring-tx-6.1.1.jar!/:6.1.1]
	at org.springframework.transaction.interceptor.TransactionInterceptor.invoke(TransactionInterceptor.java:119) ~[spring-tx-6.1.1.jar!/:6.1.1]
	at org.springframework.aop.framework.ReflectiveMethodInvocation.proceed(ReflectiveMethodInvocation.java:184) ~[spring-aop-6.1.1.jar!/:6.1.1]
	at org.springframework.aop.framework.CglibAopProxy$CglibMethodInvocation.proceed(CglibAopProxy.java:765) ~[spring-aop-6.1.1.jar!/:6.1.1]
	at org.springframework.aop.framework.CglibAopProxy$DynamicAdvisedInterceptor.intercept(CglibAopProxy.java:717) ~[spring-aop-6.1.1.jar!/:6.1.1]
	at com.example.demo.service.AirRaidShelterService$$SpringCGLIB$$0.save(<generated>) ~[!/:0.0.1-SNAPSHOT]
	at com.example.demo.controller.AirRaidShelterController.writeAirRaidShelter(AirRaidShelterController.java:54) ~[!/:0.0.1-SNAPSHOT]
	at java.base/jdk.internal.reflect.NativeMethodAccessorImpl.invoke0(Native Method) ~[na:na]
	at java.base/jdk.internal.reflect.NativeMethodAccessorImpl.invoke(NativeMethodAccessorImpl.java:77) ~[na:na]
	at java.base/jdk.internal.reflect.DelegatingMethodAccessorImpl.invoke(DelegatingMethodAccessorImpl.java:43) ~[na:na]
	at java.base/java.lang.reflect.Method.invoke(Method.java:569) ~[na:na]
	at org.springframework.web.method.support.InvocableHandlerMethod.doInvoke(InvocableHandlerMethod.java:254) ~[spring-web-6.1.1.jar!/:6.1.1]
	at org.springframework.web.method.support.InvocableHandlerMethod.invokeForRequest(InvocableHandlerMethod.java:182) ~[spring-web-6.1.1.jar!/:6.1.1]
	at org.springframework.web.servlet.mvc.method.annotation.ServletInvocableHandlerMethod.invokeAndHandle(ServletInvocableHandlerMethod.java:118) ~[spring-webmvc-6.1.1.jar!/:6.1.1]
	at org.springframework.web.servlet.mvc.method.annotation.RequestMappingHandlerAdapter.invokeHandlerMethod(RequestMappingHandlerAdapter.java:917) ~[spring-webmvc-6.1.1.jar!/:6.1.1]
	at org.springframework.web.servlet.mvc.method.annotation.RequestMappingHandlerAdapter.handleInternal(RequestMappingHandlerAdapter.java:829) ~[spring-webmvc-6.1.1.jar!/:6.1.1]
	at org.springframework.web.servlet.mvc.method.AbstractHandlerMethodAdapter.handle(AbstractHandlerMethodAdapter.java:87) ~[spring-webmvc-6.1.1.jar!/:6.1.1]
	at org.springframework.web.servlet.DispatcherServlet.doDispatch(DispatcherServlet.java:1089) ~[spring-webmvc-6.1.1.jar!/:6.1.1]
	at org.springframework.web.servlet.DispatcherServlet.doService(DispatcherServlet.java:979) ~[spring-webmvc-6.1.1.jar!/:6.1.1]
	at org.springframework.web.servlet.FrameworkServlet.processRequest(FrameworkServlet.java:1014) ~[spring-webmvc-6.1.1.jar!/:6.1.1]
	at org.springframework.web.servlet.FrameworkServlet.doPost(FrameworkServlet.java:914) ~[spring-webmvc-6.1.1.jar!/:6.1.1]
	at jakarta.servlet.http.HttpServlet.service(HttpServlet.java:590) ~[tomcat-embed-core-10.1.16.jar!/:na]
	at org.springframework.web.servlet.FrameworkServlet.service(FrameworkServlet.java:885) ~[spring-webmvc-6.1.1.jar!/:6.1.1]
	at jakarta.servlet.http.HttpServlet.service(HttpServlet.java:658) ~[tomcat-embed-core-10.1.16.jar!/:na]
	at org.apache.catalina.core.ApplicationFilterChain.internalDoFilter(ApplicationFilterChain.java:205) ~[tomcat-embed-core-10.1.16.jar!/:na]
	at org.apache.catalina.core.ApplicationFilterChain.doFilter(ApplicationFilterChain.java:149) ~[tomcat-embed-core-10.1.16.jar!/:na]
	at org.apache.tomcat.websocket.server.WsFilter.doFilter(WsFilter.java:51) ~[tomcat-embed-websocket-10.1.16.jar!/:na]
	at org.apache.catalina.core.ApplicationFilterChain.internalDoFilter(ApplicationFilterChain.java:174) ~[tomcat-embed-core-10.1.16.jar!/:na]
	at org.apache.catalina.core.ApplicationFilterChain.doFilter(ApplicationFilterChain.java:149) ~[tomcat-embed-core-10.1.16.jar!/:na]
	at org.springframework.web.filter.RequestContextFilter.doFilterInternal(RequestContextFilter.java:100) ~[spring-web-6.1.1.jar!/:6.1.1]
	at org.springframework.web.filter.OncePerRequestFilter.doFilter(OncePerRequestFilter.java:116) ~[spring-web-6.1.1.jar!/:6.1.1]
	at org.apache.catalina.core.ApplicationFilterChain.internalDoFilter(ApplicationFilterChain.java:174) ~[tomcat-embed-core-10.1.16.jar!/:na]
	at org.apache.catalina.core.ApplicationFilterChain.doFilter(ApplicationFilterChain.java:149) ~[tomcat-embed-core-10.1.16.jar!/:na]
	at org.springframework.web.filter.FormContentFilter.doFilterInternal(FormContentFilter.java:93) ~[spring-web-6.1.1.jar!/:6.1.1]
	at org.springframework.web.filter.OncePerRequestFilter.doFilter(OncePerRequestFilter.java:116) ~[spring-web-6.1.1.jar!/:6.1.1]
	at org.apache.catalina.core.ApplicationFilterChain.internalDoFilter(ApplicationFilterChain.java:174) ~[tomcat-embed-core-10.1.16.jar!/:na]
	at org.apache.catalina.core.ApplicationFilterChain.doFilter(ApplicationFilterChain.java:149) ~[tomcat-embed-core-10.1.16.jar!/:na]
	at org.springframework.web.filter.ServerHttpObservationFilter.doFilterInternal(ServerHttpObservationFilter.java:109) ~[spring-web-6.1.1.jar!/:6.1.1]
	at org.springframework.web.filter.OncePerRequestFilter.doFilter(OncePerRequestFilter.java:116) ~[spring-web-6.1.1.jar!/:6.1.1]
	at org.apache.catalina.core.ApplicationFilterChain.internalDoFilter(ApplicationFilterChain.java:174) ~[tomcat-embed-core-10.1.16.jar!/:na]
	at org.apache.catalina.core.ApplicationFilterChain.doFilter(ApplicationFilterChain.java:149) ~[tomcat-embed-core-10.1.16.jar!/:na]
	at org.springframework.web.filter.CharacterEncodingFilter.doFilterInternal(CharacterEncodingFilter.java:201) ~[spring-web-6.1.1.jar!/:6.1.1]
	at org.springframework.web.filter.OncePerRequestFilter.doFilter(OncePerRequestFilter.java:116) ~[spring-web-6.1.1.jar!/:6.1.1]
	at org.apache.catalina.core.ApplicationFilterChain.internalDoFilter(ApplicationFilterChain.java:174) ~[tomcat-embed-core-10.1.16.jar!/:na]
	at org.apache.catalina.core.ApplicationFilterChain.doFilter(ApplicationFilterChain.java:149) ~[tomcat-embed-core-10.1.16.jar!/:na]
	at org.apache.catalina.core.StandardWrapperValve.invoke(StandardWrapperValve.java:167) ~[tomcat-embed-core-10.1.16.jar!/:na]
	at org.apache.catalina.core.StandardContextValve.invoke(StandardContextValve.java:90) ~[tomcat-embed-core-10.1.16.jar!/:na]
	at org.apache.catalina.authenticator.AuthenticatorBase.invoke(AuthenticatorBase.java:482) ~[tomcat-embed-core-10.1.16.jar!/:na]
	at org.apache.catalina.core.StandardHostValve.invoke(StandardHostValve.java:115) ~[tomcat-embed-core-10.1.16.jar!/:na]
	at org.apache.catalina.valves.ErrorReportValve.invoke(ErrorReportValve.java:93) ~[tomcat-embed-core-10.1.16.jar!/:na]
	at org.apache.catalina.core.StandardEngineValve.invoke(StandardEngineValve.java:74) ~[tomcat-embed-core-10.1.16.jar!/:na]
	at org.apache.catalina.connector.CoyoteAdapter.service(CoyoteAdapter.java:340) ~[tomcat-embed-core-10.1.16.jar!/:na]
	at org.apache.coyote.http11.Http11Processor.service(Http11Processor.java:391) ~[tomcat-embed-core-10.1.16.jar!/:na]
	at org.apache.coyote.AbstractProcessorLight.process(AbstractProcessorLight.java:63) ~[tomcat-embed-core-10.1.16.jar!/:na]
	at org.apache.coyote.AbstractProtocol$ConnectionHandler.process(AbstractProtocol.java:896) ~[tomcat-embed-core-10.1.16.jar!/:na]
	at org.apache.tomcat.util.net.NioEndpoint$SocketProcessor.doRun(NioEndpoint.java:1744) ~[tomcat-embed-core-10.1.16.jar!/:na]
	at org.apache.tomcat.util.net.SocketProcessorBase.run(SocketProcessorBase.java:52) ~[tomcat-embed-core-10.1.16.jar!/:na]
	at org.apache.tomcat.util.threads.ThreadPoolExecutor.runWorker(ThreadPoolExecutor.java:1191) ~[tomcat-embed-core-10.1.16.jar!/:na]
	at org.apache.tomcat.util.threads.ThreadPoolExecutor$Worker.run(ThreadPoolExecutor.java:659) ~[tomcat-embed-core-10.1.16.jar!/:na]
	at org.apache.tomcat.util.threads.TaskThread$WrappingRunnable.run(TaskThread.java:61) ~[tomcat-embed-core-10.1.16.jar!/:na]
	at java.base/java.lang.Thread.run(Thread.java:840) ~[na:na]

Hibernate: select ars1_0.shlt_id,ars1_0.ctpv_nm,ars1_0.daddr,ars1_0.fclt_nm,ars1_0.lat,ars1_0.lot,ars1_0.mng_dept_nm,ars1_0.sgg_nm from airstrike ars1_0 where ars1_0.shlt_id=?
Hibernate: insert into airstrike (ctpv_nm,daddr,fclt_nm,lat,lot,mng_dept_nm,sgg_nm,shlt_id) values (?,?,?,?,?,?,?,?)
2026-08-31T18:55:57.372+09:00  WARN 3319 --- [nio-8080-exec-8] o.h.engine.jdbc.spi.SqlExceptionHelper   : SQL Error: 1366, SQLState: HY000
2026-08-31T18:55:57.372+09:00 ERROR 3319 --- [nio-8080-exec-8] o.h.engine.jdbc.spi.SqlExceptionHelper   : Incorrect integer value: 'USER_6cdf858f-77d1-4b7b-85d2-8920c6e1ec30' for column 'shlt_id' at row 1
2026-08-31T18:55:57.373+09:00 ERROR 3319 --- [nio-8080-exec-8] o.a.c.c.C.[.[.[/].[dispatcherServlet]    : Servlet.service() for servlet [dispatcherServlet] in context with path [] threw exception [Request processing failed: org.springframework.orm.jpa.JpaSystemException: could not execute statement [Incorrect integer value: 'USER_6cdf858f-77d1-4b7b-85d2-8920c6e1ec30' for column 'shlt_id' at row 1] [insert into airstrike (ctpv_nm,daddr,fclt_nm,lat,lot,mng_dept_nm,sgg_nm,shlt_id) values (?,?,?,?,?,?,?,?)]] with root cause

java.sql.SQLException: Incorrect integer value: 'USER_6cdf858f-77d1-4b7b-85d2-8920c6e1ec30' for column 'shlt_id' at row 1
	at com.mysql.cj.jdbc.exceptions.SQLError.createSQLException(SQLError.java:130) ~[mysql-connector-j-8.1.0.jar!/:8.1.0]
	at com.mysql.cj.jdbc.exceptions.SQLExceptionsMapping.translateException(SQLExceptionsMapping.java:122) ~[mysql-connector-j-8.1.0.jar!/:8.1.0]
	at com.mysql.cj.jdbc.ClientPreparedStatement.executeInternal(ClientPreparedStatement.java:916) ~[mysql-connector-j-8.1.0.jar!/:8.1.0]
	at com.mysql.cj.jdbc.ClientPreparedStatement.executeUpdateInternal(ClientPreparedStatement.java:1061) ~[mysql-connector-j-8.1.0.jar!/:8.1.0]
	at com.mysql.cj.jdbc.ClientPreparedStatement.executeUpdateInternal(ClientPreparedStatement.java:1009) ~[mysql-connector-j-8.1.0.jar!/:8.1.0]
	at com.mysql.cj.jdbc.ClientPreparedStatement.executeLargeUpdate(ClientPreparedStatement.java:1320) ~[mysql-connector-j-8.1.0.jar!/:8.1.0]
	at com.mysql.cj.jdbc.ClientPreparedStatement.executeUpdate(ClientPreparedStatement.java:994) ~[mysql-connector-j-8.1.0.jar!/:8.1.0]
	at com.zaxxer.hikari.pool.ProxyPreparedStatement.executeUpdate(ProxyPreparedStatement.java:61) ~[HikariCP-5.0.1.jar!/:na]
	at com.zaxxer.hikari.pool.HikariProxyPreparedStatement.executeUpdate(HikariProxyPreparedStatement.java) ~[HikariCP-5.0.1.jar!/:na]
	at org.hibernate.engine.jdbc.internal.ResultSetReturnImpl.executeUpdate(ResultSetReturnImpl.java:280) ~[hibernate-core-6.3.1.Final.jar!/:6.3.1.Final]
	at org.hibernate.engine.jdbc.mutation.internal.AbstractMutationExecutor.performNonBatchedMutation(AbstractMutationExecutor.java:107) ~[hibernate-core-6.3.1.Final.jar!/:6.3.1.Final]
	at org.hibernate.engine.jdbc.mutation.internal.MutationExecutorSingleNonBatched.performNonBatchedOperations(MutationExecutorSingleNonBatched.java:40) ~[hibernate-core-6.3.1.Final.jar!/:6.3.1.Final]
	at org.hibernate.engine.jdbc.mutation.internal.AbstractMutationExecutor.execute(AbstractMutationExecutor.java:52) ~[hibernate-core-6.3.1.Final.jar!/:6.3.1.Final]
	at org.hibernate.persister.entity.mutation.InsertCoordinator.doStaticInserts(InsertCoordinator.java:171) ~[hibernate-core-6.3.1.Final.jar!/:6.3.1.Final]
	at org.hibernate.persister.entity.mutation.InsertCoordinator.coordinateInsert(InsertCoordinator.java:112) ~[hibernate-core-6.3.1.Final.jar!/:6.3.1.Final]
	at org.hibernate.persister.entity.AbstractEntityPersister.insert(AbstractEntityPersister.java:2865) ~[hibernate-core-6.3.1.Final.jar!/:6.3.1.Final]
	at org.hibernate.action.internal.EntityInsertAction.execute(EntityInsertAction.java:102) ~[hibernate-core-6.3.1.Final.jar!/:6.3.1.Final]
	at org.hibernate.engine.spi.ActionQueue.executeActions(ActionQueue.java:631) ~[hibernate-core-6.3.1.Final.jar!/:6.3.1.Final]
	at org.hibernate.engine.spi.ActionQueue.executeActions(ActionQueue.java:498) ~[hibernate-core-6.3.1.Final.jar!/:6.3.1.Final]
	at org.hibernate.event.internal.AbstractFlushingEventListener.performExecutions(AbstractFlushingEventListener.java:363) ~[hibernate-core-6.3.1.Final.jar!/:6.3.1.Final]
	at org.hibernate.event.internal.DefaultFlushEventListener.onFlush(DefaultFlushEventListener.java:39) ~[hibernate-core-6.3.1.Final.jar!/:6.3.1.Final]
	at org.hibernate.event.service.internal.EventListenerGroupImpl.fireEventOnEachListener(EventListenerGroupImpl.java:127) ~[hibernate-core-6.3.1.Final.jar!/:6.3.1.Final]
	at org.hibernate.internal.SessionImpl.doFlush(SessionImpl.java:1415) ~[hibernate-core-6.3.1.Final.jar!/:6.3.1.Final]
	at org.hibernate.internal.SessionImpl.managedFlush(SessionImpl.java:496) ~[hibernate-core-6.3.1.Final.jar!/:6.3.1.Final]
	at org.hibernate.internal.SessionImpl.flushBeforeTransactionCompletion(SessionImpl.java:2325) ~[hibernate-core-6.3.1.Final.jar!/:6.3.1.Final]
	at org.hibernate.internal.SessionImpl.beforeTransactionCompletion(SessionImpl.java:1988) ~[hibernate-core-6.3.1.Final.jar!/:6.3.1.Final]
	at org.hibernate.engine.jdbc.internal.JdbcCoordinatorImpl.beforeTransactionCompletion(JdbcCoordinatorImpl.java:439) ~[hibernate-core-6.3.1.Final.jar!/:6.3.1.Final]
	at org.hibernate.resource.transaction.backend.jdbc.internal.JdbcResourceLocalTransactionCoordinatorImpl.beforeCompletionCallback(JdbcResourceLocalTransactionCoordinatorImpl.java:169) ~[hibernate-core-6.3.1.Final.jar!/:6.3.1.Final]
	at org.hibernate.resource.transaction.backend.jdbc.internal.JdbcResourceLocalTransactionCoordinatorImpl$TransactionDriverControlImpl.commit(JdbcResourceLocalTransactionCoordinatorImpl.java:267) ~[hibernate-core-6.3.1.Final.jar!/:6.3.1.Final]
	at org.hibernate.engine.transaction.internal.TransactionImpl.commit(TransactionImpl.java:101) ~[hibernate-core-6.3.1.Final.jar!/:6.3.1.Final]
	at org.springframework.orm.jpa.JpaTransactionManager.doCommit(JpaTransactionManager.java:561) ~[spring-orm-6.1.1.jar!/:6.1.1]
	at org.springframework.transaction.support.AbstractPlatformTransactionManager.processCommit(AbstractPlatformTransactionManager.java:794) ~[spring-tx-6.1.1.jar!/:6.1.1]
	at org.springframework.transaction.support.AbstractPlatformTransactionManager.commit(AbstractPlatformTransactionManager.java:757) ~[spring-tx-6.1.1.jar!/:6.1.1]
	at org.springframework.transaction.interceptor.TransactionAspectSupport.commitTransactionAfterReturning(TransactionAspectSupport.java:669) ~[spring-tx-6.1.1.jar!/:6.1.1]
	at org.springframework.transaction.interceptor.TransactionAspectSupport.invokeWithinTransaction(TransactionAspectSupport.java:419) ~[spring-tx-6.1.1.jar!/:6.1.1]
	at org.springframework.transaction.interceptor.TransactionInterceptor.invoke(TransactionInterceptor.java:119) ~[spring-tx-6.1.1.jar!/:6.1.1]
	at org.springframework.aop.framework.ReflectiveMethodInvocation.proceed(ReflectiveMethodInvocation.java:184) ~[spring-aop-6.1.1.jar!/:6.1.1]
	at org.springframework.aop.framework.CglibAopProxy$CglibMethodInvocation.proceed(CglibAopProxy.java:765) ~[spring-aop-6.1.1.jar!/:6.1.1]
	at org.springframework.aop.framework.CglibAopProxy$DynamicAdvisedInterceptor.intercept(CglibAopProxy.java:717) ~[spring-aop-6.1.1.jar!/:6.1.1]
	at com.example.demo.service.AirRaidShelterService$$SpringCGLIB$$0.save(<generated>) ~[!/:0.0.1-SNAPSHOT]
	at com.example.demo.controller.AirRaidShelterController.writeAirRaidShelter(AirRaidShelterController.java:54) ~[!/:0.0.1-SNAPSHOT]
	at java.base/jdk.internal.reflect.NativeMethodAccessorImpl.invoke0(Native Method) ~[na:na]
	at java.base/jdk.internal.reflect.NativeMethodAccessorImpl.invoke(NativeMethodAccessorImpl.java:77) ~[na:na]
	at java.base/jdk.internal.reflect.DelegatingMethodAccessorImpl.invoke(DelegatingMethodAccessorImpl.java:43) ~[na:na]
	at java.base/java.lang.reflect.Method.invoke(Method.java:569) ~[na:na]
	at org.springframework.web.method.support.InvocableHandlerMethod.doInvoke(InvocableHandlerMethod.java:254) ~[spring-web-6.1.1.jar!/:6.1.1]
	at org.springframework.web.method.support.InvocableHandlerMethod.invokeForRequest(InvocableHandlerMethod.java:182) ~[spring-web-6.1.1.jar!/:6.1.1]
	at org.springframework.web.servlet.mvc.method.annotation.ServletInvocableHandlerMethod.invokeAndHandle(ServletInvocableHandlerMethod.java:118) ~[spring-webmvc-6.1.1.jar!/:6.1.1]
	at org.springframework.web.servlet.mvc.method.annotation.RequestMappingHandlerAdapter.invokeHandlerMethod(RequestMappingHandlerAdapter.java:917) ~[spring-webmvc-6.1.1.jar!/:6.1.1]
	at org.springframework.web.servlet.mvc.method.annotation.RequestMappingHandlerAdapter.handleInternal(RequestMappingHandlerAdapter.java:829) ~[spring-webmvc-6.1.1.jar!/:6.1.1]
	at org.springframework.web.servlet.mvc.method.AbstractHandlerMethodAdapter.handle(AbstractHandlerMethodAdapter.java:87) ~[spring-webmvc-6.1.1.jar!/:6.1.1]
	at org.springframework.web.servlet.DispatcherServlet.doDispatch(DispatcherServlet.java:1089) ~[spring-webmvc-6.1.1.jar!/:6.1.1]
	at org.springframework.web.servlet.DispatcherServlet.doService(DispatcherServlet.java:979) ~[spring-webmvc-6.1.1.jar!/:6.1.1]
	at org.springframework.web.servlet.FrameworkServlet.processRequest(FrameworkServlet.java:1014) ~[spring-webmvc-6.1.1.jar!/:6.1.1]
	at org.springframework.web.servlet.FrameworkServlet.doPost(FrameworkServlet.java:914) ~[spring-webmvc-6.1.1.jar!/:6.1.1]
	at jakarta.servlet.http.HttpServlet.service(HttpServlet.java:590) ~[tomcat-embed-core-10.1.16.jar!/:na]
	at org.springframework.web.servlet.FrameworkServlet.service(FrameworkServlet.java:885) ~[spring-webmvc-6.1.1.jar!/:6.1.1]
	at jakarta.servlet.http.HttpServlet.service(HttpServlet.java:658) ~[tomcat-embed-core-10.1.16.jar!/:na]
	at org.apache.catalina.core.ApplicationFilterChain.internalDoFilter(ApplicationFilterChain.java:205) ~[tomcat-embed-core-10.1.16.jar!/:na]
	at org.apache.catalina.core.ApplicationFilterChain.doFilter(ApplicationFilterChain.java:149) ~[tomcat-embed-core-10.1.16.jar!/:na]
	at org.apache.tomcat.websocket.server.WsFilter.doFilter(WsFilter.java:51) ~[tomcat-embed-websocket-10.1.16.jar!/:na]
	at org.apache.catalina.core.ApplicationFilterChain.internalDoFilter(ApplicationFilterChain.java:174) ~[tomcat-embed-core-10.1.16.jar!/:na]
	at org.apache.catalina.core.ApplicationFilterChain.doFilter(ApplicationFilterChain.java:149) ~[tomcat-embed-core-10.1.16.jar!/:na]
	at org.springframework.web.filter.RequestContextFilter.doFilterInternal(RequestContextFilter.java:100) ~[spring-web-6.1.1.jar!/:6.1.1]
	at org.springframework.web.filter.OncePerRequestFilter.doFilter(OncePerRequestFilter.java:116) ~[spring-web-6.1.1.jar!/:6.1.1]
	at org.apache.catalina.core.ApplicationFilterChain.internalDoFilter(ApplicationFilterChain.java:174) ~[tomcat-embed-core-10.1.16.jar!/:na]
	at org.apache.catalina.core.ApplicationFilterChain.doFilter(ApplicationFilterChain.java:149) ~[tomcat-embed-core-10.1.16.jar!/:na]
	at org.springframework.web.filter.FormContentFilter.doFilterInternal(FormContentFilter.java:93) ~[spring-web-6.1.1.jar!/:6.1.1]
	at org.springframework.web.filter.OncePerRequestFilter.doFilter(OncePerRequestFilter.java:116) ~[spring-web-6.1.1.jar!/:6.1.1]
	at org.apache.catalina.core.ApplicationFilterChain.internalDoFilter(ApplicationFilterChain.java:174) ~[tomcat-embed-core-10.1.16.jar!/:na]
	at org.apache.catalina.core.ApplicationFilterChain.doFilter(ApplicationFilterChain.java:149) ~[tomcat-embed-core-10.1.16.jar!/:na]
	at org.springframework.web.filter.ServerHttpObservationFilter.doFilterInternal(ServerHttpObservationFilter.java:109) ~[spring-web-6.1.1.jar!/:6.1.1]
	at org.springframework.web.filter.OncePerRequestFilter.doFilter(OncePerRequestFilter.java:116) ~[spring-web-6.1.1.jar!/:6.1.1]
	at org.apache.catalina.core.ApplicationFilterChain.internalDoFilter(ApplicationFilterChain.java:174) ~[tomcat-embed-core-10.1.16.jar!/:na]
	at org.apache.catalina.core.ApplicationFilterChain.doFilter(ApplicationFilterChain.java:149) ~[tomcat-embed-core-10.1.16.jar!/:na]
	at org.springframework.web.filter.CharacterEncodingFilter.doFilterInternal(CharacterEncodingFilter.java:201) ~[spring-web-6.1.1.jar!/:6.1.1]
	at org.springframework.web.filter.OncePerRequestFilter.doFilter(OncePerRequestFilter.java:116) ~[spring-web-6.1.1.jar!/:6.1.1]
	at org.apache.catalina.core.ApplicationFilterChain.internalDoFilter(ApplicationFilterChain.java:174) ~[tomcat-embed-core-10.1.16.jar!/:na]
	at org.apache.catalina.core.ApplicationFilterChain.doFilter(ApplicationFilterChain.java:149) ~[tomcat-embed-core-10.1.16.jar!/:na]
	at org.apache.catalina.core.StandardWrapperValve.invoke(StandardWrapperValve.java:167) ~[tomcat-embed-core-10.1.16.jar!/:na]
	at org.apache.catalina.core.StandardContextValve.invoke(StandardContextValve.java:90) ~[tomcat-embed-core-10.1.16.jar!/:na]
	at org.apache.catalina.authenticator.AuthenticatorBase.invoke(AuthenticatorBase.java:482) ~[tomcat-embed-core-10.1.16.jar!/:na]
	at org.apache.catalina.core.StandardHostValve.invoke(StandardHostValve.java:115) ~[tomcat-embed-core-10.1.16.jar!/:na]
	at org.apache.catalina.valves.ErrorReportValve.invoke(ErrorReportValve.java:93) ~[tomcat-embed-core-10.1.16.jar!/:na]
	at org.apache.catalina.core.StandardEngineValve.invoke(StandardEngineValve.java:74) ~[tomcat-embed-core-10.1.16.jar!/:na]
	at org.apache.catalina.connector.CoyoteAdapter.service(CoyoteAdapter.java:340) ~[tomcat-embed-core-10.1.16.jar!/:na]
	at org.apache.coyote.http11.Http11Processor.service(Http11Processor.java:391) ~[tomcat-embed-core-10.1.16.jar!/:na]
	at org.apache.coyote.AbstractProcessorLight.process(AbstractProcessorLight.java:63) ~[tomcat-embed-core-10.1.16.jar!/:na]
	at org.apache.coyote.AbstractProtocol$ConnectionHandler.process(AbstractProtocol.java:896) ~[tomcat-embed-core-10.1.16.jar!/:na]
	at org.apache.tomcat.util.net.NioEndpoint$SocketProcessor.doRun(NioEndpoint.java:1744) ~[tomcat-embed-core-10.1.16.jar!/:na]
	at org.apache.tomcat.util.net.SocketProcessorBase.run(SocketProcessorBase.java:52) ~[tomcat-embed-core-10.1.16.jar!/:na]
	at org.apache.tomcat.util.threads.ThreadPoolExecutor.runWorker(ThreadPoolExecutor.java:1191) ~[tomcat-embed-core-10.1.16.jar!/:na]
	at org.apache.tomcat.util.threads.ThreadPoolExecutor$Worker.run(ThreadPoolExecutor.java:659) ~[tomcat-embed-core-10.1.16.jar!/:na]
	at org.apache.tomcat.util.threads.TaskThread$WrappingRunnable.run(TaskThread.java:61) ~[tomcat-embed-core-10.1.16.jar!/:na]
	at java.base/java.lang.Thread.run(Thread.java:840) ~[na:na]

Hibernate: select ars1_0.shlt_id,ars1_0.ctpv_nm,ars1_0.daddr,ars1_0.fclt_nm,ars1_0.lat,ars1_0.lot,ars1_0.mng_dept_nm,ars1_0.sgg_nm from airstrike ars1_0 where ars1_0.fclt_nm like ? escape '\\' or ars1_0.daddr like ? escape '\\' limit ?,?
Hibernate: select count(ars1_0.shlt_id) from airstrike ars1_0 where ars1_0.fclt_nm like ? escape '\\' or ars1_0.daddr like ? escape '\\'
Hibernate: select ars1_0.shlt_id,ars1_0.ctpv_nm,ars1_0.daddr,ars1_0.fclt_nm,ars1_0.lat,ars1_0.lot,ars1_0.mng_dept_nm,ars1_0.sgg_nm from airstrike ars1_0 where ars1_0.fclt_nm like ? escape '\\' or ars1_0.daddr like ? escape '\\' limit ?,?
Hibernate: select count(ars1_0.shlt_id) from airstrike ars1_0 where ars1_0.fclt_nm like ? escape '\\' or ars1_0.daddr like ? escape '\\'
Hibernate: select ars1_0.shlt_id,ars1_0.ctpv_nm,ars1_0.daddr,ars1_0.fclt_nm,ars1_0.lat,ars1_0.lot,ars1_0.mng_dept_nm,ars1_0.sgg_nm from airstrike ars1_0 where ars1_0.fclt_nm like ? escape '\\' or ars1_0.daddr like ? escape '\\' limit ?,?
Hibernate: select ars1_0.shlt_id,ars1_0.ctpv_nm,ars1_0.daddr,ars1_0.fclt_nm,ars1_0.lat,ars1_0.lot,ars1_0.mng_dept_nm,ars1_0.sgg_nm from airstrike ars1_0 where ars1_0.shlt_id=?
Hibernate: insert into airstrike (ctpv_nm,daddr,fclt_nm,lat,lot,mng_dept_nm,sgg_nm,shlt_id) values (?,?,?,?,?,?,?,?)
2026-08-31T18:56:20.571+09:00  WARN 3319 --- [io-8080-exec-10] o.h.engine.jdbc.spi.SqlExceptionHelper   : SQL Error: 1366, SQLState: HY000
2026-08-31T18:56:20.571+09:00 ERROR 3319 --- [io-8080-exec-10] o.h.engine.jdbc.spi.SqlExceptionHelper   : Incorrect integer value: 'USER_9cac5e43-b68b-4fc6-a74f-44c1ef5fd764' for column 'shlt_id' at row 1
2026-08-31T18:56:20.573+09:00 ERROR 3319 --- [io-8080-exec-10] o.a.c.c.C.[.[.[/].[dispatcherServlet]    : Servlet.service() for servlet [dispatcherServlet] in context with path [] threw exception [Request processing failed: org.springframework.orm.jpa.JpaSystemException: could not execute statement [Incorrect integer value: 'USER_9cac5e43-b68b-4fc6-a74f-44c1ef5fd764' for column 'shlt_id' at row 1] [insert into airstrike (ctpv_nm,daddr,fclt_nm,lat,lot,mng_dept_nm,sgg_nm,shlt_id) values (?,?,?,?,?,?,?,?)]] with root cause

java.sql.SQLException: Incorrect integer value: 'USER_9cac5e43-b68b-4fc6-a74f-44c1ef5fd764' for column 'shlt_id' at row 1
	at com.mysql.cj.jdbc.exceptions.SQLError.createSQLException(SQLError.java:130) ~[mysql-connector-j-8.1.0.jar!/:8.1.0]
	at com.mysql.cj.jdbc.exceptions.SQLExceptionsMapping.translateException(SQLExceptionsMapping.java:122) ~[mysql-connector-j-8.1.0.jar!/:8.1.0]
	at com.mysql.cj.jdbc.ClientPreparedStatement.executeInternal(ClientPreparedStatement.java:916) ~[mysql-connector-j-8.1.0.jar!/:8.1.0]
	at com.mysql.cj.jdbc.ClientPreparedStatement.executeUpdateInternal(ClientPreparedStatement.java:1061) ~[mysql-connector-j-8.1.0.jar!/:8.1.0]
	at com.mysql.cj.jdbc.ClientPreparedStatement.executeUpdateInternal(ClientPreparedStatement.java:1009) ~[mysql-connector-j-8.1.0.jar!/:8.1.0]
	at com.mysql.cj.jdbc.ClientPreparedStatement.executeLargeUpdate(ClientPreparedStatement.java:1320) ~[mysql-connector-j-8.1.0.jar!/:8.1.0]
	at com.mysql.cj.jdbc.ClientPreparedStatement.executeUpdate(ClientPreparedStatement.java:994) ~[mysql-connector-j-8.1.0.jar!/:8.1.0]
	at com.zaxxer.hikari.pool.ProxyPreparedStatement.executeUpdate(ProxyPreparedStatement.java:61) ~[HikariCP-5.0.1.jar!/:na]
	at com.zaxxer.hikari.pool.HikariProxyPreparedStatement.executeUpdate(HikariProxyPreparedStatement.java) ~[HikariCP-5.0.1.jar!/:na]
	at org.hibernate.engine.jdbc.internal.ResultSetReturnImpl.executeUpdate(ResultSetReturnImpl.java:280) ~[hibernate-core-6.3.1.Final.jar!/:6.3.1.Final]
	at org.hibernate.engine.jdbc.mutation.internal.AbstractMutationExecutor.performNonBatchedMutation(AbstractMutationExecutor.java:107) ~[hibernate-core-6.3.1.Final.jar!/:6.3.1.Final]
	at org.hibernate.engine.jdbc.mutation.internal.MutationExecutorSingleNonBatched.performNonBatchedOperations(MutationExecutorSingleNonBatched.java:40) ~[hibernate-core-6.3.1.Final.jar!/:6.3.1.Final]
	at org.hibernate.engine.jdbc.mutation.internal.AbstractMutationExecutor.execute(AbstractMutationExecutor.java:52) ~[hibernate-core-6.3.1.Final.jar!/:6.3.1.Final]
	at org.hibernate.persister.entity.mutation.InsertCoordinator.doStaticInserts(InsertCoordinator.java:171) ~[hibernate-core-6.3.1.Final.jar!/:6.3.1.Final]
	at org.hibernate.persister.entity.mutation.InsertCoordinator.coordinateInsert(InsertCoordinator.java:112) ~[hibernate-core-6.3.1.Final.jar!/:6.3.1.Final]
	at org.hibernate.persister.entity.AbstractEntityPersister.insert(AbstractEntityPersister.java:2865) ~[hibernate-core-6.3.1.Final.jar!/:6.3.1.Final]
	at org.hibernate.action.internal.EntityInsertAction.execute(EntityInsertAction.java:102) ~[hibernate-core-6.3.1.Final.jar!/:6.3.1.Final]
	at org.hibernate.engine.spi.ActionQueue.executeActions(ActionQueue.java:631) ~[hibernate-core-6.3.1.Final.jar!/:6.3.1.Final]
	at org.hibernate.engine.spi.ActionQueue.executeActions(ActionQueue.java:498) ~[hibernate-core-6.3.1.Final.jar!/:6.3.1.Final]
	at org.hibernate.event.internal.AbstractFlushingEventListener.performExecutions(AbstractFlushingEventListener.java:363) ~[hibernate-core-6.3.1.Final.jar!/:6.3.1.Final]
	at org.hibernate.event.internal.DefaultFlushEventListener.onFlush(DefaultFlushEventListener.java:39) ~[hibernate-core-6.3.1.Final.jar!/:6.3.1.Final]
	at org.hibernate.event.service.internal.EventListenerGroupImpl.fireEventOnEachListener(EventListenerGroupImpl.java:127) ~[hibernate-core-6.3.1.Final.jar!/:6.3.1.Final]
	at org.hibernate.internal.SessionImpl.doFlush(SessionImpl.java:1415) ~[hibernate-core-6.3.1.Final.jar!/:6.3.1.Final]
	at org.hibernate.internal.SessionImpl.managedFlush(SessionImpl.java:496) ~[hibernate-core-6.3.1.Final.jar!/:6.3.1.Final]
	at org.hibernate.internal.SessionImpl.flushBeforeTransactionCompletion(SessionImpl.java:2325) ~[hibernate-core-6.3.1.Final.jar!/:6.3.1.Final]
	at org.hibernate.internal.SessionImpl.beforeTransactionCompletion(SessionImpl.java:1988) ~[hibernate-core-6.3.1.Final.jar!/:6.3.1.Final]
	at org.hibernate.engine.jdbc.internal.JdbcCoordinatorImpl.beforeTransactionCompletion(JdbcCoordinatorImpl.java:439) ~[hibernate-core-6.3.1.Final.jar!/:6.3.1.Final]
	at org.hibernate.resource.transaction.backend.jdbc.internal.JdbcResourceLocalTransactionCoordinatorImpl.beforeCompletionCallback(JdbcResourceLocalTransactionCoordinatorImpl.java:169) ~[hibernate-core-6.3.1.Final.jar!/:6.3.1.Final]
	at org.hibernate.resource.transaction.backend.jdbc.internal.JdbcResourceLocalTransactionCoordinatorImpl$TransactionDriverControlImpl.commit(JdbcResourceLocalTransactionCoordinatorImpl.java:267) ~[hibernate-core-6.3.1.Final.jar!/:6.3.1.Final]
	at org.hibernate.engine.transaction.internal.TransactionImpl.commit(TransactionImpl.java:101) ~[hibernate-core-6.3.1.Final.jar!/:6.3.1.Final]
	at org.springframework.orm.jpa.JpaTransactionManager.doCommit(JpaTransactionManager.java:561) ~[spring-orm-6.1.1.jar!/:6.1.1]
	at org.springframework.transaction.support.AbstractPlatformTransactionManager.processCommit(AbstractPlatformTransactionManager.java:794) ~[spring-tx-6.1.1.jar!/:6.1.1]
	at org.springframework.transaction.support.AbstractPlatformTransactionManager.commit(AbstractPlatformTransactionManager.java:757) ~[spring-tx-6.1.1.jar!/:6.1.1]
	at org.springframework.transaction.interceptor.TransactionAspectSupport.commitTransactionAfterReturning(TransactionAspectSupport.java:669) ~[spring-tx-6.1.1.jar!/:6.1.1]
	at org.springframework.transaction.interceptor.TransactionAspectSupport.invokeWithinTransaction(TransactionAspectSupport.java:419) ~[spring-tx-6.1.1.jar!/:6.1.1]
	at org.springframework.transaction.interceptor.TransactionInterceptor.invoke(TransactionInterceptor.java:119) ~[spring-tx-6.1.1.jar!/:6.1.1]
	at org.springframework.aop.framework.ReflectiveMethodInvocation.proceed(ReflectiveMethodInvocation.java:184) ~[spring-aop-6.1.1.jar!/:6.1.1]
	at org.springframework.aop.framework.CglibAopProxy$CglibMethodInvocation.proceed(CglibAopProxy.java:765) ~[spring-aop-6.1.1.jar!/:6.1.1]
	at org.springframework.aop.framework.CglibAopProxy$DynamicAdvisedInterceptor.intercept(CglibAopProxy.java:717) ~[spring-aop-6.1.1.jar!/:6.1.1]
	at com.example.demo.service.AirRaidShelterService$$SpringCGLIB$$0.save(<generated>) ~[!/:0.0.1-SNAPSHOT]
	at com.example.demo.controller.AirRaidShelterController.writeAirRaidShelter(AirRaidShelterController.java:54) ~[!/:0.0.1-SNAPSHOT]
	at java.base/jdk.internal.reflect.NativeMethodAccessorImpl.invoke0(Native Method) ~[na:na]
	at java.base/jdk.internal.reflect.NativeMethodAccessorImpl.invoke(NativeMethodAccessorImpl.java:77) ~[na:na]
	at java.base/jdk.internal.reflect.DelegatingMethodAccessorImpl.invoke(DelegatingMethodAccessorImpl.java:43) ~[na:na]
	at java.base/java.lang.reflect.Method.invoke(Method.java:569) ~[na:na]
	at org.springframework.web.method.support.InvocableHandlerMethod.doInvoke(InvocableHandlerMethod.java:254) ~[spring-web-6.1.1.jar!/:6.1.1]
	at org.springframework.web.method.support.InvocableHandlerMethod.invokeForRequest(InvocableHandlerMethod.java:182) ~[spring-web-6.1.1.jar!/:6.1.1]
	at org.springframework.web.servlet.mvc.method.annotation.ServletInvocableHandlerMethod.invokeAndHandle(ServletInvocableHandlerMethod.java:118) ~[spring-webmvc-6.1.1.jar!/:6.1.1]
	at org.springframework.web.servlet.mvc.method.annotation.RequestMappingHandlerAdapter.invokeHandlerMethod(RequestMappingHandlerAdapter.java:917) ~[spring-webmvc-6.1.1.jar!/:6.1.1]
	at org.springframework.web.servlet.mvc.method.annotation.RequestMappingHandlerAdapter.handleInternal(RequestMappingHandlerAdapter.java:829) ~[spring-webmvc-6.1.1.jar!/:6.1.1]
	at org.springframework.web.servlet.mvc.method.AbstractHandlerMethodAdapter.handle(AbstractHandlerMethodAdapter.java:87) ~[spring-webmvc-6.1.1.jar!/:6.1.1]
	at org.springframework.web.servlet.DispatcherServlet.doDispatch(DispatcherServlet.java:1089) ~[spring-webmvc-6.1.1.jar!/:6.1.1]
	at org.springframework.web.servlet.DispatcherServlet.doService(DispatcherServlet.java:979) ~[spring-webmvc-6.1.1.jar!/:6.1.1]
	at org.springframework.web.servlet.FrameworkServlet.processRequest(FrameworkServlet.java:1014) ~[spring-webmvc-6.1.1.jar!/:6.1.1]
	at org.springframework.web.servlet.FrameworkServlet.doPost(FrameworkServlet.java:914) ~[spring-webmvc-6.1.1.jar!/:6.1.1]
	at jakarta.servlet.http.HttpServlet.service(HttpServlet.java:590) ~[tomcat-embed-core-10.1.16.jar!/:na]
	at org.springframework.web.servlet.FrameworkServlet.service(FrameworkServlet.java:885) ~[spring-webmvc-6.1.1.jar!/:6.1.1]
	at jakarta.servlet.http.HttpServlet.service(HttpServlet.java:658) ~[tomcat-embed-core-10.1.16.jar!/:na]
	at org.apache.catalina.core.ApplicationFilterChain.internalDoFilter(ApplicationFilterChain.java:205) ~[tomcat-embed-core-10.1.16.jar!/:na]
	at org.apache.catalina.core.ApplicationFilterChain.doFilter(ApplicationFilterChain.java:149) ~[tomcat-embed-core-10.1.16.jar!/:na]
	at org.apache.tomcat.websocket.server.WsFilter.doFilter(WsFilter.java:51) ~[tomcat-embed-websocket-10.1.16.jar!/:na]
	at org.apache.catalina.core.ApplicationFilterChain.internalDoFilter(ApplicationFilterChain.java:174) ~[tomcat-embed-core-10.1.16.jar!/:na]
	at org.apache.catalina.core.ApplicationFilterChain.doFilter(ApplicationFilterChain.java:149) ~[tomcat-embed-core-10.1.16.jar!/:na]
	at org.springframework.web.filter.RequestContextFilter.doFilterInternal(RequestContextFilter.java:100) ~[spring-web-6.1.1.jar!/:6.1.1]
	at org.springframework.web.filter.OncePerRequestFilter.doFilter(OncePerRequestFilter.java:116) ~[spring-web-6.1.1.jar!/:6.1.1]
	at org.apache.catalina.core.ApplicationFilterChain.internalDoFilter(ApplicationFilterChain.java:174) ~[tomcat-embed-core-10.1.16.jar!/:na]
	at org.apache.catalina.core.ApplicationFilterChain.doFilter(ApplicationFilterChain.java:149) ~[tomcat-embed-core-10.1.16.jar!/:na]
	at org.springframework.web.filter.FormContentFilter.doFilterInternal(FormContentFilter.java:93) ~[spring-web-6.1.1.jar!/:6.1.1]
	at org.springframework.web.filter.OncePerRequestFilter.doFilter(OncePerRequestFilter.java:116) ~[spring-web-6.1.1.jar!/:6.1.1]
	at org.apache.catalina.core.ApplicationFilterChain.internalDoFilter(ApplicationFilterChain.java:174) ~[tomcat-embed-core-10.1.16.jar!/:na]
	at org.apache.catalina.core.ApplicationFilterChain.doFilter(ApplicationFilterChain.java:149) ~[tomcat-embed-core-10.1.16.jar!/:na]
	at org.springframework.web.filter.ServerHttpObservationFilter.doFilterInternal(ServerHttpObservationFilter.java:109) ~[spring-web-6.1.1.jar!/:6.1.1]
	at org.springframework.web.filter.OncePerRequestFilter.doFilter(OncePerRequestFilter.java:116) ~[spring-web-6.1.1.jar!/:6.1.1]
	at org.apache.catalina.core.ApplicationFilterChain.internalDoFilter(ApplicationFilterChain.java:174) ~[tomcat-embed-core-10.1.16.jar!/:na]
	at org.apache.catalina.core.ApplicationFilterChain.doFilter(ApplicationFilterChain.java:149) ~[tomcat-embed-core-10.1.16.jar!/:na]
	at org.springframework.web.filter.CharacterEncodingFilter.doFilterInternal(CharacterEncodingFilter.java:201) ~[spring-web-6.1.1.jar!/:6.1.1]
	at org.springframework.web.filter.OncePerRequestFilter.doFilter(OncePerRequestFilter.java:116) ~[spring-web-6.1.1.jar!/:6.1.1]
	at org.apache.catalina.core.ApplicationFilterChain.internalDoFilter(ApplicationFilterChain.java:174) ~[tomcat-embed-core-10.1.16.jar!/:na]
	at org.apache.catalina.core.ApplicationFilterChain.doFilter(ApplicationFilterChain.java:149) ~[tomcat-embed-core-10.1.16.jar!/:na]
	at org.apache.catalina.core.StandardWrapperValve.invoke(StandardWrapperValve.java:167) ~[tomcat-embed-core-10.1.16.jar!/:na]
	at org.apache.catalina.core.StandardContextValve.invoke(StandardContextValve.java:90) ~[tomcat-embed-core-10.1.16.jar!/:na]
	at org.apache.catalina.authenticator.AuthenticatorBase.invoke(AuthenticatorBase.java:482) ~[tomcat-embed-core-10.1.16.jar!/:na]
	at org.apache.catalina.core.StandardHostValve.invoke(StandardHostValve.java:115) ~[tomcat-embed-core-10.1.16.jar!/:na]
	at org.apache.catalina.valves.ErrorReportValve.invoke(ErrorReportValve.java:93) ~[tomcat-embed-core-10.1.16.jar!/:na]
	at org.apache.catalina.core.StandardEngineValve.invoke(StandardEngineValve.java:74) ~[tomcat-embed-core-10.1.16.jar!/:na]
	at org.apache.catalina.connector.CoyoteAdapter.service(CoyoteAdapter.java:340) ~[tomcat-embed-core-10.1.16.jar!/:na]
	at org.apache.coyote.http11.Http11Processor.service(Http11Processor.java:391) ~[tomcat-embed-core-10.1.16.jar!/:na]
	at org.apache.coyote.AbstractProcessorLight.process(AbstractProcessorLight.java:63) ~[tomcat-embed-core-10.1.16.jar!/:na]
	at org.apache.coyote.AbstractProtocol$ConnectionHandler.process(AbstractProtocol.java:896) ~[tomcat-embed-core-10.1.16.jar!/:na]
	at org.apache.tomcat.util.net.NioEndpoint$SocketProcessor.doRun(NioEndpoint.java:1744) ~[tomcat-embed-core-10.1.16.jar!/:na]
	at org.apache.tomcat.util.net.SocketProcessorBase.run(SocketProcessorBase.java:52) ~[tomcat-embed-core-10.1.16.jar!/:na]
	at org.apache.tomcat.util.threads.ThreadPoolExecutor.runWorker(ThreadPoolExecutor.java:1191) ~[tomcat-embed-core-10.1.16.jar!/:na]
	at org.apache.tomcat.util.threads.ThreadPoolExecutor$Worker.run(ThreadPoolExecutor.java:659) ~[tomcat-embed-core-10.1.16.jar!/:na]
	at org.apache.tomcat.util.threads.TaskThread$WrappingRunnable.run(TaskThread.java:61) ~[tomcat-embed-core-10.1.16.jar!/:na]
	at java.base/java.lang.Thread.run(Thread.java:840) ~[na:na]

Hibernate: select p1_0.id,p1_0.content,p1_0.create_date,p1_0.title,p1_0.writer from post p1_0 order by p1_0.id desc limit ?,?
Hibernate: select u1_0.id,u1_0.email,u1_0.password,u1_0.realname,u1_0.username from user u1_0 where u1_0.username=?
Hibernate: select ars1_0.shlt_id,ars1_0.ctpv_nm,ars1_0.daddr,ars1_0.fclt_nm,ars1_0.lat,ars1_0.lot,ars1_0.mng_dept_nm,ars1_0.sgg_nm from airstrike ars1_0 limit ?,?
Hibernate: select count(ars1_0.shlt_id) from airstrike ars1_0
Hibernate: select ars1_0.shlt_id,ars1_0.ctpv_nm,ars1_0.daddr,ars1_0.fclt_nm,ars1_0.lat,ars1_0.lot,ars1_0.mng_dept_nm,ars1_0.sgg_nm from airstrike ars1_0 where ars1_0.shlt_id=?
Hibernate: insert into airstrike (ctpv_nm,daddr,fclt_nm,lat,lot,mng_dept_nm,sgg_nm,shlt_id) values (?,?,?,?,?,?,?,?)
2026-08-31T18:57:01.131+09:00  WARN 3319 --- [nio-8080-exec-6] o.h.engine.jdbc.spi.SqlExceptionHelper   : SQL Error: 1366, SQLState: HY000
2026-08-31T18:57:01.131+09:00 ERROR 3319 --- [nio-8080-exec-6] o.h.engine.jdbc.spi.SqlExceptionHelper   : Incorrect integer value: 'USER_7604f61c-a4ec-4b99-83e7-6222796db70e' for column 'shlt_id' at row 1
2026-08-31T18:57:01.132+09:00 ERROR 3319 --- [nio-8080-exec-6] o.a.c.c.C.[.[.[/].[dispatcherServlet]    : Servlet.service() for servlet [dispatcherServlet] in context with path [] threw exception [Request processing failed: org.springframework.orm.jpa.JpaSystemException: could not execute statement [Incorrect integer value: 'USER_7604f61c-a4ec-4b99-83e7-6222796db70e' for column 'shlt_id' at row 1] [insert into airstrike (ctpv_nm,daddr,fclt_nm,lat,lot,mng_dept_nm,sgg_nm,shlt_id) values (?,?,?,?,?,?,?,?)]] with root cause

java.sql.SQLException: Incorrect integer value: 'USER_7604f61c-a4ec-4b99-83e7-6222796db70e' for column 'shlt_id' at row 1
	at com.mysql.cj.jdbc.exceptions.SQLError.createSQLException(SQLError.java:130) ~[mysql-connector-j-8.1.0.jar!/:8.1.0]
	at com.mysql.cj.jdbc.exceptions.SQLExceptionsMapping.translateException(SQLExceptionsMapping.java:122) ~[mysql-connector-j-8.1.0.jar!/:8.1.0]
	at com.mysql.cj.jdbc.ClientPreparedStatement.executeInternal(ClientPreparedStatement.java:916) ~[mysql-connector-j-8.1.0.jar!/:8.1.0]
	at com.mysql.cj.jdbc.ClientPreparedStatement.executeUpdateInternal(ClientPreparedStatement.java:1061) ~[mysql-connector-j-8.1.0.jar!/:8.1.0]
	at com.mysql.cj.jdbc.ClientPreparedStatement.executeUpdateInternal(ClientPreparedStatement.java:1009) ~[mysql-connector-j-8.1.0.jar!/:8.1.0]
	at com.mysql.cj.jdbc.ClientPreparedStatement.executeLargeUpdate(ClientPreparedStatement.java:1320) ~[mysql-connector-j-8.1.0.jar!/:8.1.0]
	at com.mysql.cj.jdbc.ClientPreparedStatement.executeUpdate(ClientPreparedStatement.java:994) ~[mysql-connector-j-8.1.0.jar!/:8.1.0]
	at com.zaxxer.hikari.pool.ProxyPreparedStatement.executeUpdate(ProxyPreparedStatement.java:61) ~[HikariCP-5.0.1.jar!/:na]
	at com.zaxxer.hikari.pool.HikariProxyPreparedStatement.executeUpdate(HikariProxyPreparedStatement.java) ~[HikariCP-5.0.1.jar!/:na]
	at org.hibernate.engine.jdbc.internal.ResultSetReturnImpl.executeUpdate(ResultSetReturnImpl.java:280) ~[hibernate-core-6.3.1.Final.jar!/:6.3.1.Final]
	at org.hibernate.engine.jdbc.mutation.internal.AbstractMutationExecutor.performNonBatchedMutation(AbstractMutationExecutor.java:107) ~[hibernate-core-6.3.1.Final.jar!/:6.3.1.Final]
	at org.hibernate.engine.jdbc.mutation.internal.MutationExecutorSingleNonBatched.performNonBatchedOperations(MutationExecutorSingleNonBatched.java:40) ~[hibernate-core-6.3.1.Final.jar!/:6.3.1.Final]
	at org.hibernate.engine.jdbc.mutation.internal.AbstractMutationExecutor.execute(AbstractMutationExecutor.java:52) ~[hibernate-core-6.3.1.Final.jar!/:6.3.1.Final]
	at org.hibernate.persister.entity.mutation.InsertCoordinator.doStaticInserts(InsertCoordinator.java:171) ~[hibernate-core-6.3.1.Final.jar!/:6.3.1.Final]
	at org.hibernate.persister.entity.mutation.InsertCoordinator.coordinateInsert(InsertCoordinator.java:112) ~[hibernate-core-6.3.1.Final.jar!/:6.3.1.Final]
	at org.hibernate.persister.entity.AbstractEntityPersister.insert(AbstractEntityPersister.java:2865) ~[hibernate-core-6.3.1.Final.jar!/:6.3.1.Final]
	at org.hibernate.action.internal.EntityInsertAction.execute(EntityInsertAction.java:102) ~[hibernate-core-6.3.1.Final.jar!/:6.3.1.Final]
	at org.hibernate.engine.spi.ActionQueue.executeActions(ActionQueue.java:631) ~[hibernate-core-6.3.1.Final.jar!/:6.3.1.Final]
	at org.hibernate.engine.spi.ActionQueue.executeActions(ActionQueue.java:498) ~[hibernate-core-6.3.1.Final.jar!/:6.3.1.Final]
	at org.hibernate.event.internal.AbstractFlushingEventListener.performExecutions(AbstractFlushingEventListener.java:363) ~[hibernate-core-6.3.1.Final.jar!/:6.3.1.Final]
	at org.hibernate.event.internal.DefaultFlushEventListener.onFlush(DefaultFlushEventListener.java:39) ~[hibernate-core-6.3.1.Final.jar!/:6.3.1.Final]
	at org.hibernate.event.service.internal.EventListenerGroupImpl.fireEventOnEachListener(EventListenerGroupImpl.java:127) ~[hibernate-core-6.3.1.Final.jar!/:6.3.1.Final]
	at org.hibernate.internal.SessionImpl.doFlush(SessionImpl.java:1415) ~[hibernate-core-6.3.1.Final.jar!/:6.3.1.Final]
	at org.hibernate.internal.SessionImpl.managedFlush(SessionImpl.java:496) ~[hibernate-core-6.3.1.Final.jar!/:6.3.1.Final]
	at org.hibernate.internal.SessionImpl.flushBeforeTransactionCompletion(SessionImpl.java:2325) ~[hibernate-core-6.3.1.Final.jar!/:6.3.1.Final]
	at org.hibernate.internal.SessionImpl.beforeTransactionCompletion(SessionImpl.java:1988) ~[hibernate-core-6.3.1.Final.jar!/:6.3.1.Final]
	at org.hibernate.engine.jdbc.internal.JdbcCoordinatorImpl.beforeTransactionCompletion(JdbcCoordinatorImpl.java:439) ~[hibernate-core-6.3.1.Final.jar!/:6.3.1.Final]
	at org.hibernate.resource.transaction.backend.jdbc.internal.JdbcResourceLocalTransactionCoordinatorImpl.beforeCompletionCallback(JdbcResourceLocalTransactionCoordinatorImpl.java:169) ~[hibernate-core-6.3.1.Final.jar!/:6.3.1.Final]
	at org.hibernate.resource.transaction.backend.jdbc.internal.JdbcResourceLocalTransactionCoordinatorImpl$TransactionDriverControlImpl.commit(JdbcResourceLocalTransactionCoordinatorImpl.java:267) ~[hibernate-core-6.3.1.Final.jar!/:6.3.1.Final]
	at org.hibernate.engine.transaction.internal.TransactionImpl.commit(TransactionImpl.java:101) ~[hibernate-core-6.3.1.Final.jar!/:6.3.1.Final]
	at org.springframework.orm.jpa.JpaTransactionManager.doCommit(JpaTransactionManager.java:561) ~[spring-orm-6.1.1.jar!/:6.1.1]
	at org.springframework.transaction.support.AbstractPlatformTransactionManager.processCommit(AbstractPlatformTransactionManager.java:794) ~[spring-tx-6.1.1.jar!/:6.1.1]
	at org.springframework.transaction.support.AbstractPlatformTransactionManager.commit(AbstractPlatformTransactionManager.java:757) ~[spring-tx-6.1.1.jar!/:6.1.1]
	at org.springframework.transaction.interceptor.TransactionAspectSupport.commitTransactionAfterReturning(TransactionAspectSupport.java:669) ~[spring-tx-6.1.1.jar!/:6.1.1]
	at org.springframework.transaction.interceptor.TransactionAspectSupport.invokeWithinTransaction(TransactionAspectSupport.java:419) ~[spring-tx-6.1.1.jar!/:6.1.1]
	at org.springframework.transaction.interceptor.TransactionInterceptor.invoke(TransactionInterceptor.java:119) ~[spring-tx-6.1.1.jar!/:6.1.1]
	at org.springframework.aop.framework.ReflectiveMethodInvocation.proceed(ReflectiveMethodInvocation.java:184) ~[spring-aop-6.1.1.jar!/:6.1.1]
	at org.springframework.aop.framework.CglibAopProxy$CglibMethodInvocation.proceed(CglibAopProxy.java:765) ~[spring-aop-6.1.1.jar!/:6.1.1]
	at org.springframework.aop.framework.CglibAopProxy$DynamicAdvisedInterceptor.intercept(CglibAopProxy.java:717) ~[spring-aop-6.1.1.jar!/:6.1.1]
	at com.example.demo.service.AirRaidShelterService$$SpringCGLIB$$0.save(<generated>) ~[!/:0.0.1-SNAPSHOT]
	at com.example.demo.controller.AirRaidShelterController.writeAirRaidShelter(AirRaidShelterController.java:54) ~[!/:0.0.1-SNAPSHOT]
	at java.base/jdk.internal.reflect.NativeMethodAccessorImpl.invoke0(Native Method) ~[na:na]
	at java.base/jdk.internal.reflect.NativeMethodAccessorImpl.invoke(NativeMethodAccessorImpl.java:77) ~[na:na]
	at java.base/jdk.internal.reflect.DelegatingMethodAccessorImpl.invoke(DelegatingMethodAccessorImpl.java:43) ~[na:na]
	at java.base/java.lang.reflect.Method.invoke(Method.java:569) ~[na:na]
	at org.springframework.web.method.support.InvocableHandlerMethod.doInvoke(InvocableHandlerMethod.java:254) ~[spring-web-6.1.1.jar!/:6.1.1]
	at org.springframework.web.method.support.InvocableHandlerMethod.invokeForRequest(InvocableHandlerMethod.java:182) ~[spring-web-6.1.1.jar!/:6.1.1]
	at org.springframework.web.servlet.mvc.method.annotation.ServletInvocableHandlerMethod.invokeAndHandle(ServletInvocableHandlerMethod.java:118) ~[spring-webmvc-6.1.1.jar!/:6.1.1]
	at org.springframework.web.servlet.mvc.method.annotation.RequestMappingHandlerAdapter.invokeHandlerMethod(RequestMappingHandlerAdapter.java:917) ~[spring-webmvc-6.1.1.jar!/:6.1.1]
	at org.springframework.web.servlet.mvc.method.annotation.RequestMappingHandlerAdapter.handleInternal(RequestMappingHandlerAdapter.java:829) ~[spring-webmvc-6.1.1.jar!/:6.1.1]
	at org.springframework.web.servlet.mvc.method.AbstractHandlerMethodAdapter.handle(AbstractHandlerMethodAdapter.java:87) ~[spring-webmvc-6.1.1.jar!/:6.1.1]
	at org.springframework.web.servlet.DispatcherServlet.doDispatch(DispatcherServlet.java:1089) ~[spring-webmvc-6.1.1.jar!/:6.1.1]
	at org.springframework.web.servlet.DispatcherServlet.doService(DispatcherServlet.java:979) ~[spring-webmvc-6.1.1.jar!/:6.1.1]
	at org.springframework.web.servlet.FrameworkServlet.processRequest(FrameworkServlet.java:1014) ~[spring-webmvc-6.1.1.jar!/:6.1.1]
	at org.springframework.web.servlet.FrameworkServlet.doPost(FrameworkServlet.java:914) ~[spring-webmvc-6.1.1.jar!/:6.1.1]
	at jakarta.servlet.http.HttpServlet.service(HttpServlet.java:590) ~[tomcat-embed-core-10.1.16.jar!/:na]
	at org.springframework.web.servlet.FrameworkServlet.service(FrameworkServlet.java:885) ~[spring-webmvc-6.1.1.jar!/:6.1.1]
	at jakarta.servlet.http.HttpServlet.service(HttpServlet.java:658) ~[tomcat-embed-core-10.1.16.jar!/:na]
	at org.apache.catalina.core.ApplicationFilterChain.internalDoFilter(ApplicationFilterChain.java:205) ~[tomcat-embed-core-10.1.16.jar!/:na]
	at org.apache.catalina.core.ApplicationFilterChain.doFilter(ApplicationFilterChain.java:149) ~[tomcat-embed-core-10.1.16.jar!/:na]
	at org.apache.tomcat.websocket.server.WsFilter.doFilter(WsFilter.java:51) ~[tomcat-embed-websocket-10.1.16.jar!/:na]
	at org.apache.catalina.core.ApplicationFilterChain.internalDoFilter(ApplicationFilterChain.java:174) ~[tomcat-embed-core-10.1.16.jar!/:na]
	at org.apache.catalina.core.ApplicationFilterChain.doFilter(ApplicationFilterChain.java:149) ~[tomcat-embed-core-10.1.16.jar!/:na]
	at org.springframework.web.filter.RequestContextFilter.doFilterInternal(RequestContextFilter.java:100) ~[spring-web-6.1.1.jar!/:6.1.1]
	at org.springframework.web.filter.OncePerRequestFilter.doFilter(OncePerRequestFilter.java:116) ~[spring-web-6.1.1.jar!/:6.1.1]
	at org.apache.catalina.core.ApplicationFilterChain.internalDoFilter(ApplicationFilterChain.java:174) ~[tomcat-embed-core-10.1.16.jar!/:na]
	at org.apache.catalina.core.ApplicationFilterChain.doFilter(ApplicationFilterChain.java:149) ~[tomcat-embed-core-10.1.16.jar!/:na]
	at org.springframework.web.filter.FormContentFilter.doFilterInternal(FormContentFilter.java:93) ~[spring-web-6.1.1.jar!/:6.1.1]
	at org.springframework.web.filter.OncePerRequestFilter.doFilter(OncePerRequestFilter.java:116) ~[spring-web-6.1.1.jar!/:6.1.1]
	at org.apache.catalina.core.ApplicationFilterChain.internalDoFilter(ApplicationFilterChain.java:174) ~[tomcat-embed-core-10.1.16.jar!/:na]
	at org.apache.catalina.core.ApplicationFilterChain.doFilter(ApplicationFilterChain.java:149) ~[tomcat-embed-core-10.1.16.jar!/:na]
	at org.springframework.web.filter.ServerHttpObservationFilter.doFilterInternal(ServerHttpObservationFilter.java:109) ~[spring-web-6.1.1.jar!/:6.1.1]
	at org.springframework.web.filter.OncePerRequestFilter.doFilter(OncePerRequestFilter.java:116) ~[spring-web-6.1.1.jar!/:6.1.1]
	at org.apache.catalina.core.ApplicationFilterChain.internalDoFilter(ApplicationFilterChain.java:174) ~[tomcat-embed-core-10.1.16.jar!/:na]
	at org.apache.catalina.core.ApplicationFilterChain.doFilter(ApplicationFilterChain.java:149) ~[tomcat-embed-core-10.1.16.jar!/:na]
	at org.springframework.web.filter.CharacterEncodingFilter.doFilterInternal(CharacterEncodingFilter.java:201) ~[spring-web-6.1.1.jar!/:6.1.1]
	at org.springframework.web.filter.OncePerRequestFilter.doFilter(OncePerRequestFilter.java:116) ~[spring-web-6.1.1.jar!/:6.1.1]
	at org.apache.catalina.core.ApplicationFilterChain.internalDoFilter(ApplicationFilterChain.java:174) ~[tomcat-embed-core-10.1.16.jar!/:na]
	at org.apache.catalina.core.ApplicationFilterChain.doFilter(ApplicationFilterChain.java:149) ~[tomcat-embed-core-10.1.16.jar!/:na]
	at org.apache.catalina.core.StandardWrapperValve.invoke(StandardWrapperValve.java:167) ~[tomcat-embed-core-10.1.16.jar!/:na]
	at org.apache.catalina.core.StandardContextValve.invoke(StandardContextValve.java:90) ~[tomcat-embed-core-10.1.16.jar!/:na]
	at org.apache.catalina.authenticator.AuthenticatorBase.invoke(AuthenticatorBase.java:482) ~[tomcat-embed-core-10.1.16.jar!/:na]
	at org.apache.catalina.core.StandardHostValve.invoke(StandardHostValve.java:115) ~[tomcat-embed-core-10.1.16.jar!/:na]
	at org.apache.catalina.valves.ErrorReportValve.invoke(ErrorReportValve.java:93) ~[tomcat-embed-core-10.1.16.jar!/:na]
	at org.apache.catalina.core.StandardEngineValve.invoke(StandardEngineValve.java:74) ~[tomcat-embed-core-10.1.16.jar!/:na]
	at org.apache.catalina.connector.CoyoteAdapter.service(CoyoteAdapter.java:340) ~[tomcat-embed-core-10.1.16.jar!/:na]
	at org.apache.coyote.http11.Http11Processor.service(Http11Processor.java:391) ~[tomcat-embed-core-10.1.16.jar!/:na]
	at org.apache.coyote.AbstractProcessorLight.process(AbstractProcessorLight.java:63) ~[tomcat-embed-core-10.1.16.jar!/:na]
	at org.apache.coyote.AbstractProtocol$ConnectionHandler.process(AbstractProtocol.java:896) ~[tomcat-embed-core-10.1.16.jar!/:na]
	at org.apache.tomcat.util.net.NioEndpoint$SocketProcessor.doRun(NioEndpoint.java:1744) ~[tomcat-embed-core-10.1.16.jar!/:na]
	at org.apache.tomcat.util.net.SocketProcessorBase.run(SocketProcessorBase.java:52) ~[tomcat-embed-core-10.1.16.jar!/:na]
	at org.apache.tomcat.util.threads.ThreadPoolExecutor.runWorker(ThreadPoolExecutor.java:1191) ~[tomcat-embed-core-10.1.16.jar!/:na]
	at org.apache.tomcat.util.threads.ThreadPoolExecutor$Worker.run(ThreadPoolExecutor.java:659) ~[tomcat-embed-core-10.1.16.jar!/:na]
	at org.apache.tomcat.util.threads.TaskThread$WrappingRunnable.run(TaskThread.java:61) ~[tomcat-embed-core-10.1.16.jar!/:na]
	at java.base/java.lang.Thread.run(Thread.java:840) ~[na:na]

Hibernate: select fs1_0.shlt_id,fs1_0.ctpv_nm,fs1_0.daddr,fs1_0.fclt_nm,fs1_0.lat,fs1_0.lot,fs1_0.mng_dept_nm,fs1_0.sgg_nm from flood fs1_0 limit ?,?
Hibernate: select count(fs1_0.shlt_id) from flood fs1_0
Hibernate: select fs1_0.shlt_id,fs1_0.ctpv_nm,fs1_0.daddr,fs1_0.fclt_nm,fs1_0.lat,fs1_0.lot,fs1_0.mng_dept_nm,fs1_0.sgg_nm from flood fs1_0 where fs1_0.shlt_id=?
Hibernate: insert into flood (ctpv_nm,daddr,fclt_nm,lat,lot,mng_dept_nm,sgg_nm,shlt_id) values (?,?,?,?,?,?,?,?)
Hibernate: select fs1_0.shlt_id,fs1_0.ctpv_nm,fs1_0.daddr,fs1_0.fclt_nm,fs1_0.lat,fs1_0.lot,fs1_0.mng_dept_nm,fs1_0.sgg_nm from flood fs1_0 limit ?,?
Hibernate: select count(fs1_0.shlt_id) from flood fs1_0
Hibernate: select es1_0.shlt_id,es1_0.ctpv_nm,es1_0.daddr,es1_0.fclt_nm,es1_0.lat,es1_0.lot,es1_0.mng_dept_nm,es1_0.sgg_nm from earthquake es1_0 limit ?,?
Hibernate: select count(es1_0.shlt_id) from earthquake es1_0
Hibernate: select es1_0.shlt_id,es1_0.ctpv_nm,es1_0.daddr,es1_0.fclt_nm,es1_0.lat,es1_0.lot,es1_0.mng_dept_nm,es1_0.sgg_nm from earthquake es1_0 where es1_0.shlt_id=?
Hibernate: insert into earthquake (ctpv_nm,daddr,fclt_nm,lat,lot,mng_dept_nm,sgg_nm,shlt_id) values (?,?,?,?,?,?,?,?)
2026-08-31T18:57:25.343+09:00  WARN 3319 --- [nio-8080-exec-2] o.h.engine.jdbc.spi.SqlExceptionHelper   : SQL Error: 1366, SQLState: HY000
2026-08-31T18:57:25.344+09:00 ERROR 3319 --- [nio-8080-exec-2] o.h.engine.jdbc.spi.SqlExceptionHelper   : Incorrect decimal value: '' for column 'lat' at row 1
2026-08-31T18:57:25.345+09:00 ERROR 3319 --- [nio-8080-exec-2] o.a.c.c.C.[.[.[/].[dispatcherServlet]    : Servlet.service() for servlet [dispatcherServlet] in context with path [] threw exception [Request processing failed: org.springframework.orm.jpa.JpaSystemException: could not execute statement [Incorrect decimal value: '' for column 'lat' at row 1] [insert into earthquake (ctpv_nm,daddr,fclt_nm,lat,lot,mng_dept_nm,sgg_nm,shlt_id) values (?,?,?,?,?,?,?,?)]] with root cause

java.sql.SQLException: Incorrect decimal value: '' for column 'lat' at row 1
	at com.mysql.cj.jdbc.exceptions.SQLError.createSQLException(SQLError.java:130) ~[mysql-connector-j-8.1.0.jar!/:8.1.0]
	at com.mysql.cj.jdbc.exceptions.SQLExceptionsMapping.translateException(SQLExceptionsMapping.java:122) ~[mysql-connector-j-8.1.0.jar!/:8.1.0]
	at com.mysql.cj.jdbc.ClientPreparedStatement.executeInternal(ClientPreparedStatement.java:916) ~[mysql-connector-j-8.1.0.jar!/:8.1.0]
	at com.mysql.cj.jdbc.ClientPreparedStatement.executeUpdateInternal(ClientPreparedStatement.java:1061) ~[mysql-connector-j-8.1.0.jar!/:8.1.0]
	at com.mysql.cj.jdbc.ClientPreparedStatement.executeUpdateInternal(ClientPreparedStatement.java:1009) ~[mysql-connector-j-8.1.0.jar!/:8.1.0]
	at com.mysql.cj.jdbc.ClientPreparedStatement.executeLargeUpdate(ClientPreparedStatement.java:1320) ~[mysql-connector-j-8.1.0.jar!/:8.1.0]
	at com.mysql.cj.jdbc.ClientPreparedStatement.executeUpdate(ClientPreparedStatement.java:994) ~[mysql-connector-j-8.1.0.jar!/:8.1.0]
	at com.zaxxer.hikari.pool.ProxyPreparedStatement.executeUpdate(ProxyPreparedStatement.java:61) ~[HikariCP-5.0.1.jar!/:na]
	at com.zaxxer.hikari.pool.HikariProxyPreparedStatement.executeUpdate(HikariProxyPreparedStatement.java) ~[HikariCP-5.0.1.jar!/:na]
	at org.hibernate.engine.jdbc.internal.ResultSetReturnImpl.executeUpdate(ResultSetReturnImpl.java:280) ~[hibernate-core-6.3.1.Final.jar!/:6.3.1.Final]
	at org.hibernate.engine.jdbc.mutation.internal.AbstractMutationExecutor.performNonBatchedMutation(AbstractMutationExecutor.java:107) ~[hibernate-core-6.3.1.Final.jar!/:6.3.1.Final]
	at org.hibernate.engine.jdbc.mutation.internal.MutationExecutorSingleNonBatched.performNonBatchedOperations(MutationExecutorSingleNonBatched.java:40) ~[hibernate-core-6.3.1.Final.jar!/:6.3.1.Final]
	at org.hibernate.engine.jdbc.mutation.internal.AbstractMutationExecutor.execute(AbstractMutationExecutor.java:52) ~[hibernate-core-6.3.1.Final.jar!/:6.3.1.Final]
	at org.hibernate.persister.entity.mutation.InsertCoordinator.doStaticInserts(InsertCoordinator.java:171) ~[hibernate-core-6.3.1.Final.jar!/:6.3.1.Final]
	at org.hibernate.persister.entity.mutation.InsertCoordinator.coordinateInsert(InsertCoordinator.java:112) ~[hibernate-core-6.3.1.Final.jar!/:6.3.1.Final]
	at org.hibernate.persister.entity.AbstractEntityPersister.insert(AbstractEntityPersister.java:2865) ~[hibernate-core-6.3.1.Final.jar!/:6.3.1.Final]
	at org.hibernate.action.internal.EntityInsertAction.execute(EntityInsertAction.java:102) ~[hibernate-core-6.3.1.Final.jar!/:6.3.1.Final]
	at org.hibernate.engine.spi.ActionQueue.executeActions(ActionQueue.java:631) ~[hibernate-core-6.3.1.Final.jar!/:6.3.1.Final]
	at org.hibernate.engine.spi.ActionQueue.executeActions(ActionQueue.java:498) ~[hibernate-core-6.3.1.Final.jar!/:6.3.1.Final]
	at org.hibernate.event.internal.AbstractFlushingEventListener.performExecutions(AbstractFlushingEventListener.java:363) ~[hibernate-core-6.3.1.Final.jar!/:6.3.1.Final]
	at org.hibernate.event.internal.DefaultFlushEventListener.onFlush(DefaultFlushEventListener.java:39) ~[hibernate-core-6.3.1.Final.jar!/:6.3.1.Final]
	at org.hibernate.event.service.internal.EventListenerGroupImpl.fireEventOnEachListener(EventListenerGroupImpl.java:127) ~[hibernate-core-6.3.1.Final.jar!/:6.3.1.Final]
	at org.hibernate.internal.SessionImpl.doFlush(SessionImpl.java:1415) ~[hibernate-core-6.3.1.Final.jar!/:6.3.1.Final]
	at org.hibernate.internal.SessionImpl.managedFlush(SessionImpl.java:496) ~[hibernate-core-6.3.1.Final.jar!/:6.3.1.Final]
	at org.hibernate.internal.SessionImpl.flushBeforeTransactionCompletion(SessionImpl.java:2325) ~[hibernate-core-6.3.1.Final.jar!/:6.3.1.Final]
	at org.hibernate.internal.SessionImpl.beforeTransactionCompletion(SessionImpl.java:1988) ~[hibernate-core-6.3.1.Final.jar!/:6.3.1.Final]
	at org.hibernate.engine.jdbc.internal.JdbcCoordinatorImpl.beforeTransactionCompletion(JdbcCoordinatorImpl.java:439) ~[hibernate-core-6.3.1.Final.jar!/:6.3.1.Final]
	at org.hibernate.resource.transaction.backend.jdbc.internal.JdbcResourceLocalTransactionCoordinatorImpl.beforeCompletionCallback(JdbcResourceLocalTransactionCoordinatorImpl.java:169) ~[hibernate-core-6.3.1.Final.jar!/:6.3.1.Final]
	at org.hibernate.resource.transaction.backend.jdbc.internal.JdbcResourceLocalTransactionCoordinatorImpl$TransactionDriverControlImpl.commit(JdbcResourceLocalTransactionCoordinatorImpl.java:267) ~[hibernate-core-6.3.1.Final.jar!/:6.3.1.Final]
	at org.hibernate.engine.transaction.internal.TransactionImpl.commit(TransactionImpl.java:101) ~[hibernate-core-6.3.1.Final.jar!/:6.3.1.Final]
	at org.springframework.orm.jpa.JpaTransactionManager.doCommit(JpaTransactionManager.java:561) ~[spring-orm-6.1.1.jar!/:6.1.1]
	at org.springframework.transaction.support.AbstractPlatformTransactionManager.processCommit(AbstractPlatformTransactionManager.java:794) ~[spring-tx-6.1.1.jar!/:6.1.1]
	at org.springframework.transaction.support.AbstractPlatformTransactionManager.commit(AbstractPlatformTransactionManager.java:757) ~[spring-tx-6.1.1.jar!/:6.1.1]
	at org.springframework.transaction.interceptor.TransactionAspectSupport.commitTransactionAfterReturning(TransactionAspectSupport.java:669) ~[spring-tx-6.1.1.jar!/:6.1.1]
	at org.springframework.transaction.interceptor.TransactionAspectSupport.invokeWithinTransaction(TransactionAspectSupport.java:419) ~[spring-tx-6.1.1.jar!/:6.1.1]
	at org.springframework.transaction.interceptor.TransactionInterceptor.invoke(TransactionInterceptor.java:119) ~[spring-tx-6.1.1.jar!/:6.1.1]
	at org.springframework.aop.framework.ReflectiveMethodInvocation.proceed(ReflectiveMethodInvocation.java:184) ~[spring-aop-6.1.1.jar!/:6.1.1]
	at org.springframework.aop.framework.CglibAopProxy$CglibMethodInvocation.proceed(CglibAopProxy.java:765) ~[spring-aop-6.1.1.jar!/:6.1.1]
	at org.springframework.aop.framework.CglibAopProxy$DynamicAdvisedInterceptor.intercept(CglibAopProxy.java:717) ~[spring-aop-6.1.1.jar!/:6.1.1]
	at com.example.demo.service.EarthquakeShelterService$$SpringCGLIB$$0.save(<generated>) ~[!/:0.0.1-SNAPSHOT]
	at com.example.demo.controller.EarthquakeShelterController.writeEarthquakeShelter(EarthquakeShelterController.java:56) ~[!/:0.0.1-SNAPSHOT]
	at java.base/jdk.internal.reflect.NativeMethodAccessorImpl.invoke0(Native Method) ~[na:na]
	at java.base/jdk.internal.reflect.NativeMethodAccessorImpl.invoke(NativeMethodAccessorImpl.java:77) ~[na:na]
	at java.base/jdk.internal.reflect.DelegatingMethodAccessorImpl.invoke(DelegatingMethodAccessorImpl.java:43) ~[na:na]
	at java.base/java.lang.reflect.Method.invoke(Method.java:569) ~[na:na]
	at org.springframework.web.method.support.InvocableHandlerMethod.doInvoke(InvocableHandlerMethod.java:254) ~[spring-web-6.1.1.jar!/:6.1.1]
	at org.springframework.web.method.support.InvocableHandlerMethod.invokeForRequest(InvocableHandlerMethod.java:182) ~[spring-web-6.1.1.jar!/:6.1.1]
	at org.springframework.web.servlet.mvc.method.annotation.ServletInvocableHandlerMethod.invokeAndHandle(ServletInvocableHandlerMethod.java:118) ~[spring-webmvc-6.1.1.jar!/:6.1.1]
	at org.springframework.web.servlet.mvc.method.annotation.RequestMappingHandlerAdapter.invokeHandlerMethod(RequestMappingHandlerAdapter.java:917) ~[spring-webmvc-6.1.1.jar!/:6.1.1]
	at org.springframework.web.servlet.mvc.method.annotation.RequestMappingHandlerAdapter.handleInternal(RequestMappingHandlerAdapter.java:829) ~[spring-webmvc-6.1.1.jar!/:6.1.1]
	at org.springframework.web.servlet.mvc.method.AbstractHandlerMethodAdapter.handle(AbstractHandlerMethodAdapter.java:87) ~[spring-webmvc-6.1.1.jar!/:6.1.1]
	at org.springframework.web.servlet.DispatcherServlet.doDispatch(DispatcherServlet.java:1089) ~[spring-webmvc-6.1.1.jar!/:6.1.1]
	at org.springframework.web.servlet.DispatcherServlet.doService(DispatcherServlet.java:979) ~[spring-webmvc-6.1.1.jar!/:6.1.1]
	at org.springframework.web.servlet.FrameworkServlet.processRequest(FrameworkServlet.java:1014) ~[spring-webmvc-6.1.1.jar!/:6.1.1]
	at org.springframework.web.servlet.FrameworkServlet.doPost(FrameworkServlet.java:914) ~[spring-webmvc-6.1.1.jar!/:6.1.1]
	at jakarta.servlet.http.HttpServlet.service(HttpServlet.java:590) ~[tomcat-embed-core-10.1.16.jar!/:na]
	at org.springframework.web.servlet.FrameworkServlet.service(FrameworkServlet.java:885) ~[spring-webmvc-6.1.1.jar!/:6.1.1]
	at jakarta.servlet.http.HttpServlet.service(HttpServlet.java:658) ~[tomcat-embed-core-10.1.16.jar!/:na]
	at org.apache.catalina.core.ApplicationFilterChain.internalDoFilter(ApplicationFilterChain.java:205) ~[tomcat-embed-core-10.1.16.jar!/:na]
	at org.apache.catalina.core.ApplicationFilterChain.doFilter(ApplicationFilterChain.java:149) ~[tomcat-embed-core-10.1.16.jar!/:na]
	at org.apache.tomcat.websocket.server.WsFilter.doFilter(WsFilter.java:51) ~[tomcat-embed-websocket-10.1.16.jar!/:na]
	at org.apache.catalina.core.ApplicationFilterChain.internalDoFilter(ApplicationFilterChain.java:174) ~[tomcat-embed-core-10.1.16.jar!/:na]
	at org.apache.catalina.core.ApplicationFilterChain.doFilter(ApplicationFilterChain.java:149) ~[tomcat-embed-core-10.1.16.jar!/:na]
	at org.springframework.web.filter.RequestContextFilter.doFilterInternal(RequestContextFilter.java:100) ~[spring-web-6.1.1.jar!/:6.1.1]
	at org.springframework.web.filter.OncePerRequestFilter.doFilter(OncePerRequestFilter.java:116) ~[spring-web-6.1.1.jar!/:6.1.1]
	at org.apache.catalina.core.ApplicationFilterChain.internalDoFilter(ApplicationFilterChain.java:174) ~[tomcat-embed-core-10.1.16.jar!/:na]
	at org.apache.catalina.core.ApplicationFilterChain.doFilter(ApplicationFilterChain.java:149) ~[tomcat-embed-core-10.1.16.jar!/:na]
	at org.springframework.web.filter.FormContentFilter.doFilterInternal(FormContentFilter.java:93) ~[spring-web-6.1.1.jar!/:6.1.1]
	at org.springframework.web.filter.OncePerRequestFilter.doFilter(OncePerRequestFilter.java:116) ~[spring-web-6.1.1.jar!/:6.1.1]
	at org.apache.catalina.core.ApplicationFilterChain.internalDoFilter(ApplicationFilterChain.java:174) ~[tomcat-embed-core-10.1.16.jar!/:na]
	at org.apache.catalina.core.ApplicationFilterChain.doFilter(ApplicationFilterChain.java:149) ~[tomcat-embed-core-10.1.16.jar!/:na]
	at org.springframework.web.filter.ServerHttpObservationFilter.doFilterInternal(ServerHttpObservationFilter.java:109) ~[spring-web-6.1.1.jar!/:6.1.1]
	at org.springframework.web.filter.OncePerRequestFilter.doFilter(OncePerRequestFilter.java:116) ~[spring-web-6.1.1.jar!/:6.1.1]
	at org.apache.catalina.core.ApplicationFilterChain.internalDoFilter(ApplicationFilterChain.java:174) ~[tomcat-embed-core-10.1.16.jar!/:na]
	at org.apache.catalina.core.ApplicationFilterChain.doFilter(ApplicationFilterChain.java:149) ~[tomcat-embed-core-10.1.16.jar!/:na]
	at org.springframework.web.filter.CharacterEncodingFilter.doFilterInternal(CharacterEncodingFilter.java:201) ~[spring-web-6.1.1.jar!/:6.1.1]
	at org.springframework.web.filter.OncePerRequestFilter.doFilter(OncePerRequestFilter.java:116) ~[spring-web-6.1.1.jar!/:6.1.1]
	at org.apache.catalina.core.ApplicationFilterChain.internalDoFilter(ApplicationFilterChain.java:174) ~[tomcat-embed-core-10.1.16.jar!/:na]
	at org.apache.catalina.core.ApplicationFilterChain.doFilter(ApplicationFilterChain.java:149) ~[tomcat-embed-core-10.1.16.jar!/:na]
	at org.apache.catalina.core.StandardWrapperValve.invoke(StandardWrapperValve.java:167) ~[tomcat-embed-core-10.1.16.jar!/:na]
	at org.apache.catalina.core.StandardContextValve.invoke(StandardContextValve.java:90) ~[tomcat-embed-core-10.1.16.jar!/:na]
	at org.apache.catalina.authenticator.AuthenticatorBase.invoke(AuthenticatorBase.java:482) ~[tomcat-embed-core-10.1.16.jar!/:na]
	at org.apache.catalina.core.StandardHostValve.invoke(StandardHostValve.java:115) ~[tomcat-embed-core-10.1.16.jar!/:na]
	at org.apache.catalina.valves.ErrorReportValve.invoke(ErrorReportValve.java:93) ~[tomcat-embed-core-10.1.16.jar!/:na]
	at org.apache.catalina.core.StandardEngineValve.invoke(StandardEngineValve.java:74) ~[tomcat-embed-core-10.1.16.jar!/:na]
	at org.apache.catalina.connector.CoyoteAdapter.service(CoyoteAdapter.java:340) ~[tomcat-embed-core-10.1.16.jar!/:na]
	at org.apache.coyote.http11.Http11Processor.service(Http11Processor.java:391) ~[tomcat-embed-core-10.1.16.jar!/:na]
	at org.apache.coyote.AbstractProcessorLight.process(AbstractProcessorLight.java:63) ~[tomcat-embed-core-10.1.16.jar!/:na]
	at org.apache.coyote.AbstractProtocol$ConnectionHandler.process(AbstractProtocol.java:896) ~[tomcat-embed-core-10.1.16.jar!/:na]
	at org.apache.tomcat.util.net.NioEndpoint$SocketProcessor.doRun(NioEndpoint.java:1744) ~[tomcat-embed-core-10.1.16.jar!/:na]
	at org.apache.tomcat.util.net.SocketProcessorBase.run(SocketProcessorBase.java:52) ~[tomcat-embed-core-10.1.16.jar!/:na]
	at org.apache.tomcat.util.threads.ThreadPoolExecutor.runWorker(ThreadPoolExecutor.java:1191) ~[tomcat-embed-core-10.1.16.jar!/:na]
	at org.apache.tomcat.util.threads.ThreadPoolExecutor$Worker.run(ThreadPoolExecutor.java:659) ~[tomcat-embed-core-10.1.16.jar!/:na]
	at org.apache.tomcat.util.threads.TaskThread$WrappingRunnable.run(TaskThread.java:61) ~[tomcat-embed-core-10.1.16.jar!/:na]
	at java.base/java.lang.Thread.run(Thread.java:840) ~[na:na]

Hibernate: select es1_0.shlt_id,es1_0.ctpv_nm,es1_0.daddr,es1_0.fclt_nm,es1_0.lat,es1_0.lot,es1_0.mng_dept_nm,es1_0.sgg_nm from earthquake es1_0 where es1_0.shlt_id=?
Hibernate: insert into earthquake (ctpv_nm,daddr,fclt_nm,lat,lot,mng_dept_nm,sgg_nm,shlt_id) values (?,?,?,?,?,?,?,?)
2026-08-31T18:57:27.796+09:00  WARN 3319 --- [nio-8080-exec-7] o.h.engine.jdbc.spi.SqlExceptionHelper   : SQL Error: 1366, SQLState: HY000
2026-08-31T18:57:27.796+09:00 ERROR 3319 --- [nio-8080-exec-7] o.h.engine.jdbc.spi.SqlExceptionHelper   : Incorrect decimal value: '' for column 'lat' at row 1
2026-08-31T18:57:27.798+09:00 ERROR 3319 --- [nio-8080-exec-7] o.a.c.c.C.[.[.[/].[dispatcherServlet]    : Servlet.service() for servlet [dispatcherServlet] in context with path [] threw exception [Request processing failed: org.springframework.orm.jpa.JpaSystemException: could not execute statement [Incorrect decimal value: '' for column 'lat' at row 1] [insert into earthquake (ctpv_nm,daddr,fclt_nm,lat,lot,mng_dept_nm,sgg_nm,shlt_id) values (?,?,?,?,?,?,?,?)]] with root cause

java.sql.SQLException: Incorrect decimal value: '' for column 'lat' at row 1
	at com.mysql.cj.jdbc.exceptions.SQLError.createSQLException(SQLError.java:130) ~[mysql-connector-j-8.1.0.jar!/:8.1.0]
	at com.mysql.cj.jdbc.exceptions.SQLExceptionsMapping.translateException(SQLExceptionsMapping.java:122) ~[mysql-connector-j-8.1.0.jar!/:8.1.0]
	at com.mysql.cj.jdbc.ClientPreparedStatement.executeInternal(ClientPreparedStatement.java:916) ~[mysql-connector-j-8.1.0.jar!/:8.1.0]
	at com.mysql.cj.jdbc.ClientPreparedStatement.executeUpdateInternal(ClientPreparedStatement.java:1061) ~[mysql-connector-j-8.1.0.jar!/:8.1.0]
	at com.mysql.cj.jdbc.ClientPreparedStatement.executeUpdateInternal(ClientPreparedStatement.java:1009) ~[mysql-connector-j-8.1.0.jar!/:8.1.0]
	at com.mysql.cj.jdbc.ClientPreparedStatement.executeLargeUpdate(ClientPreparedStatement.java:1320) ~[mysql-connector-j-8.1.0.jar!/:8.1.0]
	at com.mysql.cj.jdbc.ClientPreparedStatement.executeUpdate(ClientPreparedStatement.java:994) ~[mysql-connector-j-8.1.0.jar!/:8.1.0]
	at com.zaxxer.hikari.pool.ProxyPreparedStatement.executeUpdate(ProxyPreparedStatement.java:61) ~[HikariCP-5.0.1.jar!/:na]
	at com.zaxxer.hikari.pool.HikariProxyPreparedStatement.executeUpdate(HikariProxyPreparedStatement.java) ~[HikariCP-5.0.1.jar!/:na]
	at org.hibernate.engine.jdbc.internal.ResultSetReturnImpl.executeUpdate(ResultSetReturnImpl.java:280) ~[hibernate-core-6.3.1.Final.jar!/:6.3.1.Final]
	at org.hibernate.engine.jdbc.mutation.internal.AbstractMutationExecutor.performNonBatchedMutation(AbstractMutationExecutor.java:107) ~[hibernate-core-6.3.1.Final.jar!/:6.3.1.Final]
	at org.hibernate.engine.jdbc.mutation.internal.MutationExecutorSingleNonBatched.performNonBatchedOperations(MutationExecutorSingleNonBatched.java:40) ~[hibernate-core-6.3.1.Final.jar!/:6.3.1.Final]
	at org.hibernate.engine.jdbc.mutation.internal.AbstractMutationExecutor.execute(AbstractMutationExecutor.java:52) ~[hibernate-core-6.3.1.Final.jar!/:6.3.1.Final]
	at org.hibernate.persister.entity.mutation.InsertCoordinator.doStaticInserts(InsertCoordinator.java:171) ~[hibernate-core-6.3.1.Final.jar!/:6.3.1.Final]
	at org.hibernate.persister.entity.mutation.InsertCoordinator.coordinateInsert(InsertCoordinator.java:112) ~[hibernate-core-6.3.1.Final.jar!/:6.3.1.Final]
	at org.hibernate.persister.entity.AbstractEntityPersister.insert(AbstractEntityPersister.java:2865) ~[hibernate-core-6.3.1.Final.jar!/:6.3.1.Final]
	at org.hibernate.action.internal.EntityInsertAction.execute(EntityInsertAction.java:102) ~[hibernate-core-6.3.1.Final.jar!/:6.3.1.Final]
	at org.hibernate.engine.spi.ActionQueue.executeActions(ActionQueue.java:631) ~[hibernate-core-6.3.1.Final.jar!/:6.3.1.Final]
	at org.hibernate.engine.spi.ActionQueue.executeActions(ActionQueue.java:498) ~[hibernate-core-6.3.1.Final.jar!/:6.3.1.Final]
	at org.hibernate.event.internal.AbstractFlushingEventListener.performExecutions(AbstractFlushingEventListener.java:363) ~[hibernate-core-6.3.1.Final.jar!/:6.3.1.Final]
	at org.hibernate.event.internal.DefaultFlushEventListener.onFlush(DefaultFlushEventListener.java:39) ~[hibernate-core-6.3.1.Final.jar!/:6.3.1.Final]
	at org.hibernate.event.service.internal.EventListenerGroupImpl.fireEventOnEachListener(EventListenerGroupImpl.java:127) ~[hibernate-core-6.3.1.Final.jar!/:6.3.1.Final]
	at org.hibernate.internal.SessionImpl.doFlush(SessionImpl.java:1415) ~[hibernate-core-6.3.1.Final.jar!/:6.3.1.Final]
	at org.hibernate.internal.SessionImpl.managedFlush(SessionImpl.java:496) ~[hibernate-core-6.3.1.Final.jar!/:6.3.1.Final]
	at org.hibernate.internal.SessionImpl.flushBeforeTransactionCompletion(SessionImpl.java:2325) ~[hibernate-core-6.3.1.Final.jar!/:6.3.1.Final]
	at org.hibernate.internal.SessionImpl.beforeTransactionCompletion(SessionImpl.java:1988) ~[hibernate-core-6.3.1.Final.jar!/:6.3.1.Final]
	at org.hibernate.engine.jdbc.internal.JdbcCoordinatorImpl.beforeTransactionCompletion(JdbcCoordinatorImpl.java:439) ~[hibernate-core-6.3.1.Final.jar!/:6.3.1.Final]
	at org.hibernate.resource.transaction.backend.jdbc.internal.JdbcResourceLocalTransactionCoordinatorImpl.beforeCompletionCallback(JdbcResourceLocalTransactionCoordinatorImpl.java:169) ~[hibernate-core-6.3.1.Final.jar!/:6.3.1.Final]
	at org.hibernate.resource.transaction.backend.jdbc.internal.JdbcResourceLocalTransactionCoordinatorImpl$TransactionDriverControlImpl.commit(JdbcResourceLocalTransactionCoordinatorImpl.java:267) ~[hibernate-core-6.3.1.Final.jar!/:6.3.1.Final]
	at org.hibernate.engine.transaction.internal.TransactionImpl.commit(TransactionImpl.java:101) ~[hibernate-core-6.3.1.Final.jar!/:6.3.1.Final]
	at org.springframework.orm.jpa.JpaTransactionManager.doCommit(JpaTransactionManager.java:561) ~[spring-orm-6.1.1.jar!/:6.1.1]
	at org.springframework.transaction.support.AbstractPlatformTransactionManager.processCommit(AbstractPlatformTransactionManager.java:794) ~[spring-tx-6.1.1.jar!/:6.1.1]
	at org.springframework.transaction.support.AbstractPlatformTransactionManager.commit(AbstractPlatformTransactionManager.java:757) ~[spring-tx-6.1.1.jar!/:6.1.1]
	at org.springframework.transaction.interceptor.TransactionAspectSupport.commitTransactionAfterReturning(TransactionAspectSupport.java:669) ~[spring-tx-6.1.1.jar!/:6.1.1]
	at org.springframework.transaction.interceptor.TransactionAspectSupport.invokeWithinTransaction(TransactionAspectSupport.java:419) ~[spring-tx-6.1.1.jar!/:6.1.1]
	at org.springframework.transaction.interceptor.TransactionInterceptor.invoke(TransactionInterceptor.java:119) ~[spring-tx-6.1.1.jar!/:6.1.1]
	at org.springframework.aop.framework.ReflectiveMethodInvocation.proceed(ReflectiveMethodInvocation.java:184) ~[spring-aop-6.1.1.jar!/:6.1.1]
	at org.springframework.aop.framework.CglibAopProxy$CglibMethodInvocation.proceed(CglibAopProxy.java:765) ~[spring-aop-6.1.1.jar!/:6.1.1]
	at org.springframework.aop.framework.CglibAopProxy$DynamicAdvisedInterceptor.intercept(CglibAopProxy.java:717) ~[spring-aop-6.1.1.jar!/:6.1.1]
	at com.example.demo.service.EarthquakeShelterService$$SpringCGLIB$$0.save(<generated>) ~[!/:0.0.1-SNAPSHOT]
	at com.example.demo.controller.EarthquakeShelterController.writeEarthquakeShelter(EarthquakeShelterController.java:56) ~[!/:0.0.1-SNAPSHOT]
	at java.base/jdk.internal.reflect.NativeMethodAccessorImpl.invoke0(Native Method) ~[na:na]
	at java.base/jdk.internal.reflect.NativeMethodAccessorImpl.invoke(NativeMethodAccessorImpl.java:77) ~[na:na]
	at java.base/jdk.internal.reflect.DelegatingMethodAccessorImpl.invoke(DelegatingMethodAccessorImpl.java:43) ~[na:na]
	at java.base/java.lang.reflect.Method.invoke(Method.java:569) ~[na:na]
	at org.springframework.web.method.support.InvocableHandlerMethod.doInvoke(InvocableHandlerMethod.java:254) ~[spring-web-6.1.1.jar!/:6.1.1]
	at org.springframework.web.method.support.InvocableHandlerMethod.invokeForRequest(InvocableHandlerMethod.java:182) ~[spring-web-6.1.1.jar!/:6.1.1]
	at org.springframework.web.servlet.mvc.method.annotation.ServletInvocableHandlerMethod.invokeAndHandle(ServletInvocableHandlerMethod.java:118) ~[spring-webmvc-6.1.1.jar!/:6.1.1]
	at org.springframework.web.servlet.mvc.method.annotation.RequestMappingHandlerAdapter.invokeHandlerMethod(RequestMappingHandlerAdapter.java:917) ~[spring-webmvc-6.1.1.jar!/:6.1.1]
	at org.springframework.web.servlet.mvc.method.annotation.RequestMappingHandlerAdapter.handleInternal(RequestMappingHandlerAdapter.java:829) ~[spring-webmvc-6.1.1.jar!/:6.1.1]
	at org.springframework.web.servlet.mvc.method.AbstractHandlerMethodAdapter.handle(AbstractHandlerMethodAdapter.java:87) ~[spring-webmvc-6.1.1.jar!/:6.1.1]
	at org.springframework.web.servlet.DispatcherServlet.doDispatch(DispatcherServlet.java:1089) ~[spring-webmvc-6.1.1.jar!/:6.1.1]
	at org.springframework.web.servlet.DispatcherServlet.doService(DispatcherServlet.java:979) ~[spring-webmvc-6.1.1.jar!/:6.1.1]
	at org.springframework.web.servlet.FrameworkServlet.processRequest(FrameworkServlet.java:1014) ~[spring-webmvc-6.1.1.jar!/:6.1.1]
	at org.springframework.web.servlet.FrameworkServlet.doPost(FrameworkServlet.java:914) ~[spring-webmvc-6.1.1.jar!/:6.1.1]
	at jakarta.servlet.http.HttpServlet.service(HttpServlet.java:590) ~[tomcat-embed-core-10.1.16.jar!/:na]
	at org.springframework.web.servlet.FrameworkServlet.service(FrameworkServlet.java:885) ~[spring-webmvc-6.1.1.jar!/:6.1.1]
	at jakarta.servlet.http.HttpServlet.service(HttpServlet.java:658) ~[tomcat-embed-core-10.1.16.jar!/:na]
	at org.apache.catalina.core.ApplicationFilterChain.internalDoFilter(ApplicationFilterChain.java:205) ~[tomcat-embed-core-10.1.16.jar!/:na]
	at org.apache.catalina.core.ApplicationFilterChain.doFilter(ApplicationFilterChain.java:149) ~[tomcat-embed-core-10.1.16.jar!/:na]
	at org.apache.tomcat.websocket.server.WsFilter.doFilter(WsFilter.java:51) ~[tomcat-embed-websocket-10.1.16.jar!/:na]
	at org.apache.catalina.core.ApplicationFilterChain.internalDoFilter(ApplicationFilterChain.java:174) ~[tomcat-embed-core-10.1.16.jar!/:na]
	at org.apache.catalina.core.ApplicationFilterChain.doFilter(ApplicationFilterChain.java:149) ~[tomcat-embed-core-10.1.16.jar!/:na]
	at org.springframework.web.filter.RequestContextFilter.doFilterInternal(RequestContextFilter.java:100) ~[spring-web-6.1.1.jar!/:6.1.1]
	at org.springframework.web.filter.OncePerRequestFilter.doFilter(OncePerRequestFilter.java:116) ~[spring-web-6.1.1.jar!/:6.1.1]
	at org.apache.catalina.core.ApplicationFilterChain.internalDoFilter(ApplicationFilterChain.java:174) ~[tomcat-embed-core-10.1.16.jar!/:na]
	at org.apache.catalina.core.ApplicationFilterChain.doFilter(ApplicationFilterChain.java:149) ~[tomcat-embed-core-10.1.16.jar!/:na]
	at org.springframework.web.filter.FormContentFilter.doFilterInternal(FormContentFilter.java:93) ~[spring-web-6.1.1.jar!/:6.1.1]
	at org.springframework.web.filter.OncePerRequestFilter.doFilter(OncePerRequestFilter.java:116) ~[spring-web-6.1.1.jar!/:6.1.1]
	at org.apache.catalina.core.ApplicationFilterChain.internalDoFilter(ApplicationFilterChain.java:174) ~[tomcat-embed-core-10.1.16.jar!/:na]
	at org.apache.catalina.core.ApplicationFilterChain.doFilter(ApplicationFilterChain.java:149) ~[tomcat-embed-core-10.1.16.jar!/:na]
	at org.springframework.web.filter.ServerHttpObservationFilter.doFilterInternal(ServerHttpObservationFilter.java:109) ~[spring-web-6.1.1.jar!/:6.1.1]
	at org.springframework.web.filter.OncePerRequestFilter.doFilter(OncePerRequestFilter.java:116) ~[spring-web-6.1.1.jar!/:6.1.1]
	at org.apache.catalina.core.ApplicationFilterChain.internalDoFilter(ApplicationFilterChain.java:174) ~[tomcat-embed-core-10.1.16.jar!/:na]
	at org.apache.catalina.core.ApplicationFilterChain.doFilter(ApplicationFilterChain.java:149) ~[tomcat-embed-core-10.1.16.jar!/:na]
	at org.springframework.web.filter.CharacterEncodingFilter.doFilterInternal(CharacterEncodingFilter.java:201) ~[spring-web-6.1.1.jar!/:6.1.1]
	at org.springframework.web.filter.OncePerRequestFilter.doFilter(OncePerRequestFilter.java:116) ~[spring-web-6.1.1.jar!/:6.1.1]
	at org.apache.catalina.core.ApplicationFilterChain.internalDoFilter(ApplicationFilterChain.java:174) ~[tomcat-embed-core-10.1.16.jar!/:na]
	at org.apache.catalina.core.ApplicationFilterChain.doFilter(ApplicationFilterChain.java:149) ~[tomcat-embed-core-10.1.16.jar!/:na]
	at org.apache.catalina.core.StandardWrapperValve.invoke(StandardWrapperValve.java:167) ~[tomcat-embed-core-10.1.16.jar!/:na]
	at org.apache.catalina.core.StandardContextValve.invoke(StandardContextValve.java:90) ~[tomcat-embed-core-10.1.16.jar!/:na]
	at org.apache.catalina.authenticator.AuthenticatorBase.invoke(AuthenticatorBase.java:482) ~[tomcat-embed-core-10.1.16.jar!/:na]
	at org.apache.catalina.core.StandardHostValve.invoke(StandardHostValve.java:115) ~[tomcat-embed-core-10.1.16.jar!/:na]
	at org.apache.catalina.valves.ErrorReportValve.invoke(ErrorReportValve.java:93) ~[tomcat-embed-core-10.1.16.jar!/:na]
	at org.apache.catalina.core.StandardEngineValve.invoke(StandardEngineValve.java:74) ~[tomcat-embed-core-10.1.16.jar!/:na]
	at org.apache.catalina.connector.CoyoteAdapter.service(CoyoteAdapter.java:340) ~[tomcat-embed-core-10.1.16.jar!/:na]
	at org.apache.coyote.http11.Http11Processor.service(Http11Processor.java:391) ~[tomcat-embed-core-10.1.16.jar!/:na]
	at org.apache.coyote.AbstractProcessorLight.process(AbstractProcessorLight.java:63) ~[tomcat-embed-core-10.1.16.jar!/:na]
	at org.apache.coyote.AbstractProtocol$ConnectionHandler.process(AbstractProtocol.java:896) ~[tomcat-embed-core-10.1.16.jar!/:na]
	at org.apache.tomcat.util.net.NioEndpoint$SocketProcessor.doRun(NioEndpoint.java:1744) ~[tomcat-embed-core-10.1.16.jar!/:na]
	at org.apache.tomcat.util.net.SocketProcessorBase.run(SocketProcessorBase.java:52) ~[tomcat-embed-core-10.1.16.jar!/:na]
	at org.apache.tomcat.util.threads.ThreadPoolExecutor.runWorker(ThreadPoolExecutor.java:1191) ~[tomcat-embed-core-10.1.16.jar!/:na]
	at org.apache.tomcat.util.threads.ThreadPoolExecutor$Worker.run(ThreadPoolExecutor.java:659) ~[tomcat-embed-core-10.1.16.jar!/:na]
	at org.apache.tomcat.util.threads.TaskThread$WrappingRunnable.run(TaskThread.java:61) ~[tomcat-embed-core-10.1.16.jar!/:na]
	at java.base/java.lang.Thread.run(Thread.java:840) ~[na:na]

Hibernate: select fs1_0.shlt_id,fs1_0.ctpv_nm,fs1_0.daddr,fs1_0.fclt_nm,fs1_0.lat,fs1_0.lot,fs1_0.mng_dept_nm,fs1_0.sgg_nm from flood fs1_0 limit ?,?
Hibernate: select count(fs1_0.shlt_id) from flood fs1_0
Hibernate: select fs1_0.shlt_id,fs1_0.ctpv_nm,fs1_0.daddr,fs1_0.fclt_nm,fs1_0.lat,fs1_0.lot,fs1_0.mng_dept_nm,fs1_0.sgg_nm from flood fs1_0 where fs1_0.fclt_nm like ? escape '\\' or fs1_0.daddr like ? escape '\\' limit ?,?
Hibernate: select count(fs1_0.shlt_id) from flood fs1_0 where fs1_0.fclt_nm like ? escape '\\' or fs1_0.daddr like ? escape '\\'
Hibernate: select fs1_0.shlt_id,fs1_0.ctpv_nm,fs1_0.daddr,fs1_0.fclt_nm,fs1_0.lat,fs1_0.lot,fs1_0.mng_dept_nm,fs1_0.sgg_nm from flood fs1_0 where fs1_0.fclt_nm like ? escape '\\' or fs1_0.daddr like ? escape '\\' limit ?,?
Hibernate: select count(fs1_0.shlt_id) from flood fs1_0 where fs1_0.fclt_nm like ? escape '\\' or fs1_0.daddr like ? escape '\\'
>>> 홍수 대피소 파이썬 DB 연동 실행
python: can't open file '/root/admin/target/scripts/excel_to_mysql.py': [Errno 2] No such file or directory
java.lang.RuntimeException: 홍수 파이썬 스크립트 실행 실패 (Exit Code: 2)
	at com.example.demo.service.FloodShelterService.syncData(FloodShelterService.java:62)
	at java.base/jdk.internal.reflect.NativeMethodAccessorImpl.invoke0(Native Method)
	at java.base/jdk.internal.reflect.NativeMethodAccessorImpl.invoke(NativeMethodAccessorImpl.java:77)
	at java.base/jdk.internal.reflect.DelegatingMethodAccessorImpl.invoke(DelegatingMethodAccessorImpl.java:43)
	at java.base/java.lang.reflect.Method.invoke(Method.java:569)
	at org.springframework.aop.support.AopUtils.invokeJoinpointUsingReflection(AopUtils.java:352)
	at org.springframework.aop.framework.ReflectiveMethodInvocation.invokeJoinpoint(ReflectiveMethodInvocation.java:196)
	at org.springframework.aop.framework.ReflectiveMethodInvocation.proceed(ReflectiveMethodInvocation.java:163)
	at org.springframework.aop.framework.CglibAopProxy$CglibMethodInvocation.proceed(CglibAopProxy.java:765)
	at org.springframework.transaction.interceptor.TransactionInterceptor$1.proceedWithInvocation(TransactionInterceptor.java:123)
	at org.springframework.transaction.interceptor.TransactionAspectSupport.invokeWithinTransaction(TransactionAspectSupport.java:385)
	at org.springframework.transaction.interceptor.TransactionInterceptor.invoke(TransactionInterceptor.java:119)
	at org.springframework.aop.framework.ReflectiveMethodInvocation.proceed(ReflectiveMethodInvocation.java:184)
	at org.springframework.aop.framework.CglibAopProxy$CglibMethodInvocation.proceed(CglibAopProxy.java:765)
	at org.springframework.aop.framework.CglibAopProxy$DynamicAdvisedInterceptor.intercept(CglibAopProxy.java:717)
	at com.example.demo.service.FloodShelterService$$SpringCGLIB$$0.syncData(<generated>)
	at com.example.demo.controller.FloodShelterController.syncFloodShelters(FloodShelterController.java:111)
	at java.base/jdk.internal.reflect.NativeMethodAccessorImpl.invoke0(Native Method)
	at java.base/jdk.internal.reflect.NativeMethodAccessorImpl.invoke(NativeMethodAccessorImpl.java:77)
	at java.base/jdk.internal.reflect.DelegatingMethodAccessorImpl.invoke(DelegatingMethodAccessorImpl.java:43)
	at java.base/java.lang.reflect.Method.invoke(Method.java:569)
	at org.springframework.web.method.support.InvocableHandlerMethod.doInvoke(InvocableHandlerMethod.java:254)
	at org.springframework.web.method.support.InvocableHandlerMethod.invokeForRequest(InvocableHandlerMethod.java:182)
	at org.springframework.web.servlet.mvc.method.annotation.ServletInvocableHandlerMethod.invokeAndHandle(ServletInvocableHandlerMethod.java:118)
	at org.springframework.web.servlet.mvc.method.annotation.RequestMappingHandlerAdapter.invokeHandlerMethod(RequestMappingHandlerAdapter.java:917)
	at org.springframework.web.servlet.mvc.method.annotation.RequestMappingHandlerAdapter.handleInternal(RequestMappingHandlerAdapter.java:829)
	at org.springframework.web.servlet.mvc.method.AbstractHandlerMethodAdapter.handle(AbstractHandlerMethodAdapter.java:87)
	at org.springframework.web.servlet.DispatcherServlet.doDispatch(DispatcherServlet.java:1089)
	at org.springframework.web.servlet.DispatcherServlet.doService(DispatcherServlet.java:979)
	at org.springframework.web.servlet.FrameworkServlet.processRequest(FrameworkServlet.java:1014)
	at org.springframework.web.servlet.FrameworkServlet.doPost(FrameworkServlet.java:914)
	at jakarta.servlet.http.HttpServlet.service(HttpServlet.java:590)
	at org.springframework.web.servlet.FrameworkServlet.service(FrameworkServlet.java:885)
	at jakarta.servlet.http.HttpServlet.service(HttpServlet.java:658)
	at org.apache.catalina.core.ApplicationFilterChain.internalDoFilter(ApplicationFilterChain.java:205)
	at org.apache.catalina.core.ApplicationFilterChain.doFilter(ApplicationFilterChain.java:149)
	at org.apache.tomcat.websocket.server.WsFilter.doFilter(WsFilter.java:51)
	at org.apache.catalina.core.ApplicationFilterChain.internalDoFilter(ApplicationFilterChain.java:174)
	at org.apache.catalina.core.ApplicationFilterChain.doFilter(ApplicationFilterChain.java:149)
	at org.springframework.web.filter.RequestContextFilter.doFilterInternal(RequestContextFilter.java:100)
	at org.springframework.web.filter.OncePerRequestFilter.doFilter(OncePerRequestFilter.java:116)
	at org.apache.catalina.core.ApplicationFilterChain.internalDoFilter(ApplicationFilterChain.java:174)
	at org.apache.catalina.core.ApplicationFilterChain.doFilter(ApplicationFilterChain.java:149)
	at org.springframework.web.filter.FormContentFilter.doFilterInternal(FormContentFilter.java:93)
	at org.springframework.web.filter.OncePerRequestFilter.doFilter(OncePerRequestFilter.java:116)
	at org.apache.catalina.core.ApplicationFilterChain.internalDoFilter(ApplicationFilterChain.java:174)
	at org.apache.catalina.core.ApplicationFilterChain.doFilter(ApplicationFilterChain.java:149)
	at org.springframework.web.filter.ServerHttpObservationFilter.doFilterInternal(ServerHttpObservationFilter.java:109)
	at org.springframework.web.filter.OncePerRequestFilter.doFilter(OncePerRequestFilter.java:116)
	at org.apache.catalina.core.ApplicationFilterChain.internalDoFilter(ApplicationFilterChain.java:174)
	at org.apache.catalina.core.ApplicationFilterChain.doFilter(ApplicationFilterChain.java:149)
	at org.springframework.web.filter.CharacterEncodingFilter.doFilterInternal(CharacterEncodingFilter.java:201)
	at org.springframework.web.filter.OncePerRequestFilter.doFilter(OncePerRequestFilter.java:116)
	at org.apache.catalina.core.ApplicationFilterChain.internalDoFilter(ApplicationFilterChain.java:174)
	at org.apache.catalina.core.ApplicationFilterChain.doFilter(ApplicationFilterChain.java:149)
	at org.apache.catalina.core.StandardWrapperValve.invoke(StandardWrapperValve.java:167)
	at org.apache.catalina.core.StandardContextValve.invoke(StandardContextValve.java:90)
	at org.apache.catalina.authenticator.AuthenticatorBase.invoke(AuthenticatorBase.java:482)
	at org.apache.catalina.core.StandardHostValve.invoke(StandardHostValve.java:115)
	at org.apache.catalina.valves.ErrorReportValve.invoke(ErrorReportValve.java:93)
	at org.apache.catalina.core.StandardEngineValve.invoke(StandardEngineValve.java:74)
	at org.apache.catalina.connector.CoyoteAdapter.service(CoyoteAdapter.java:340)
	at org.apache.coyote.http11.Http11Processor.service(Http11Processor.java:391)
	at org.apache.coyote.AbstractProcessorLight.process(AbstractProcessorLight.java:63)
	at org.apache.coyote.AbstractProtocol$ConnectionHandler.process(AbstractProtocol.java:896)
	at org.apache.tomcat.util.net.NioEndpoint$SocketProcessor.doRun(NioEndpoint.java:1744)
	at org.apache.tomcat.util.net.SocketProcessorBase.run(SocketProcessorBase.java:52)
	at org.apache.tomcat.util.threads.ThreadPoolExecutor.runWorker(ThreadPoolExecutor.java:1191)
	at org.apache.tomcat.util.threads.ThreadPoolExecutor$Worker.run(ThreadPoolExecutor.java:659)
	at org.apache.tomcat.util.threads.TaskThread$WrappingRunnable.run(TaskThread.java:61)
	at java.base/java.lang.Thread.run(Thread.java:840)
2026-08-31T18:57:37.227+09:00 ERROR 3319 --- [nio-8080-exec-6] o.a.c.c.C.[.[.[/].[dispatcherServlet]    : Servlet.service() for servlet [dispatcherServlet] in context with path [] threw exception [Request processing failed: java.lang.RuntimeException: 홍수 DB 연동 중 오류 발생: 홍수 파이썬 스크립트 실행 실패 (Exit Code: 2)] with root cause

java.lang.RuntimeException: 홍수 DB 연동 중 오류 발생: 홍수 파이썬 스크립트 실행 실패 (Exit Code: 2)
	at com.example.demo.service.FloodShelterService.syncData(FloodShelterService.java:67) ~[!/:0.0.1-SNAPSHOT]
	at java.base/jdk.internal.reflect.NativeMethodAccessorImpl.invoke0(Native Method) ~[na:na]
	at java.base/jdk.internal.reflect.NativeMethodAccessorImpl.invoke(NativeMethodAccessorImpl.java:77) ~[na:na]
	at java.base/jdk.internal.reflect.DelegatingMethodAccessorImpl.invoke(DelegatingMethodAccessorImpl.java:43) ~[na:na]
	at java.base/java.lang.reflect.Method.invoke(Method.java:569) ~[na:na]
	at org.springframework.aop.support.AopUtils.invokeJoinpointUsingReflection(AopUtils.java:352) ~[spring-aop-6.1.1.jar!/:6.1.1]
	at org.springframework.aop.framework.ReflectiveMethodInvocation.invokeJoinpoint(ReflectiveMethodInvocation.java:196) ~[spring-aop-6.1.1.jar!/:6.1.1]
	at org.springframework.aop.framework.ReflectiveMethodInvocation.proceed(ReflectiveMethodInvocation.java:163) ~[spring-aop-6.1.1.jar!/:6.1.1]
	at org.springframework.aop.framework.CglibAopProxy$CglibMethodInvocation.proceed(CglibAopProxy.java:765) ~[spring-aop-6.1.1.jar!/:6.1.1]
	at org.springframework.transaction.interceptor.TransactionInterceptor$1.proceedWithInvocation(TransactionInterceptor.java:123) ~[spring-tx-6.1.1.jar!/:6.1.1]
	at org.springframework.transaction.interceptor.TransactionAspectSupport.invokeWithinTransaction(TransactionAspectSupport.java:385) ~[spring-tx-6.1.1.jar!/:6.1.1]
	at org.springframework.transaction.interceptor.TransactionInterceptor.invoke(TransactionInterceptor.java:119) ~[spring-tx-6.1.1.jar!/:6.1.1]
	at org.springframework.aop.framework.ReflectiveMethodInvocation.proceed(ReflectiveMethodInvocation.java:184) ~[spring-aop-6.1.1.jar!/:6.1.1]
	at org.springframework.aop.framework.CglibAopProxy$CglibMethodInvocation.proceed(CglibAopProxy.java:765) ~[spring-aop-6.1.1.jar!/:6.1.1]
	at org.springframework.aop.framework.CglibAopProxy$DynamicAdvisedInterceptor.intercept(CglibAopProxy.java:717) ~[spring-aop-6.1.1.jar!/:6.1.1]
	at com.example.demo.service.FloodShelterService$$SpringCGLIB$$0.syncData(<generated>) ~[!/:0.0.1-SNAPSHOT]
	at com.example.demo.controller.FloodShelterController.syncFloodShelters(FloodShelterController.java:111) ~[!/:0.0.1-SNAPSHOT]
	at java.base/jdk.internal.reflect.NativeMethodAccessorImpl.invoke0(Native Method) ~[na:na]
	at java.base/jdk.internal.reflect.NativeMethodAccessorImpl.invoke(NativeMethodAccessorImpl.java:77) ~[na:na]
	at java.base/jdk.internal.reflect.DelegatingMethodAccessorImpl.invoke(DelegatingMethodAccessorImpl.java:43) ~[na:na]
	at java.base/java.lang.reflect.Method.invoke(Method.java:569) ~[na:na]
	at org.springframework.web.method.support.InvocableHandlerMethod.doInvoke(InvocableHandlerMethod.java:254) ~[spring-web-6.1.1.jar!/:6.1.1]
	at org.springframework.web.method.support.InvocableHandlerMethod.invokeForRequest(InvocableHandlerMethod.java:182) ~[spring-web-6.1.1.jar!/:6.1.1]
	at org.springframework.web.servlet.mvc.method.annotation.ServletInvocableHandlerMethod.invokeAndHandle(ServletInvocableHandlerMethod.java:118) ~[spring-webmvc-6.1.1.jar!/:6.1.1]
	at org.springframework.web.servlet.mvc.method.annotation.RequestMappingHandlerAdapter.invokeHandlerMethod(RequestMappingHandlerAdapter.java:917) ~[spring-webmvc-6.1.1.jar!/:6.1.1]
	at org.springframework.web.servlet.mvc.method.annotation.RequestMappingHandlerAdapter.handleInternal(RequestMappingHandlerAdapter.java:829) ~[spring-webmvc-6.1.1.jar!/:6.1.1]
	at org.springframework.web.servlet.mvc.method.AbstractHandlerMethodAdapter.handle(AbstractHandlerMethodAdapter.java:87) ~[spring-webmvc-6.1.1.jar!/:6.1.1]
	at org.springframework.web.servlet.DispatcherServlet.doDispatch(DispatcherServlet.java:1089) ~[spring-webmvc-6.1.1.jar!/:6.1.1]
	at org.springframework.web.servlet.DispatcherServlet.doService(DispatcherServlet.java:979) ~[spring-webmvc-6.1.1.jar!/:6.1.1]
	at org.springframework.web.servlet.FrameworkServlet.processRequest(FrameworkServlet.java:1014) ~[spring-webmvc-6.1.1.jar!/:6.1.1]
	at org.springframework.web.servlet.FrameworkServlet.doPost(FrameworkServlet.java:914) ~[spring-webmvc-6.1.1.jar!/:6.1.1]
	at jakarta.servlet.http.HttpServlet.service(HttpServlet.java:590) ~[tomcat-embed-core-10.1.16.jar!/:na]
	at org.springframework.web.servlet.FrameworkServlet.service(FrameworkServlet.java:885) ~[spring-webmvc-6.1.1.jar!/:6.1.1]
	at jakarta.servlet.http.HttpServlet.service(HttpServlet.java:658) ~[tomcat-embed-core-10.1.16.jar!/:na]
	at org.apache.catalina.core.ApplicationFilterChain.internalDoFilter(ApplicationFilterChain.java:205) ~[tomcat-embed-core-10.1.16.jar!/:na]
	at org.apache.catalina.core.ApplicationFilterChain.doFilter(ApplicationFilterChain.java:149) ~[tomcat-embed-core-10.1.16.jar!/:na]
	at org.apache.tomcat.websocket.server.WsFilter.doFilter(WsFilter.java:51) ~[tomcat-embed-websocket-10.1.16.jar!/:na]
	at org.apache.catalina.core.ApplicationFilterChain.internalDoFilter(ApplicationFilterChain.java:174) ~[tomcat-embed-core-10.1.16.jar!/:na]
	at org.apache.catalina.core.ApplicationFilterChain.doFilter(ApplicationFilterChain.java:149) ~[tomcat-embed-core-10.1.16.jar!/:na]
	at org.springframework.web.filter.RequestContextFilter.doFilterInternal(RequestContextFilter.java:100) ~[spring-web-6.1.1.jar!/:6.1.1]
	at org.springframework.web.filter.OncePerRequestFilter.doFilter(OncePerRequestFilter.java:116) ~[spring-web-6.1.1.jar!/:6.1.1]
	at org.apache.catalina.core.ApplicationFilterChain.internalDoFilter(ApplicationFilterChain.java:174) ~[tomcat-embed-core-10.1.16.jar!/:na]
	at org.apache.catalina.core.ApplicationFilterChain.doFilter(ApplicationFilterChain.java:149) ~[tomcat-embed-core-10.1.16.jar!/:na]
	at org.springframework.web.filter.FormContentFilter.doFilterInternal(FormContentFilter.java:93) ~[spring-web-6.1.1.jar!/:6.1.1]
	at org.springframework.web.filter.OncePerRequestFilter.doFilter(OncePerRequestFilter.java:116) ~[spring-web-6.1.1.jar!/:6.1.1]
	at org.apache.catalina.core.ApplicationFilterChain.internalDoFilter(ApplicationFilterChain.java:174) ~[tomcat-embed-core-10.1.16.jar!/:na]
	at org.apache.catalina.core.ApplicationFilterChain.doFilter(ApplicationFilterChain.java:149) ~[tomcat-embed-core-10.1.16.jar!/:na]
	at org.springframework.web.filter.ServerHttpObservationFilter.doFilterInternal(ServerHttpObservationFilter.java:109) ~[spring-web-6.1.1.jar!/:6.1.1]
	at org.springframework.web.filter.OncePerRequestFilter.doFilter(OncePerRequestFilter.java:116) ~[spring-web-6.1.1.jar!/:6.1.1]
	at org.apache.catalina.core.ApplicationFilterChain.internalDoFilter(ApplicationFilterChain.java:174) ~[tomcat-embed-core-10.1.16.jar!/:na]
	at org.apache.catalina.core.ApplicationFilterChain.doFilter(ApplicationFilterChain.java:149) ~[tomcat-embed-core-10.1.16.jar!/:na]
	at org.springframework.web.filter.CharacterEncodingFilter.doFilterInternal(CharacterEncodingFilter.java:201) ~[spring-web-6.1.1.jar!/:6.1.1]
	at org.springframework.web.filter.OncePerRequestFilter.doFilter(OncePerRequestFilter.java:116) ~[spring-web-6.1.1.jar!/:6.1.1]
	at org.apache.catalina.core.ApplicationFilterChain.internalDoFilter(ApplicationFilterChain.java:174) ~[tomcat-embed-core-10.1.16.jar!/:na]
	at org.apache.catalina.core.ApplicationFilterChain.doFilter(ApplicationFilterChain.java:149) ~[tomcat-embed-core-10.1.16.jar!/:na]
	at org.apache.catalina.core.StandardWrapperValve.invoke(StandardWrapperValve.java:167) ~[tomcat-embed-core-10.1.16.jar!/:na]
	at org.apache.catalina.core.StandardContextValve.invoke(StandardContextValve.java:90) ~[tomcat-embed-core-10.1.16.jar!/:na]
	at org.apache.catalina.authenticator.AuthenticatorBase.invoke(AuthenticatorBase.java:482) ~[tomcat-embed-core-10.1.16.jar!/:na]
	at org.apache.catalina.core.StandardHostValve.invoke(StandardHostValve.java:115) ~[tomcat-embed-core-10.1.16.jar!/:na]
	at org.apache.catalina.valves.ErrorReportValve.invoke(ErrorReportValve.java:93) ~[tomcat-embed-core-10.1.16.jar!/:na]
	at org.apache.catalina.core.StandardEngineValve.invoke(StandardEngineValve.java:74) ~[tomcat-embed-core-10.1.16.jar!/:na]
	at org.apache.catalina.connector.CoyoteAdapter.service(CoyoteAdapter.java:340) ~[tomcat-embed-core-10.1.16.jar!/:na]
	at org.apache.coyote.http11.Http11Processor.service(Http11Processor.java:391) ~[tomcat-embed-core-10.1.16.jar!/:na]
	at org.apache.coyote.AbstractProcessorLight.process(AbstractProcessorLight.java:63) ~[tomcat-embed-core-10.1.16.jar!/:na]
	at org.apache.coyote.AbstractProtocol$ConnectionHandler.process(AbstractProtocol.java:896) ~[tomcat-embed-core-10.1.16.jar!/:na]
	at org.apache.tomcat.util.net.NioEndpoint$SocketProcessor.doRun(NioEndpoint.java:1744) ~[tomcat-embed-core-10.1.16.jar!/:na]
	at org.apache.tomcat.util.net.SocketProcessorBase.run(SocketProcessorBase.java:52) ~[tomcat-embed-core-10.1.16.jar!/:na]
	at org.apache.tomcat.util.threads.ThreadPoolExecutor.runWorker(ThreadPoolExecutor.java:1191) ~[tomcat-embed-core-10.1.16.jar!/:na]
	at org.apache.tomcat.util.threads.ThreadPoolExecutor$Worker.run(ThreadPoolExecutor.java:659) ~[tomcat-embed-core-10.1.16.jar!/:na]
	at org.apache.tomcat.util.threads.TaskThread$WrappingRunnable.run(TaskThread.java:61) ~[tomcat-embed-core-10.1.16.jar!/:na]
	at java.base/java.lang.Thread.run(Thread.java:840) ~[na:na]

Hibernate: select es1_0.shlt_id,es1_0.ctpv_nm,es1_0.daddr,es1_0.fclt_nm,es1_0.lat,es1_0.lot,es1_0.mng_dept_nm,es1_0.sgg_nm from earthquake es1_0 limit ?,?
Hibernate: select count(es1_0.shlt_id) from earthquake es1_0
Hibernate: select es1_0.shlt_id,es1_0.ctpv_nm,es1_0.daddr,es1_0.fclt_nm,es1_0.lat,es1_0.lot,es1_0.mng_dept_nm,es1_0.sgg_nm from earthquake es1_0 where es1_0.shlt_id=?
Hibernate: insert into earthquake (ctpv_nm,daddr,fclt_nm,lat,lot,mng_dept_nm,sgg_nm,shlt_id) values (?,?,?,?,?,?,?,?)
2026-08-31T18:58:33.916+09:00  WARN 3319 --- [nio-8080-exec-9] o.h.engine.jdbc.spi.SqlExceptionHelper   : SQL Error: 1366, SQLState: HY000
2026-08-31T18:58:33.916+09:00 ERROR 3319 --- [nio-8080-exec-9] o.h.engine.jdbc.spi.SqlExceptionHelper   : Incorrect decimal value: '' for column 'lat' at row 1
2026-08-31T18:58:33.918+09:00 ERROR 3319 --- [nio-8080-exec-9] o.a.c.c.C.[.[.[/].[dispatcherServlet]    : Servlet.service() for servlet [dispatcherServlet] in context with path [] threw exception [Request processing failed: org.springframework.orm.jpa.JpaSystemException: could not execute statement [Incorrect decimal value: '' for column 'lat' at row 1] [insert into earthquake (ctpv_nm,daddr,fclt_nm,lat,lot,mng_dept_nm,sgg_nm,shlt_id) values (?,?,?,?,?,?,?,?)]] with root cause

java.sql.SQLException: Incorrect decimal value: '' for column 'lat' at row 1
	at com.mysql.cj.jdbc.exceptions.SQLError.createSQLException(SQLError.java:130) ~[mysql-connector-j-8.1.0.jar!/:8.1.0]
	at com.mysql.cj.jdbc.exceptions.SQLExceptionsMapping.translateException(SQLExceptionsMapping.java:122) ~[mysql-connector-j-8.1.0.jar!/:8.1.0]
	at com.mysql.cj.jdbc.ClientPreparedStatement.executeInternal(ClientPreparedStatement.java:916) ~[mysql-connector-j-8.1.0.jar!/:8.1.0]
	at com.mysql.cj.jdbc.ClientPreparedStatement.executeUpdateInternal(ClientPreparedStatement.java:1061) ~[mysql-connector-j-8.1.0.jar!/:8.1.0]
	at com.mysql.cj.jdbc.ClientPreparedStatement.executeUpdateInternal(ClientPreparedStatement.java:1009) ~[mysql-connector-j-8.1.0.jar!/:8.1.0]
	at com.mysql.cj.jdbc.ClientPreparedStatement.executeLargeUpdate(ClientPreparedStatement.java:1320) ~[mysql-connector-j-8.1.0.jar!/:8.1.0]
	at com.mysql.cj.jdbc.ClientPreparedStatement.executeUpdate(ClientPreparedStatement.java:994) ~[mysql-connector-j-8.1.0.jar!/:8.1.0]
	at com.zaxxer.hikari.pool.ProxyPreparedStatement.executeUpdate(ProxyPreparedStatement.java:61) ~[HikariCP-5.0.1.jar!/:na]
	at com.zaxxer.hikari.pool.HikariProxyPreparedStatement.executeUpdate(HikariProxyPreparedStatement.java) ~[HikariCP-5.0.1.jar!/:na]
	at org.hibernate.engine.jdbc.internal.ResultSetReturnImpl.executeUpdate(ResultSetReturnImpl.java:280) ~[hibernate-core-6.3.1.Final.jar!/:6.3.1.Final]
	at org.hibernate.engine.jdbc.mutation.internal.AbstractMutationExecutor.performNonBatchedMutation(AbstractMutationExecutor.java:107) ~[hibernate-core-6.3.1.Final.jar!/:6.3.1.Final]
	at org.hibernate.engine.jdbc.mutation.internal.MutationExecutorSingleNonBatched.performNonBatchedOperations(MutationExecutorSingleNonBatched.java:40) ~[hibernate-core-6.3.1.Final.jar!/:6.3.1.Final]
	at org.hibernate.engine.jdbc.mutation.internal.AbstractMutationExecutor.execute(AbstractMutationExecutor.java:52) ~[hibernate-core-6.3.1.Final.jar!/:6.3.1.Final]
	at org.hibernate.persister.entity.mutation.InsertCoordinator.doStaticInserts(InsertCoordinator.java:171) ~[hibernate-core-6.3.1.Final.jar!/:6.3.1.Final]
	at org.hibernate.persister.entity.mutation.InsertCoordinator.coordinateInsert(InsertCoordinator.java:112) ~[hibernate-core-6.3.1.Final.jar!/:6.3.1.Final]
	at org.hibernate.persister.entity.AbstractEntityPersister.insert(AbstractEntityPersister.java:2865) ~[hibernate-core-6.3.1.Final.jar!/:6.3.1.Final]
	at org.hibernate.action.internal.EntityInsertAction.execute(EntityInsertAction.java:102) ~[hibernate-core-6.3.1.Final.jar!/:6.3.1.Final]
	at org.hibernate.engine.spi.ActionQueue.executeActions(ActionQueue.java:631) ~[hibernate-core-6.3.1.Final.jar!/:6.3.1.Final]
	at org.hibernate.engine.spi.ActionQueue.executeActions(ActionQueue.java:498) ~[hibernate-core-6.3.1.Final.jar!/:6.3.1.Final]
	at org.hibernate.event.internal.AbstractFlushingEventListener.performExecutions(AbstractFlushingEventListener.java:363) ~[hibernate-core-6.3.1.Final.jar!/:6.3.1.Final]
	at org.hibernate.event.internal.DefaultFlushEventListener.onFlush(DefaultFlushEventListener.java:39) ~[hibernate-core-6.3.1.Final.jar!/:6.3.1.Final]
	at org.hibernate.event.service.internal.EventListenerGroupImpl.fireEventOnEachListener(EventListenerGroupImpl.java:127) ~[hibernate-core-6.3.1.Final.jar!/:6.3.1.Final]
	at org.hibernate.internal.SessionImpl.doFlush(SessionImpl.java:1415) ~[hibernate-core-6.3.1.Final.jar!/:6.3.1.Final]
	at org.hibernate.internal.SessionImpl.managedFlush(SessionImpl.java:496) ~[hibernate-core-6.3.1.Final.jar!/:6.3.1.Final]
	at org.hibernate.internal.SessionImpl.flushBeforeTransactionCompletion(SessionImpl.java:2325) ~[hibernate-core-6.3.1.Final.jar!/:6.3.1.Final]
	at org.hibernate.internal.SessionImpl.beforeTransactionCompletion(SessionImpl.java:1988) ~[hibernate-core-6.3.1.Final.jar!/:6.3.1.Final]
	at org.hibernate.engine.jdbc.internal.JdbcCoordinatorImpl.beforeTransactionCompletion(JdbcCoordinatorImpl.java:439) ~[hibernate-core-6.3.1.Final.jar!/:6.3.1.Final]
	at org.hibernate.resource.transaction.backend.jdbc.internal.JdbcResourceLocalTransactionCoordinatorImpl.beforeCompletionCallback(JdbcResourceLocalTransactionCoordinatorImpl.java:169) ~[hibernate-core-6.3.1.Final.jar!/:6.3.1.Final]
	at org.hibernate.resource.transaction.backend.jdbc.internal.JdbcResourceLocalTransactionCoordinatorImpl$TransactionDriverControlImpl.commit(JdbcResourceLocalTransactionCoordinatorImpl.java:267) ~[hibernate-core-6.3.1.Final.jar!/:6.3.1.Final]
	at org.hibernate.engine.transaction.internal.TransactionImpl.commit(TransactionImpl.java:101) ~[hibernate-core-6.3.1.Final.jar!/:6.3.1.Final]
	at org.springframework.orm.jpa.JpaTransactionManager.doCommit(JpaTransactionManager.java:561) ~[spring-orm-6.1.1.jar!/:6.1.1]
	at org.springframework.transaction.support.AbstractPlatformTransactionManager.processCommit(AbstractPlatformTransactionManager.java:794) ~[spring-tx-6.1.1.jar!/:6.1.1]
	at org.springframework.transaction.support.AbstractPlatformTransactionManager.commit(AbstractPlatformTransactionManager.java:757) ~[spring-tx-6.1.1.jar!/:6.1.1]
	at org.springframework.transaction.interceptor.TransactionAspectSupport.commitTransactionAfterReturning(TransactionAspectSupport.java:669) ~[spring-tx-6.1.1.jar!/:6.1.1]
	at org.springframework.transaction.interceptor.TransactionAspectSupport.invokeWithinTransaction(TransactionAspectSupport.java:419) ~[spring-tx-6.1.1.jar!/:6.1.1]
	at org.springframework.transaction.interceptor.TransactionInterceptor.invoke(TransactionInterceptor.java:119) ~[spring-tx-6.1.1.jar!/:6.1.1]
	at org.springframework.aop.framework.ReflectiveMethodInvocation.proceed(ReflectiveMethodInvocation.java:184) ~[spring-aop-6.1.1.jar!/:6.1.1]
	at org.springframework.aop.framework.CglibAopProxy$CglibMethodInvocation.proceed(CglibAopProxy.java:765) ~[spring-aop-6.1.1.jar!/:6.1.1]
	at org.springframework.aop.framework.CglibAopProxy$DynamicAdvisedInterceptor.intercept(CglibAopProxy.java:717) ~[spring-aop-6.1.1.jar!/:6.1.1]
	at com.example.demo.service.EarthquakeShelterService$$SpringCGLIB$$0.save(<generated>) ~[!/:0.0.1-SNAPSHOT]
	at com.example.demo.controller.EarthquakeShelterController.writeEarthquakeShelter(EarthquakeShelterController.java:56) ~[!/:0.0.1-SNAPSHOT]
	at java.base/jdk.internal.reflect.NativeMethodAccessorImpl.invoke0(Native Method) ~[na:na]
	at java.base/jdk.internal.reflect.NativeMethodAccessorImpl.invoke(NativeMethodAccessorImpl.java:77) ~[na:na]
	at java.base/jdk.internal.reflect.DelegatingMethodAccessorImpl.invoke(DelegatingMethodAccessorImpl.java:43) ~[na:na]
	at java.base/java.lang.reflect.Method.invoke(Method.java:569) ~[na:na]
	at org.springframework.web.method.support.InvocableHandlerMethod.doInvoke(InvocableHandlerMethod.java:254) ~[spring-web-6.1.1.jar!/:6.1.1]
	at org.springframework.web.method.support.InvocableHandlerMethod.invokeForRequest(InvocableHandlerMethod.java:182) ~[spring-web-6.1.1.jar!/:6.1.1]
	at org.springframework.web.servlet.mvc.method.annotation.ServletInvocableHandlerMethod.invokeAndHandle(ServletInvocableHandlerMethod.java:118) ~[spring-webmvc-6.1.1.jar!/:6.1.1]
	at org.springframework.web.servlet.mvc.method.annotation.RequestMappingHandlerAdapter.invokeHandlerMethod(RequestMappingHandlerAdapter.java:917) ~[spring-webmvc-6.1.1.jar!/:6.1.1]
	at org.springframework.web.servlet.mvc.method.annotation.RequestMappingHandlerAdapter.handleInternal(RequestMappingHandlerAdapter.java:829) ~[spring-webmvc-6.1.1.jar!/:6.1.1]
	at org.springframework.web.servlet.mvc.method.AbstractHandlerMethodAdapter.handle(AbstractHandlerMethodAdapter.java:87) ~[spring-webmvc-6.1.1.jar!/:6.1.1]
	at org.springframework.web.servlet.DispatcherServlet.doDispatch(DispatcherServlet.java:1089) ~[spring-webmvc-6.1.1.jar!/:6.1.1]
	at org.springframework.web.servlet.DispatcherServlet.doService(DispatcherServlet.java:979) ~[spring-webmvc-6.1.1.jar!/:6.1.1]
	at org.springframework.web.servlet.FrameworkServlet.processRequest(FrameworkServlet.java:1014) ~[spring-webmvc-6.1.1.jar!/:6.1.1]
	at org.springframework.web.servlet.FrameworkServlet.doPost(FrameworkServlet.java:914) ~[spring-webmvc-6.1.1.jar!/:6.1.1]
	at jakarta.servlet.http.HttpServlet.service(HttpServlet.java:590) ~[tomcat-embed-core-10.1.16.jar!/:na]
	at org.springframework.web.servlet.FrameworkServlet.service(FrameworkServlet.java:885) ~[spring-webmvc-6.1.1.jar!/:6.1.1]
	at jakarta.servlet.http.HttpServlet.service(HttpServlet.java:658) ~[tomcat-embed-core-10.1.16.jar!/:na]
	at org.apache.catalina.core.ApplicationFilterChain.internalDoFilter(ApplicationFilterChain.java:205) ~[tomcat-embed-core-10.1.16.jar!/:na]
	at org.apache.catalina.core.ApplicationFilterChain.doFilter(ApplicationFilterChain.java:149) ~[tomcat-embed-core-10.1.16.jar!/:na]
	at org.apache.tomcat.websocket.server.WsFilter.doFilter(WsFilter.java:51) ~[tomcat-embed-websocket-10.1.16.jar!/:na]
	at org.apache.catalina.core.ApplicationFilterChain.internalDoFilter(ApplicationFilterChain.java:174) ~[tomcat-embed-core-10.1.16.jar!/:na]
	at org.apache.catalina.core.ApplicationFilterChain.doFilter(ApplicationFilterChain.java:149) ~[tomcat-embed-core-10.1.16.jar!/:na]
	at org.springframework.web.filter.RequestContextFilter.doFilterInternal(RequestContextFilter.java:100) ~[spring-web-6.1.1.jar!/:6.1.1]
	at org.springframework.web.filter.OncePerRequestFilter.doFilter(OncePerRequestFilter.java:116) ~[spring-web-6.1.1.jar!/:6.1.1]
	at org.apache.catalina.core.ApplicationFilterChain.internalDoFilter(ApplicationFilterChain.java:174) ~[tomcat-embed-core-10.1.16.jar!/:na]
	at org.apache.catalina.core.ApplicationFilterChain.doFilter(ApplicationFilterChain.java:149) ~[tomcat-embed-core-10.1.16.jar!/:na]
	at org.springframework.web.filter.FormContentFilter.doFilterInternal(FormContentFilter.java:93) ~[spring-web-6.1.1.jar!/:6.1.1]
	at org.springframework.web.filter.OncePerRequestFilter.doFilter(OncePerRequestFilter.java:116) ~[spring-web-6.1.1.jar!/:6.1.1]
	at org.apache.catalina.core.ApplicationFilterChain.internalDoFilter(ApplicationFilterChain.java:174) ~[tomcat-embed-core-10.1.16.jar!/:na]
	at org.apache.catalina.core.ApplicationFilterChain.doFilter(ApplicationFilterChain.java:149) ~[tomcat-embed-core-10.1.16.jar!/:na]
	at org.springframework.web.filter.ServerHttpObservationFilter.doFilterInternal(ServerHttpObservationFilter.java:109) ~[spring-web-6.1.1.jar!/:6.1.1]
	at org.springframework.web.filter.OncePerRequestFilter.doFilter(OncePerRequestFilter.java:116) ~[spring-web-6.1.1.jar!/:6.1.1]
	at org.apache.catalina.core.ApplicationFilterChain.internalDoFilter(ApplicationFilterChain.java:174) ~[tomcat-embed-core-10.1.16.jar!/:na]
	at org.apache.catalina.core.ApplicationFilterChain.doFilter(ApplicationFilterChain.java:149) ~[tomcat-embed-core-10.1.16.jar!/:na]
	at org.springframework.web.filter.CharacterEncodingFilter.doFilterInternal(CharacterEncodingFilter.java:201) ~[spring-web-6.1.1.jar!/:6.1.1]
	at org.springframework.web.filter.OncePerRequestFilter.doFilter(OncePerRequestFilter.java:116) ~[spring-web-6.1.1.jar!/:6.1.1]
	at org.apache.catalina.core.ApplicationFilterChain.internalDoFilter(ApplicationFilterChain.java:174) ~[tomcat-embed-core-10.1.16.jar!/:na]
	at org.apache.catalina.core.ApplicationFilterChain.doFilter(ApplicationFilterChain.java:149) ~[tomcat-embed-core-10.1.16.jar!/:na]
	at org.apache.catalina.core.StandardWrapperValve.invoke(StandardWrapperValve.java:167) ~[tomcat-embed-core-10.1.16.jar!/:na]
	at org.apache.catalina.core.StandardContextValve.invoke(StandardContextValve.java:90) ~[tomcat-embed-core-10.1.16.jar!/:na]
	at org.apache.catalina.authenticator.AuthenticatorBase.invoke(AuthenticatorBase.java:482) ~[tomcat-embed-core-10.1.16.jar!/:na]
	at org.apache.catalina.core.StandardHostValve.invoke(StandardHostValve.java:115) ~[tomcat-embed-core-10.1.16.jar!/:na]
	at org.apache.catalina.valves.ErrorReportValve.invoke(ErrorReportValve.java:93) ~[tomcat-embed-core-10.1.16.jar!/:na]
	at org.apache.catalina.core.StandardEngineValve.invoke(StandardEngineValve.java:74) ~[tomcat-embed-core-10.1.16.jar!/:na]
	at org.apache.catalina.connector.CoyoteAdapter.service(CoyoteAdapter.java:340) ~[tomcat-embed-core-10.1.16.jar!/:na]
	at org.apache.coyote.http11.Http11Processor.service(Http11Processor.java:391) ~[tomcat-embed-core-10.1.16.jar!/:na]
	at org.apache.coyote.AbstractProcessorLight.process(AbstractProcessorLight.java:63) ~[tomcat-embed-core-10.1.16.jar!/:na]
	at org.apache.coyote.AbstractProtocol$ConnectionHandler.process(AbstractProtocol.java:896) ~[tomcat-embed-core-10.1.16.jar!/:na]
	at org.apache.tomcat.util.net.NioEndpoint$SocketProcessor.doRun(NioEndpoint.java:1744) ~[tomcat-embed-core-10.1.16.jar!/:na]
	at org.apache.tomcat.util.net.SocketProcessorBase.run(SocketProcessorBase.java:52) ~[tomcat-embed-core-10.1.16.jar!/:na]
	at org.apache.tomcat.util.threads.ThreadPoolExecutor.runWorker(ThreadPoolExecutor.java:1191) ~[tomcat-embed-core-10.1.16.jar!/:na]
	at org.apache.tomcat.util.threads.ThreadPoolExecutor$Worker.run(ThreadPoolExecutor.java:659) ~[tomcat-embed-core-10.1.16.jar!/:na]
	at org.apache.tomcat.util.threads.TaskThread$WrappingRunnable.run(TaskThread.java:61) ~[tomcat-embed-core-10.1.16.jar!/:na]
	at java.base/java.lang.Thread.run(Thread.java:840) ~[na:na]

Hibernate: select es1_0.shlt_id,es1_0.ctpv_nm,es1_0.daddr,es1_0.fclt_nm,es1_0.lat,es1_0.lot,es1_0.mng_dept_nm,es1_0.sgg_nm from earthquake es1_0 where es1_0.shlt_id=?
Hibernate: update earthquake set ctpv_nm=?,daddr=?,fclt_nm=?,lat=?,lot=?,mng_dept_nm=?,sgg_nm=? where shlt_id=?
Hibernate: select es1_0.shlt_id,es1_0.ctpv_nm,es1_0.daddr,es1_0.fclt_nm,es1_0.lat,es1_0.lot,es1_0.mng_dept_nm,es1_0.sgg_nm from earthquake es1_0 limit ?,?
Hibernate: select count(es1_0.shlt_id) from earthquake es1_0
Hibernate: select es1_0.shlt_id,es1_0.ctpv_nm,es1_0.daddr,es1_0.fclt_nm,es1_0.lat,es1_0.lot,es1_0.mng_dept_nm,es1_0.sgg_nm from earthquake es1_0 where es1_0.fclt_nm like ? escape '\\' or es1_0.daddr like ? escape '\\' limit ?,?
Hibernate: select ars1_0.shlt_id,ars1_0.ctpv_nm,ars1_0.daddr,ars1_0.fclt_nm,ars1_0.lat,ars1_0.lot,ars1_0.mng_dept_nm,ars1_0.sgg_nm from airstrike ars1_0 limit ?,?
Hibernate: select count(ars1_0.shlt_id) from airstrike ars1_0
Hibernate: select es1_0.shlt_id,es1_0.ctpv_nm,es1_0.daddr,es1_0.fclt_nm,es1_0.lat,es1_0.lot,es1_0.mng_dept_nm,es1_0.sgg_nm from earthquake es1_0 limit ?,?
Hibernate: select count(es1_0.shlt_id) from earthquake es1_0
Hibernate: select es1_0.shlt_id,es1_0.ctpv_nm,es1_0.daddr,es1_0.fclt_nm,es1_0.lat,es1_0.lot,es1_0.mng_dept_nm,es1_0.sgg_nm from earthquake es1_0 where es1_0.shlt_id=?
Hibernate: update earthquake set ctpv_nm=?,daddr=?,fclt_nm=?,lat=?,lot=?,mng_dept_nm=?,sgg_nm=? where shlt_id=?
Hibernate: select es1_0.shlt_id,es1_0.ctpv_nm,es1_0.daddr,es1_0.fclt_nm,es1_0.lat,es1_0.lot,es1_0.mng_dept_nm,es1_0.sgg_nm from earthquake es1_0 limit ?,?
Hibernate: select count(es1_0.shlt_id) from earthquake es1_0
Hibernate: select fs1_0.shlt_id,fs1_0.ctpv_nm,fs1_0.daddr,fs1_0.fclt_nm,fs1_0.lat,fs1_0.lot,fs1_0.mng_dept_nm,fs1_0.sgg_nm from flood fs1_0 limit ?,?
Hibernate: select count(fs1_0.shlt_id) from flood fs1_0
Hibernate: select fs1_0.shlt_id,fs1_0.ctpv_nm,fs1_0.daddr,fs1_0.fclt_nm,fs1_0.lat,fs1_0.lot,fs1_0.mng_dept_nm,fs1_0.sgg_nm from flood fs1_0 where fs1_0.shlt_id=?
Hibernate: insert into flood (ctpv_nm,daddr,fclt_nm,lat,lot,mng_dept_nm,sgg_nm,shlt_id) values (?,?,?,?,?,?,?,?)
Hibernate: select fs1_0.shlt_id,fs1_0.ctpv_nm,fs1_0.daddr,fs1_0.fclt_nm,fs1_0.lat,fs1_0.lot,fs1_0.mng_dept_nm,fs1_0.sgg_nm from flood fs1_0 limit ?,?
Hibernate: select count(fs1_0.shlt_id) from flood fs1_0
Hibernate: select fs1_0.shlt_id,fs1_0.ctpv_nm,fs1_0.daddr,fs1_0.fclt_nm,fs1_0.lat,fs1_0.lot,fs1_0.mng_dept_nm,fs1_0.sgg_nm from flood fs1_0 where fs1_0.fclt_nm like ? escape '\\' or fs1_0.daddr like ? escape '\\' limit ?,?
Hibernate: select count(fs1_0.shlt_id) from flood fs1_0 where fs1_0.fclt_nm like ? escape '\\' or fs1_0.daddr like ? escape '\\'
Hibernate: select fs1_0.shlt_id,fs1_0.ctpv_nm,fs1_0.daddr,fs1_0.fclt_nm,fs1_0.lat,fs1_0.lot,fs1_0.mng_dept_nm,fs1_0.sgg_nm from flood fs1_0 where fs1_0.fclt_nm like ? escape '\\' or fs1_0.daddr like ? escape '\\' limit ?,?
Hibernate: select fs1_0.shlt_id,fs1_0.ctpv_nm,fs1_0.daddr,fs1_0.fclt_nm,fs1_0.lat,fs1_0.lot,fs1_0.mng_dept_nm,fs1_0.sgg_nm from flood fs1_0 where fs1_0.shlt_id=?
Hibernate: insert into flood (ctpv_nm,daddr,fclt_nm,lat,lot,mng_dept_nm,sgg_nm,shlt_id) values (?,?,?,?,?,?,?,?)
Hibernate: select fs1_0.shlt_id,fs1_0.ctpv_nm,fs1_0.daddr,fs1_0.fclt_nm,fs1_0.lat,fs1_0.lot,fs1_0.mng_dept_nm,fs1_0.sgg_nm from flood fs1_0 limit ?,?
Hibernate: select count(fs1_0.shlt_id) from flood fs1_0
Hibernate: select fs1_0.shlt_id,fs1_0.ctpv_nm,fs1_0.daddr,fs1_0.fclt_nm,fs1_0.lat,fs1_0.lot,fs1_0.mng_dept_nm,fs1_0.sgg_nm from flood fs1_0 where fs1_0.fclt_nm like ? escape '\\' or fs1_0.daddr like ? escape '\\' limit ?,?
Hibernate: select fs1_0.shlt_id,fs1_0.ctpv_nm,fs1_0.daddr,fs1_0.fclt_nm,fs1_0.lat,fs1_0.lot,fs1_0.mng_dept_nm,fs1_0.sgg_nm from flood fs1_0 where fs1_0.fclt_nm like ? escape '\\' or fs1_0.daddr like ? escape '\\' limit ?,?
Hibernate: select ars1_0.shlt_id,ars1_0.ctpv_nm,ars1_0.daddr,ars1_0.fclt_nm,ars1_0.lat,ars1_0.lot,ars1_0.mng_dept_nm,ars1_0.sgg_nm from airstrike ars1_0 limit ?,?
Hibernate: select count(ars1_0.shlt_id) from airstrike ars1_0
Hibernate: select u1_0.id,u1_0.email,u1_0.password,u1_0.realname,u1_0.username from user u1_0 where u1_0.username=?
Hibernate: select ars1_0.shlt_id,ars1_0.ctpv_nm,ars1_0.daddr,ars1_0.fclt_nm,ars1_0.lat,ars1_0.lot,ars1_0.mng_dept_nm,ars1_0.sgg_nm from airstrike ars1_0 limit ?,?
Hibernate: select count(ars1_0.shlt_id) from airstrike ars1_0
Hibernate: select ars1_0.shlt_id,ars1_0.ctpv_nm,ars1_0.daddr,ars1_0.fclt_nm,ars1_0.lat,ars1_0.lot,ars1_0.mng_dept_nm,ars1_0.sgg_nm from airstrike ars1_0 where ars1_0.shlt_id=?
Hibernate: insert into airstrike (ctpv_nm,daddr,fclt_nm,lat,lot,mng_dept_nm,sgg_nm,shlt_id) values (?,?,?,?,?,?,?,?)
2026-08-31T19:10:15.734+09:00  WARN 3319 --- [nio-8080-exec-5] o.h.engine.jdbc.spi.SqlExceptionHelper   : SQL Error: 1366, SQLState: HY000
2026-08-31T19:10:15.735+09:00 ERROR 3319 --- [nio-8080-exec-5] o.h.engine.jdbc.spi.SqlExceptionHelper   : Incorrect integer value: 'USER_053a62ac-5cf5-41bc-8e99-7a6f0065d622' for column 'shlt_id' at row 1
2026-08-31T19:10:15.736+09:00 ERROR 3319 --- [nio-8080-exec-5] o.a.c.c.C.[.[.[/].[dispatcherServlet]    : Servlet.service() for servlet [dispatcherServlet] in context with path [] threw exception [Request processing failed: org.springframework.orm.jpa.JpaSystemException: could not execute statement [Incorrect integer value: 'USER_053a62ac-5cf5-41bc-8e99-7a6f0065d622' for column 'shlt_id' at row 1] [insert into airstrike (ctpv_nm,daddr,fclt_nm,lat,lot,mng_dept_nm,sgg_nm,shlt_id) values (?,?,?,?,?,?,?,?)]] with root cause

java.sql.SQLException: Incorrect integer value: 'USER_053a62ac-5cf5-41bc-8e99-7a6f0065d622' for column 'shlt_id' at row 1
	at com.mysql.cj.jdbc.exceptions.SQLError.createSQLException(SQLError.java:130) ~[mysql-connector-j-8.1.0.jar!/:8.1.0]
	at com.mysql.cj.jdbc.exceptions.SQLExceptionsMapping.translateException(SQLExceptionsMapping.java:122) ~[mysql-connector-j-8.1.0.jar!/:8.1.0]
	at com.mysql.cj.jdbc.ClientPreparedStatement.executeInternal(ClientPreparedStatement.java:916) ~[mysql-connector-j-8.1.0.jar!/:8.1.0]
	at com.mysql.cj.jdbc.ClientPreparedStatement.executeUpdateInternal(ClientPreparedStatement.java:1061) ~[mysql-connector-j-8.1.0.jar!/:8.1.0]
	at com.mysql.cj.jdbc.ClientPreparedStatement.executeUpdateInternal(ClientPreparedStatement.java:1009) ~[mysql-connector-j-8.1.0.jar!/:8.1.0]
	at com.mysql.cj.jdbc.ClientPreparedStatement.executeLargeUpdate(ClientPreparedStatement.java:1320) ~[mysql-connector-j-8.1.0.jar!/:8.1.0]
	at com.mysql.cj.jdbc.ClientPreparedStatement.executeUpdate(ClientPreparedStatement.java:994) ~[mysql-connector-j-8.1.0.jar!/:8.1.0]
	at com.zaxxer.hikari.pool.ProxyPreparedStatement.executeUpdate(ProxyPreparedStatement.java:61) ~[HikariCP-5.0.1.jar!/:na]
	at com.zaxxer.hikari.pool.HikariProxyPreparedStatement.executeUpdate(HikariProxyPreparedStatement.java) ~[HikariCP-5.0.1.jar!/:na]
	at org.hibernate.engine.jdbc.internal.ResultSetReturnImpl.executeUpdate(ResultSetReturnImpl.java:280) ~[hibernate-core-6.3.1.Final.jar!/:6.3.1.Final]
	at org.hibernate.engine.jdbc.mutation.internal.AbstractMutationExecutor.performNonBatchedMutation(AbstractMutationExecutor.java:107) ~[hibernate-core-6.3.1.Final.jar!/:6.3.1.Final]
	at org.hibernate.engine.jdbc.mutation.internal.MutationExecutorSingleNonBatched.performNonBatchedOperations(MutationExecutorSingleNonBatched.java:40) ~[hibernate-core-6.3.1.Final.jar!/:6.3.1.Final]
	at org.hibernate.engine.jdbc.mutation.internal.AbstractMutationExecutor.execute(AbstractMutationExecutor.java:52) ~[hibernate-core-6.3.1.Final.jar!/:6.3.1.Final]
	at org.hibernate.persister.entity.mutation.InsertCoordinator.doStaticInserts(InsertCoordinator.java:171) ~[hibernate-core-6.3.1.Final.jar!/:6.3.1.Final]
	at org.hibernate.persister.entity.mutation.InsertCoordinator.coordinateInsert(InsertCoordinator.java:112) ~[hibernate-core-6.3.1.Final.jar!/:6.3.1.Final]
	at org.hibernate.persister.entity.AbstractEntityPersister.insert(AbstractEntityPersister.java:2865) ~[hibernate-core-6.3.1.Final.jar!/:6.3.1.Final]
	at org.hibernate.action.internal.EntityInsertAction.execute(EntityInsertAction.java:102) ~[hibernate-core-6.3.1.Final.jar!/:6.3.1.Final]
	at org.hibernate.engine.spi.ActionQueue.executeActions(ActionQueue.java:631) ~[hibernate-core-6.3.1.Final.jar!/:6.3.1.Final]
	at org.hibernate.engine.spi.ActionQueue.executeActions(ActionQueue.java:498) ~[hibernate-core-6.3.1.Final.jar!/:6.3.1.Final]
	at org.hibernate.event.internal.AbstractFlushingEventListener.performExecutions(AbstractFlushingEventListener.java:363) ~[hibernate-core-6.3.1.Final.jar!/:6.3.1.Final]
	at org.hibernate.event.internal.DefaultFlushEventListener.onFlush(DefaultFlushEventListener.java:39) ~[hibernate-core-6.3.1.Final.jar!/:6.3.1.Final]
	at org.hibernate.event.service.internal.EventListenerGroupImpl.fireEventOnEachListener(EventListenerGroupImpl.java:127) ~[hibernate-core-6.3.1.Final.jar!/:6.3.1.Final]
	at org.hibernate.internal.SessionImpl.doFlush(SessionImpl.java:1415) ~[hibernate-core-6.3.1.Final.jar!/:6.3.1.Final]
	at org.hibernate.internal.SessionImpl.managedFlush(SessionImpl.java:496) ~[hibernate-core-6.3.1.Final.jar!/:6.3.1.Final]
	at org.hibernate.internal.SessionImpl.flushBeforeTransactionCompletion(SessionImpl.java:2325) ~[hibernate-core-6.3.1.Final.jar!/:6.3.1.Final]
	at org.hibernate.internal.SessionImpl.beforeTransactionCompletion(SessionImpl.java:1988) ~[hibernate-core-6.3.1.Final.jar!/:6.3.1.Final]
	at org.hibernate.engine.jdbc.internal.JdbcCoordinatorImpl.beforeTransactionCompletion(JdbcCoordinatorImpl.java:439) ~[hibernate-core-6.3.1.Final.jar!/:6.3.1.Final]
	at org.hibernate.resource.transaction.backend.jdbc.internal.JdbcResourceLocalTransactionCoordinatorImpl.beforeCompletionCallback(JdbcResourceLocalTransactionCoordinatorImpl.java:169) ~[hibernate-core-6.3.1.Final.jar!/:6.3.1.Final]
	at org.hibernate.resource.transaction.backend.jdbc.internal.JdbcResourceLocalTransactionCoordinatorImpl$TransactionDriverControlImpl.commit(JdbcResourceLocalTransactionCoordinatorImpl.java:267) ~[hibernate-core-6.3.1.Final.jar!/:6.3.1.Final]
	at org.hibernate.engine.transaction.internal.TransactionImpl.commit(TransactionImpl.java:101) ~[hibernate-core-6.3.1.Final.jar!/:6.3.1.Final]
	at org.springframework.orm.jpa.JpaTransactionManager.doCommit(JpaTransactionManager.java:561) ~[spring-orm-6.1.1.jar!/:6.1.1]
	at org.springframework.transaction.support.AbstractPlatformTransactionManager.processCommit(AbstractPlatformTransactionManager.java:794) ~[spring-tx-6.1.1.jar!/:6.1.1]
	at org.springframework.transaction.support.AbstractPlatformTransactionManager.commit(AbstractPlatformTransactionManager.java:757) ~[spring-tx-6.1.1.jar!/:6.1.1]
	at org.springframework.transaction.interceptor.TransactionAspectSupport.commitTransactionAfterReturning(TransactionAspectSupport.java:669) ~[spring-tx-6.1.1.jar!/:6.1.1]
	at org.springframework.transaction.interceptor.TransactionAspectSupport.invokeWithinTransaction(TransactionAspectSupport.java:419) ~[spring-tx-6.1.1.jar!/:6.1.1]
	at org.springframework.transaction.interceptor.TransactionInterceptor.invoke(TransactionInterceptor.java:119) ~[spring-tx-6.1.1.jar!/:6.1.1]
	at org.springframework.aop.framework.ReflectiveMethodInvocation.proceed(ReflectiveMethodInvocation.java:184) ~[spring-aop-6.1.1.jar!/:6.1.1]
	at org.springframework.aop.framework.CglibAopProxy$CglibMethodInvocation.proceed(CglibAopProxy.java:765) ~[spring-aop-6.1.1.jar!/:6.1.1]
	at org.springframework.aop.framework.CglibAopProxy$DynamicAdvisedInterceptor.intercept(CglibAopProxy.java:717) ~[spring-aop-6.1.1.jar!/:6.1.1]
	at com.example.demo.service.AirRaidShelterService$$SpringCGLIB$$0.save(<generated>) ~[!/:0.0.1-SNAPSHOT]
	at com.example.demo.controller.AirRaidShelterController.writeAirRaidShelter(AirRaidShelterController.java:54) ~[!/:0.0.1-SNAPSHOT]
	at java.base/jdk.internal.reflect.NativeMethodAccessorImpl.invoke0(Native Method) ~[na:na]
	at java.base/jdk.internal.reflect.NativeMethodAccessorImpl.invoke(NativeMethodAccessorImpl.java:77) ~[na:na]
	at java.base/jdk.internal.reflect.DelegatingMethodAccessorImpl.invoke(DelegatingMethodAccessorImpl.java:43) ~[na:na]
	at java.base/java.lang.reflect.Method.invoke(Method.java:569) ~[na:na]
	at org.springframework.web.method.support.InvocableHandlerMethod.doInvoke(InvocableHandlerMethod.java:254) ~[spring-web-6.1.1.jar!/:6.1.1]
	at org.springframework.web.method.support.InvocableHandlerMethod.invokeForRequest(InvocableHandlerMethod.java:182) ~[spring-web-6.1.1.jar!/:6.1.1]
	at org.springframework.web.servlet.mvc.method.annotation.ServletInvocableHandlerMethod.invokeAndHandle(ServletInvocableHandlerMethod.java:118) ~[spring-webmvc-6.1.1.jar!/:6.1.1]
	at org.springframework.web.servlet.mvc.method.annotation.RequestMappingHandlerAdapter.invokeHandlerMethod(RequestMappingHandlerAdapter.java:917) ~[spring-webmvc-6.1.1.jar!/:6.1.1]
	at org.springframework.web.servlet.mvc.method.annotation.RequestMappingHandlerAdapter.handleInternal(RequestMappingHandlerAdapter.java:829) ~[spring-webmvc-6.1.1.jar!/:6.1.1]
	at org.springframework.web.servlet.mvc.method.AbstractHandlerMethodAdapter.handle(AbstractHandlerMethodAdapter.java:87) ~[spring-webmvc-6.1.1.jar!/:6.1.1]
	at org.springframework.web.servlet.DispatcherServlet.doDispatch(DispatcherServlet.java:1089) ~[spring-webmvc-6.1.1.jar!/:6.1.1]
	at org.springframework.web.servlet.DispatcherServlet.doService(DispatcherServlet.java:979) ~[spring-webmvc-6.1.1.jar!/:6.1.1]
	at org.springframework.web.servlet.FrameworkServlet.processRequest(FrameworkServlet.java:1014) ~[spring-webmvc-6.1.1.jar!/:6.1.1]
	at org.springframework.web.servlet.FrameworkServlet.doPost(FrameworkServlet.java:914) ~[spring-webmvc-6.1.1.jar!/:6.1.1]
	at jakarta.servlet.http.HttpServlet.service(HttpServlet.java:590) ~[tomcat-embed-core-10.1.16.jar!/:na]
	at org.springframework.web.servlet.FrameworkServlet.service(FrameworkServlet.java:885) ~[spring-webmvc-6.1.1.jar!/:6.1.1]
	at jakarta.servlet.http.HttpServlet.service(HttpServlet.java:658) ~[tomcat-embed-core-10.1.16.jar!/:na]
	at org.apache.catalina.core.ApplicationFilterChain.internalDoFilter(ApplicationFilterChain.java:205) ~[tomcat-embed-core-10.1.16.jar!/:na]
	at org.apache.catalina.core.ApplicationFilterChain.doFilter(ApplicationFilterChain.java:149) ~[tomcat-embed-core-10.1.16.jar!/:na]
	at org.apache.tomcat.websocket.server.WsFilter.doFilter(WsFilter.java:51) ~[tomcat-embed-websocket-10.1.16.jar!/:na]
	at org.apache.catalina.core.ApplicationFilterChain.internalDoFilter(ApplicationFilterChain.java:174) ~[tomcat-embed-core-10.1.16.jar!/:na]
	at org.apache.catalina.core.ApplicationFilterChain.doFilter(ApplicationFilterChain.java:149) ~[tomcat-embed-core-10.1.16.jar!/:na]
	at org.springframework.web.filter.RequestContextFilter.doFilterInternal(RequestContextFilter.java:100) ~[spring-web-6.1.1.jar!/:6.1.1]
	at org.springframework.web.filter.OncePerRequestFilter.doFilter(OncePerRequestFilter.java:116) ~[spring-web-6.1.1.jar!/:6.1.1]
	at org.apache.catalina.core.ApplicationFilterChain.internalDoFilter(ApplicationFilterChain.java:174) ~[tomcat-embed-core-10.1.16.jar!/:na]
	at org.apache.catalina.core.ApplicationFilterChain.doFilter(ApplicationFilterChain.java:149) ~[tomcat-embed-core-10.1.16.jar!/:na]
	at org.springframework.web.filter.FormContentFilter.doFilterInternal(FormContentFilter.java:93) ~[spring-web-6.1.1.jar!/:6.1.1]
	at org.springframework.web.filter.OncePerRequestFilter.doFilter(OncePerRequestFilter.java:116) ~[spring-web-6.1.1.jar!/:6.1.1]
	at org.apache.catalina.core.ApplicationFilterChain.internalDoFilter(ApplicationFilterChain.java:174) ~[tomcat-embed-core-10.1.16.jar!/:na]
	at org.apache.catalina.core.ApplicationFilterChain.doFilter(ApplicationFilterChain.java:149) ~[tomcat-embed-core-10.1.16.jar!/:na]
	at org.springframework.web.filter.ServerHttpObservationFilter.doFilterInternal(ServerHttpObservationFilter.java:109) ~[spring-web-6.1.1.jar!/:6.1.1]
	at org.springframework.web.filter.OncePerRequestFilter.doFilter(OncePerRequestFilter.java:116) ~[spring-web-6.1.1.jar!/:6.1.1]
	at org.apache.catalina.core.ApplicationFilterChain.internalDoFilter(ApplicationFilterChain.java:174) ~[tomcat-embed-core-10.1.16.jar!/:na]
	at org.apache.catalina.core.ApplicationFilterChain.doFilter(ApplicationFilterChain.java:149) ~[tomcat-embed-core-10.1.16.jar!/:na]
	at org.springframework.web.filter.CharacterEncodingFilter.doFilterInternal(CharacterEncodingFilter.java:201) ~[spring-web-6.1.1.jar!/:6.1.1]
	at org.springframework.web.filter.OncePerRequestFilter.doFilter(OncePerRequestFilter.java:116) ~[spring-web-6.1.1.jar!/:6.1.1]
	at org.apache.catalina.core.ApplicationFilterChain.internalDoFilter(ApplicationFilterChain.java:174) ~[tomcat-embed-core-10.1.16.jar!/:na]
	at org.apache.catalina.core.ApplicationFilterChain.doFilter(ApplicationFilterChain.java:149) ~[tomcat-embed-core-10.1.16.jar!/:na]
	at org.apache.catalina.core.StandardWrapperValve.invoke(StandardWrapperValve.java:167) ~[tomcat-embed-core-10.1.16.jar!/:na]
	at org.apache.catalina.core.StandardContextValve.invoke(StandardContextValve.java:90) ~[tomcat-embed-core-10.1.16.jar!/:na]
	at org.apache.catalina.authenticator.AuthenticatorBase.invoke(AuthenticatorBase.java:482) ~[tomcat-embed-core-10.1.16.jar!/:na]
	at org.apache.catalina.core.StandardHostValve.invoke(StandardHostValve.java:115) ~[tomcat-embed-core-10.1.16.jar!/:na]
	at org.apache.catalina.valves.ErrorReportValve.invoke(ErrorReportValve.java:93) ~[tomcat-embed-core-10.1.16.jar!/:na]
	at org.apache.catalina.core.StandardEngineValve.invoke(StandardEngineValve.java:74) ~[tomcat-embed-core-10.1.16.jar!/:na]
	at org.apache.catalina.connector.CoyoteAdapter.service(CoyoteAdapter.java:340) ~[tomcat-embed-core-10.1.16.jar!/:na]
	at org.apache.coyote.http11.Http11Processor.service(Http11Processor.java:391) ~[tomcat-embed-core-10.1.16.jar!/:na]
	at org.apache.coyote.AbstractProcessorLight.process(AbstractProcessorLight.java:63) ~[tomcat-embed-core-10.1.16.jar!/:na]
	at org.apache.coyote.AbstractProtocol$ConnectionHandler.process(AbstractProtocol.java:896) ~[tomcat-embed-core-10.1.16.jar!/:na]
	at org.apache.tomcat.util.net.NioEndpoint$SocketProcessor.doRun(NioEndpoint.java:1744) ~[tomcat-embed-core-10.1.16.jar!/:na]
	at org.apache.tomcat.util.net.SocketProcessorBase.run(SocketProcessorBase.java:52) ~[tomcat-embed-core-10.1.16.jar!/:na]
	at org.apache.tomcat.util.threads.ThreadPoolExecutor.runWorker(ThreadPoolExecutor.java:1191) ~[tomcat-embed-core-10.1.16.jar!/:na]
	at org.apache.tomcat.util.threads.ThreadPoolExecutor$Worker.run(ThreadPoolExecutor.java:659) ~[tomcat-embed-core-10.1.16.jar!/:na]
	at org.apache.tomcat.util.threads.TaskThread$WrappingRunnable.run(TaskThread.java:61) ~[tomcat-embed-core-10.1.16.jar!/:na]
	at java.base/java.lang.Thread.run(Thread.java:840) ~[na:na]

Hibernate: select es1_0.shlt_id,es1_0.ctpv_nm,es1_0.daddr,es1_0.fclt_nm,es1_0.lat,es1_0.lot,es1_0.mng_dept_nm,es1_0.sgg_nm from earthquake es1_0 limit ?,?
Hibernate: select count(es1_0.shlt_id) from earthquake es1_0
Hibernate: select es1_0.shlt_id,es1_0.ctpv_nm,es1_0.daddr,es1_0.fclt_nm,es1_0.lat,es1_0.lot,es1_0.mng_dept_nm,es1_0.sgg_nm from earthquake es1_0 where es1_0.shlt_id=?
Hibernate: insert into earthquake (ctpv_nm,daddr,fclt_nm,lat,lot,mng_dept_nm,sgg_nm,shlt_id) values (?,?,?,?,?,?,?,?)
2026-08-31T19:10:30.064+09:00  WARN 3319 --- [nio-8080-exec-5] o.h.engine.jdbc.spi.SqlExceptionHelper   : SQL Error: 1366, SQLState: HY000
2026-08-31T19:10:30.064+09:00 ERROR 3319 --- [nio-8080-exec-5] o.h.engine.jdbc.spi.SqlExceptionHelper   : Incorrect decimal value: '' for column 'lat' at row 1
2026-08-31T19:10:30.066+09:00 ERROR 3319 --- [nio-8080-exec-5] o.a.c.c.C.[.[.[/].[dispatcherServlet]    : Servlet.service() for servlet [dispatcherServlet] in context with path [] threw exception [Request processing failed: org.springframework.orm.jpa.JpaSystemException: could not execute statement [Incorrect decimal value: '' for column 'lat' at row 1] [insert into earthquake (ctpv_nm,daddr,fclt_nm,lat,lot,mng_dept_nm,sgg_nm,shlt_id) values (?,?,?,?,?,?,?,?)]] with root cause

java.sql.SQLException: Incorrect decimal value: '' for column 'lat' at row 1
	at com.mysql.cj.jdbc.exceptions.SQLError.createSQLException(SQLError.java:130) ~[mysql-connector-j-8.1.0.jar!/:8.1.0]
	at com.mysql.cj.jdbc.exceptions.SQLExceptionsMapping.translateException(SQLExceptionsMapping.java:122) ~[mysql-connector-j-8.1.0.jar!/:8.1.0]
	at com.mysql.cj.jdbc.ClientPreparedStatement.executeInternal(ClientPreparedStatement.java:916) ~[mysql-connector-j-8.1.0.jar!/:8.1.0]
	at com.mysql.cj.jdbc.ClientPreparedStatement.executeUpdateInternal(ClientPreparedStatement.java:1061) ~[mysql-connector-j-8.1.0.jar!/:8.1.0]
	at com.mysql.cj.jdbc.ClientPreparedStatement.executeUpdateInternal(ClientPreparedStatement.java:1009) ~[mysql-connector-j-8.1.0.jar!/:8.1.0]
	at com.mysql.cj.jdbc.ClientPreparedStatement.executeLargeUpdate(ClientPreparedStatement.java:1320) ~[mysql-connector-j-8.1.0.jar!/:8.1.0]
	at com.mysql.cj.jdbc.ClientPreparedStatement.executeUpdate(ClientPreparedStatement.java:994) ~[mysql-connector-j-8.1.0.jar!/:8.1.0]
	at com.zaxxer.hikari.pool.ProxyPreparedStatement.executeUpdate(ProxyPreparedStatement.java:61) ~[HikariCP-5.0.1.jar!/:na]
	at com.zaxxer.hikari.pool.HikariProxyPreparedStatement.executeUpdate(HikariProxyPreparedStatement.java) ~[HikariCP-5.0.1.jar!/:na]
	at org.hibernate.engine.jdbc.internal.ResultSetReturnImpl.executeUpdate(ResultSetReturnImpl.java:280) ~[hibernate-core-6.3.1.Final.jar!/:6.3.1.Final]
	at org.hibernate.engine.jdbc.mutation.internal.AbstractMutationExecutor.performNonBatchedMutation(AbstractMutationExecutor.java:107) ~[hibernate-core-6.3.1.Final.jar!/:6.3.1.Final]
	at org.hibernate.engine.jdbc.mutation.internal.MutationExecutorSingleNonBatched.performNonBatchedOperations(MutationExecutorSingleNonBatched.java:40) ~[hibernate-core-6.3.1.Final.jar!/:6.3.1.Final]
	at org.hibernate.engine.jdbc.mutation.internal.AbstractMutationExecutor.execute(AbstractMutationExecutor.java:52) ~[hibernate-core-6.3.1.Final.jar!/:6.3.1.Final]
	at org.hibernate.persister.entity.mutation.InsertCoordinator.doStaticInserts(InsertCoordinator.java:171) ~[hibernate-core-6.3.1.Final.jar!/:6.3.1.Final]
	at org.hibernate.persister.entity.mutation.InsertCoordinator.coordinateInsert(InsertCoordinator.java:112) ~[hibernate-core-6.3.1.Final.jar!/:6.3.1.Final]
	at org.hibernate.persister.entity.AbstractEntityPersister.insert(AbstractEntityPersister.java:2865) ~[hibernate-core-6.3.1.Final.jar!/:6.3.1.Final]
	at org.hibernate.action.internal.EntityInsertAction.execute(EntityInsertAction.java:102) ~[hibernate-core-6.3.1.Final.jar!/:6.3.1.Final]
	at org.hibernate.engine.spi.ActionQueue.executeActions(ActionQueue.java:631) ~[hibernate-core-6.3.1.Final.jar!/:6.3.1.Final]
	at org.hibernate.engine.spi.ActionQueue.executeActions(ActionQueue.java:498) ~[hibernate-core-6.3.1.Final.jar!/:6.3.1.Final]
	at org.hibernate.event.internal.AbstractFlushingEventListener.performExecutions(AbstractFlushingEventListener.java:363) ~[hibernate-core-6.3.1.Final.jar!/:6.3.1.Final]
	at org.hibernate.event.internal.DefaultFlushEventListener.onFlush(DefaultFlushEventListener.java:39) ~[hibernate-core-6.3.1.Final.jar!/:6.3.1.Final]
	at org.hibernate.event.service.internal.EventListenerGroupImpl.fireEventOnEachListener(EventListenerGroupImpl.java:127) ~[hibernate-core-6.3.1.Final.jar!/:6.3.1.Final]
	at org.hibernate.internal.SessionImpl.doFlush(SessionImpl.java:1415) ~[hibernate-core-6.3.1.Final.jar!/:6.3.1.Final]
	at org.hibernate.internal.SessionImpl.managedFlush(SessionImpl.java:496) ~[hibernate-core-6.3.1.Final.jar!/:6.3.1.Final]
	at org.hibernate.internal.SessionImpl.flushBeforeTransactionCompletion(SessionImpl.java:2325) ~[hibernate-core-6.3.1.Final.jar!/:6.3.1.Final]
	at org.hibernate.internal.SessionImpl.beforeTransactionCompletion(SessionImpl.java:1988) ~[hibernate-core-6.3.1.Final.jar!/:6.3.1.Final]
	at org.hibernate.engine.jdbc.internal.JdbcCoordinatorImpl.beforeTransactionCompletion(JdbcCoordinatorImpl.java:439) ~[hibernate-core-6.3.1.Final.jar!/:6.3.1.Final]
	at org.hibernate.resource.transaction.backend.jdbc.internal.JdbcResourceLocalTransactionCoordinatorImpl.beforeCompletionCallback(JdbcResourceLocalTransactionCoordinatorImpl.java:169) ~[hibernate-core-6.3.1.Final.jar!/:6.3.1.Final]
	at org.hibernate.resource.transaction.backend.jdbc.internal.JdbcResourceLocalTransactionCoordinatorImpl$TransactionDriverControlImpl.commit(JdbcResourceLocalTransactionCoordinatorImpl.java:267) ~[hibernate-core-6.3.1.Final.jar!/:6.3.1.Final]
	at org.hibernate.engine.transaction.internal.TransactionImpl.commit(TransactionImpl.java:101) ~[hibernate-core-6.3.1.Final.jar!/:6.3.1.Final]
	at org.springframework.orm.jpa.JpaTransactionManager.doCommit(JpaTransactionManager.java:561) ~[spring-orm-6.1.1.jar!/:6.1.1]
	at org.springframework.transaction.support.AbstractPlatformTransactionManager.processCommit(AbstractPlatformTransactionManager.java:794) ~[spring-tx-6.1.1.jar!/:6.1.1]
	at org.springframework.transaction.support.AbstractPlatformTransactionManager.commit(AbstractPlatformTransactionManager.java:757) ~[spring-tx-6.1.1.jar!/:6.1.1]
	at org.springframework.transaction.interceptor.TransactionAspectSupport.commitTransactionAfterReturning(TransactionAspectSupport.java:669) ~[spring-tx-6.1.1.jar!/:6.1.1]
	at org.springframework.transaction.interceptor.TransactionAspectSupport.invokeWithinTransaction(TransactionAspectSupport.java:419) ~[spring-tx-6.1.1.jar!/:6.1.1]
	at org.springframework.transaction.interceptor.TransactionInterceptor.invoke(TransactionInterceptor.java:119) ~[spring-tx-6.1.1.jar!/:6.1.1]
	at org.springframework.aop.framework.ReflectiveMethodInvocation.proceed(ReflectiveMethodInvocation.java:184) ~[spring-aop-6.1.1.jar!/:6.1.1]
	at org.springframework.aop.framework.CglibAopProxy$CglibMethodInvocation.proceed(CglibAopProxy.java:765) ~[spring-aop-6.1.1.jar!/:6.1.1]
	at org.springframework.aop.framework.CglibAopProxy$DynamicAdvisedInterceptor.intercept(CglibAopProxy.java:717) ~[spring-aop-6.1.1.jar!/:6.1.1]
	at com.example.demo.service.EarthquakeShelterService$$SpringCGLIB$$0.save(<generated>) ~[!/:0.0.1-SNAPSHOT]
	at com.example.demo.controller.EarthquakeShelterController.writeEarthquakeShelter(EarthquakeShelterController.java:56) ~[!/:0.0.1-SNAPSHOT]
	at java.base/jdk.internal.reflect.NativeMethodAccessorImpl.invoke0(Native Method) ~[na:na]
	at java.base/jdk.internal.reflect.NativeMethodAccessorImpl.invoke(NativeMethodAccessorImpl.java:77) ~[na:na]
	at java.base/jdk.internal.reflect.DelegatingMethodAccessorImpl.invoke(DelegatingMethodAccessorImpl.java:43) ~[na:na]
	at java.base/java.lang.reflect.Method.invoke(Method.java:569) ~[na:na]
	at org.springframework.web.method.support.InvocableHandlerMethod.doInvoke(InvocableHandlerMethod.java:254) ~[spring-web-6.1.1.jar!/:6.1.1]
	at org.springframework.web.method.support.InvocableHandlerMethod.invokeForRequest(InvocableHandlerMethod.java:182) ~[spring-web-6.1.1.jar!/:6.1.1]
	at org.springframework.web.servlet.mvc.method.annotation.ServletInvocableHandlerMethod.invokeAndHandle(ServletInvocableHandlerMethod.java:118) ~[spring-webmvc-6.1.1.jar!/:6.1.1]
	at org.springframework.web.servlet.mvc.method.annotation.RequestMappingHandlerAdapter.invokeHandlerMethod(RequestMappingHandlerAdapter.java:917) ~[spring-webmvc-6.1.1.jar!/:6.1.1]
	at org.springframework.web.servlet.mvc.method.annotation.RequestMappingHandlerAdapter.handleInternal(RequestMappingHandlerAdapter.java:829) ~[spring-webmvc-6.1.1.jar!/:6.1.1]
	at org.springframework.web.servlet.mvc.method.AbstractHandlerMethodAdapter.handle(AbstractHandlerMethodAdapter.java:87) ~[spring-webmvc-6.1.1.jar!/:6.1.1]
	at org.springframework.web.servlet.DispatcherServlet.doDispatch(DispatcherServlet.java:1089) ~[spring-webmvc-6.1.1.jar!/:6.1.1]
	at org.springframework.web.servlet.DispatcherServlet.doService(DispatcherServlet.java:979) ~[spring-webmvc-6.1.1.jar!/:6.1.1]
	at org.springframework.web.servlet.FrameworkServlet.processRequest(FrameworkServlet.java:1014) ~[spring-webmvc-6.1.1.jar!/:6.1.1]
	at org.springframework.web.servlet.FrameworkServlet.doPost(FrameworkServlet.java:914) ~[spring-webmvc-6.1.1.jar!/:6.1.1]
	at jakarta.servlet.http.HttpServlet.service(HttpServlet.java:590) ~[tomcat-embed-core-10.1.16.jar!/:na]
	at org.springframework.web.servlet.FrameworkServlet.service(FrameworkServlet.java:885) ~[spring-webmvc-6.1.1.jar!/:6.1.1]
	at jakarta.servlet.http.HttpServlet.service(HttpServlet.java:658) ~[tomcat-embed-core-10.1.16.jar!/:na]
	at org.apache.catalina.core.ApplicationFilterChain.internalDoFilter(ApplicationFilterChain.java:205) ~[tomcat-embed-core-10.1.16.jar!/:na]
	at org.apache.catalina.core.ApplicationFilterChain.doFilter(ApplicationFilterChain.java:149) ~[tomcat-embed-core-10.1.16.jar!/:na]
	at org.apache.tomcat.websocket.server.WsFilter.doFilter(WsFilter.java:51) ~[tomcat-embed-websocket-10.1.16.jar!/:na]
	at org.apache.catalina.core.ApplicationFilterChain.internalDoFilter(ApplicationFilterChain.java:174) ~[tomcat-embed-core-10.1.16.jar!/:na]
	at org.apache.catalina.core.ApplicationFilterChain.doFilter(ApplicationFilterChain.java:149) ~[tomcat-embed-core-10.1.16.jar!/:na]
	at org.springframework.web.filter.RequestContextFilter.doFilterInternal(RequestContextFilter.java:100) ~[spring-web-6.1.1.jar!/:6.1.1]
	at org.springframework.web.filter.OncePerRequestFilter.doFilter(OncePerRequestFilter.java:116) ~[spring-web-6.1.1.jar!/:6.1.1]
	at org.apache.catalina.core.ApplicationFilterChain.internalDoFilter(ApplicationFilterChain.java:174) ~[tomcat-embed-core-10.1.16.jar!/:na]
	at org.apache.catalina.core.ApplicationFilterChain.doFilter(ApplicationFilterChain.java:149) ~[tomcat-embed-core-10.1.16.jar!/:na]
	at org.springframework.web.filter.FormContentFilter.doFilterInternal(FormContentFilter.java:93) ~[spring-web-6.1.1.jar!/:6.1.1]
	at org.springframework.web.filter.OncePerRequestFilter.doFilter(OncePerRequestFilter.java:116) ~[spring-web-6.1.1.jar!/:6.1.1]
	at org.apache.catalina.core.ApplicationFilterChain.internalDoFilter(ApplicationFilterChain.java:174) ~[tomcat-embed-core-10.1.16.jar!/:na]
	at org.apache.catalina.core.ApplicationFilterChain.doFilter(ApplicationFilterChain.java:149) ~[tomcat-embed-core-10.1.16.jar!/:na]
	at org.springframework.web.filter.ServerHttpObservationFilter.doFilterInternal(ServerHttpObservationFilter.java:109) ~[spring-web-6.1.1.jar!/:6.1.1]
	at org.springframework.web.filter.OncePerRequestFilter.doFilter(OncePerRequestFilter.java:116) ~[spring-web-6.1.1.jar!/:6.1.1]
	at org.apache.catalina.core.ApplicationFilterChain.internalDoFilter(ApplicationFilterChain.java:174) ~[tomcat-embed-core-10.1.16.jar!/:na]
	at org.apache.catalina.core.ApplicationFilterChain.doFilter(ApplicationFilterChain.java:149) ~[tomcat-embed-core-10.1.16.jar!/:na]
	at org.springframework.web.filter.CharacterEncodingFilter.doFilterInternal(CharacterEncodingFilter.java:201) ~[spring-web-6.1.1.jar!/:6.1.1]
	at org.springframework.web.filter.OncePerRequestFilter.doFilter(OncePerRequestFilter.java:116) ~[spring-web-6.1.1.jar!/:6.1.1]
	at org.apache.catalina.core.ApplicationFilterChain.internalDoFilter(ApplicationFilterChain.java:174) ~[tomcat-embed-core-10.1.16.jar!/:na]
	at org.apache.catalina.core.ApplicationFilterChain.doFilter(ApplicationFilterChain.java:149) ~[tomcat-embed-core-10.1.16.jar!/:na]
	at org.apache.catalina.core.StandardWrapperValve.invoke(StandardWrapperValve.java:167) ~[tomcat-embed-core-10.1.16.jar!/:na]
	at org.apache.catalina.core.StandardContextValve.invoke(StandardContextValve.java:90) ~[tomcat-embed-core-10.1.16.jar!/:na]
	at org.apache.catalina.authenticator.AuthenticatorBase.invoke(AuthenticatorBase.java:482) ~[tomcat-embed-core-10.1.16.jar!/:na]
	at org.apache.catalina.core.StandardHostValve.invoke(StandardHostValve.java:115) ~[tomcat-embed-core-10.1.16.jar!/:na]
	at org.apache.catalina.valves.ErrorReportValve.invoke(ErrorReportValve.java:93) ~[tomcat-embed-core-10.1.16.jar!/:na]
	at org.apache.catalina.core.StandardEngineValve.invoke(StandardEngineValve.java:74) ~[tomcat-embed-core-10.1.16.jar!/:na]
	at org.apache.catalina.connector.CoyoteAdapter.service(CoyoteAdapter.java:340) ~[tomcat-embed-core-10.1.16.jar!/:na]
	at org.apache.coyote.http11.Http11Processor.service(Http11Processor.java:391) ~[tomcat-embed-core-10.1.16.jar!/:na]
	at org.apache.coyote.AbstractProcessorLight.process(AbstractProcessorLight.java:63) ~[tomcat-embed-core-10.1.16.jar!/:na]
	at org.apache.coyote.AbstractProtocol$ConnectionHandler.process(AbstractProtocol.java:896) ~[tomcat-embed-core-10.1.16.jar!/:na]
	at org.apache.tomcat.util.net.NioEndpoint$SocketProcessor.doRun(NioEndpoint.java:1744) ~[tomcat-embed-core-10.1.16.jar!/:na]
	at org.apache.tomcat.util.net.SocketProcessorBase.run(SocketProcessorBase.java:52) ~[tomcat-embed-core-10.1.16.jar!/:na]
	at org.apache.tomcat.util.threads.ThreadPoolExecutor.runWorker(ThreadPoolExecutor.java:1191) ~[tomcat-embed-core-10.1.16.jar!/:na]
	at org.apache.tomcat.util.threads.ThreadPoolExecutor$Worker.run(ThreadPoolExecutor.java:659) ~[tomcat-embed-core-10.1.16.jar!/:na]
	at org.apache.tomcat.util.threads.TaskThread$WrappingRunnable.run(TaskThread.java:61) ~[tomcat-embed-core-10.1.16.jar!/:na]
	at java.base/java.lang.Thread.run(Thread.java:840) ~[na:na]

Hibernate: select fs1_0.shlt_id,fs1_0.ctpv_nm,fs1_0.daddr,fs1_0.fclt_nm,fs1_0.lat,fs1_0.lot,fs1_0.mng_dept_nm,fs1_0.sgg_nm from flood fs1_0 limit ?,?
Hibernate: select count(fs1_0.shlt_id) from flood fs1_0
Hibernate: select fs1_0.shlt_id,fs1_0.ctpv_nm,fs1_0.daddr,fs1_0.fclt_nm,fs1_0.lat,fs1_0.lot,fs1_0.mng_dept_nm,fs1_0.sgg_nm from flood fs1_0 where fs1_0.shlt_id=?
Hibernate: insert into flood (ctpv_nm,daddr,fclt_nm,lat,lot,mng_dept_nm,sgg_nm,shlt_id) values (?,?,?,?,?,?,?,?)
Hibernate: select fs1_0.shlt_id,fs1_0.ctpv_nm,fs1_0.daddr,fs1_0.fclt_nm,fs1_0.lat,fs1_0.lot,fs1_0.mng_dept_nm,fs1_0.sgg_nm from flood fs1_0 limit ?,?
Hibernate: select count(fs1_0.shlt_id) from flood fs1_0
Hibernate: select fs1_0.shlt_id,fs1_0.ctpv_nm,fs1_0.daddr,fs1_0.fclt_nm,fs1_0.lat,fs1_0.lot,fs1_0.mng_dept_nm,fs1_0.sgg_nm from flood fs1_0 where fs1_0.fclt_nm like ? escape '\\' or fs1_0.daddr like ? escape '\\' limit ?,?
Hibernate: select fs1_0.shlt_id,fs1_0.ctpv_nm,fs1_0.daddr,fs1_0.fclt_nm,fs1_0.lat,fs1_0.lot,fs1_0.mng_dept_nm,fs1_0.sgg_nm from flood fs1_0 where fs1_0.shlt_id=?
Hibernate: delete from flood where shlt_id=?
Hibernate: select fs1_0.shlt_id,fs1_0.ctpv_nm,fs1_0.daddr,fs1_0.fclt_nm,fs1_0.lat,fs1_0.lot,fs1_0.mng_dept_nm,fs1_0.sgg_nm from flood fs1_0 where fs1_0.fclt_nm like ? escape '\\' or fs1_0.daddr like ? escape '\\' limit ?,?
Hibernate: select fs1_0.shlt_id,fs1_0.ctpv_nm,fs1_0.daddr,fs1_0.fclt_nm,fs1_0.lat,fs1_0.lot,fs1_0.mng_dept_nm,fs1_0.sgg_nm from flood fs1_0 where fs1_0.fclt_nm like ? escape '\\' or fs1_0.daddr like ? escape '\\' limit ?,?
Hibernate: select es1_0.shlt_id,es1_0.ctpv_nm,es1_0.daddr,es1_0.fclt_nm,es1_0.lat,es1_0.lot,es1_0.mng_dept_nm,es1_0.sgg_nm from earthquake es1_0 limit ?,?
Hibernate: select count(es1_0.shlt_id) from earthquake es1_0
Hibernate: select es1_0.shlt_id,es1_0.ctpv_nm,es1_0.daddr,es1_0.fclt_nm,es1_0.lat,es1_0.lot,es1_0.mng_dept_nm,es1_0.sgg_nm from earthquake es1_0 limit ?,?
Hibernate: select count(es1_0.shlt_id) from earthquake es1_0
Hibernate: select ars1_0.shlt_id,ars1_0.ctpv_nm,ars1_0.daddr,ars1_0.fclt_nm,ars1_0.lat,ars1_0.lot,ars1_0.mng_dept_nm,ars1_0.sgg_nm from airstrike ars1_0 limit ?,?
Hibernate: select count(ars1_0.shlt_id) from airstrike ars1_0
Hibernate: select fs1_0.shlt_id,fs1_0.ctpv_nm,fs1_0.daddr,fs1_0.fclt_nm,fs1_0.lat,fs1_0.lot,fs1_0.mng_dept_nm,fs1_0.sgg_nm from flood fs1_0 limit ?,?
Hibernate: select count(fs1_0.shlt_id) from flood fs1_0
Hibernate: select fs1_0.shlt_id,fs1_0.ctpv_nm,fs1_0.daddr,fs1_0.fclt_nm,fs1_0.lat,fs1_0.lot,fs1_0.mng_dept_nm,fs1_0.sgg_nm from flood fs1_0 where fs1_0.shlt_id=?
Hibernate: insert into flood (ctpv_nm,daddr,fclt_nm,lat,lot,mng_dept_nm,sgg_nm,shlt_id) values (?,?,?,?,?,?,?,?)
Hibernate: select fs1_0.shlt_id,fs1_0.ctpv_nm,fs1_0.daddr,fs1_0.fclt_nm,fs1_0.lat,fs1_0.lot,fs1_0.mng_dept_nm,fs1_0.sgg_nm from flood fs1_0 limit ?,?
Hibernate: select count(fs1_0.shlt_id) from flood fs1_0
Hibernate: select fs1_0.shlt_id,fs1_0.ctpv_nm,fs1_0.daddr,fs1_0.fclt_nm,fs1_0.lat,fs1_0.lot,fs1_0.mng_dept_nm,fs1_0.sgg_nm from flood fs1_0 where fs1_0.shlt_id=?
Hibernate: insert into flood (ctpv_nm,daddr,fclt_nm,lat,lot,mng_dept_nm,sgg_nm,shlt_id) values (?,?,?,?,?,?,?,?)
Hibernate: select fs1_0.shlt_id,fs1_0.ctpv_nm,fs1_0.daddr,fs1_0.fclt_nm,fs1_0.lat,fs1_0.lot,fs1_0.mng_dept_nm,fs1_0.sgg_nm from flood fs1_0 limit ?,?
Hibernate: select count(fs1_0.shlt_id) from flood fs1_0
Hibernate: select es1_0.shlt_id,es1_0.ctpv_nm,es1_0.daddr,es1_0.fclt_nm,es1_0.lat,es1_0.lot,es1_0.mng_dept_nm,es1_0.sgg_nm from earthquake es1_0 limit ?,?
Hibernate: select count(es1_0.shlt_id) from earthquake es1_0
Hibernate: select ars1_0.shlt_id,ars1_0.ctpv_nm,ars1_0.daddr,ars1_0.fclt_nm,ars1_0.lat,ars1_0.lot,ars1_0.mng_dept_nm,ars1_0.sgg_nm from airstrike ars1_0 limit ?,?
Hibernate: select count(ars1_0.shlt_id) from airstrike ars1_0
Hibernate: select p1_0.id,p1_0.content,p1_0.create_date,p1_0.title,p1_0.writer from post p1_0 order by p1_0.id desc limit ?,?
Hibernate: insert into post (content,create_date,title,writer) values (?,?,?,?)
Hibernate: select p1_0.id,p1_0.content,p1_0.create_date,p1_0.title,p1_0.writer from post p1_0 order by p1_0.id desc limit ?,?
Hibernate: select p1_0.id,p1_0.content,p1_0.create_date,p1_0.title,p1_0.writer from post p1_0 where p1_0.id=?
Hibernate: delete from post where id=?
Hibernate: select p1_0.id,p1_0.content,p1_0.create_date,p1_0.title,p1_0.writer from post p1_0 order by p1_0.id desc limit ?,?
Hibernate: select ars1_0.shlt_id,ars1_0.ctpv_nm,ars1_0.daddr,ars1_0.fclt_nm,ars1_0.lat,ars1_0.lot,ars1_0.mng_dept_nm,ars1_0.sgg_nm from airstrike ars1_0 limit ?,?
Hibernate: select count(ars1_0.shlt_id) from airstrike ars1_0
Hibernate: select es1_0.shlt_id,es1_0.ctpv_nm,es1_0.daddr,es1_0.fclt_nm,es1_0.lat,es1_0.lot,es1_0.mng_dept_nm,es1_0.sgg_nm from earthquake es1_0 limit ?,?
Hibernate: select count(es1_0.shlt_id) from earthquake es1_0
Hibernate: select ars1_0.shlt_id,ars1_0.ctpv_nm,ars1_0.daddr,ars1_0.fclt_nm,ars1_0.lat,ars1_0.lot,ars1_0.mng_dept_nm,ars1_0.sgg_nm from airstrike ars1_0 limit ?,?
Hibernate: select count(ars1_0.shlt_id) from airstrike ars1_0
Hibernate: select es1_0.shlt_id,es1_0.ctpv_nm,es1_0.daddr,es1_0.fclt_nm,es1_0.lat,es1_0.lot,es1_0.mng_dept_nm,es1_0.sgg_nm from earthquake es1_0 limit ?,?
Hibernate: select count(es1_0.shlt_id) from earthquake es1_0
Hibernate: select fs1_0.shlt_id,fs1_0.ctpv_nm,fs1_0.daddr,fs1_0.fclt_nm,fs1_0.lat,fs1_0.lot,fs1_0.mng_dept_nm,fs1_0.sgg_nm from flood fs1_0 limit ?,?
Hibernate: select count(fs1_0.shlt_id) from flood fs1_0
Hibernate: select ars1_0.shlt_id,ars1_0.ctpv_nm,ars1_0.daddr,ars1_0.fclt_nm,ars1_0.lat,ars1_0.lot,ars1_0.mng_dept_nm,ars1_0.sgg_nm from airstrike ars1_0 limit ?,?
Hibernate: select count(ars1_0.shlt_id) from airstrike ars1_0
Hibernate: select ars1_0.shlt_id,ars1_0.ctpv_nm,ars1_0.daddr,ars1_0.fclt_nm,ars1_0.lat,ars1_0.lot,ars1_0.mng_dept_nm,ars1_0.sgg_nm from airstrike ars1_0 where ars1_0.shlt_id=?
Hibernate: insert into airstrike (ctpv_nm,daddr,fclt_nm,lat,lot,mng_dept_nm,sgg_nm,shlt_id) values (?,?,?,?,?,?,?,?)
2026-08-31T19:15:24.901+09:00  WARN 3319 --- [nio-8080-exec-6] o.h.engine.jdbc.spi.SqlExceptionHelper   : SQL Error: 1366, SQLState: HY000
2026-08-31T19:15:24.901+09:00 ERROR 3319 --- [nio-8080-exec-6] o.h.engine.jdbc.spi.SqlExceptionHelper   : Incorrect integer value: 'USER_d62e3fb7-b1d5-48c4-a830-cdd179f553f6' for column 'shlt_id' at row 1
2026-08-31T19:15:24.903+09:00 ERROR 3319 --- [nio-8080-exec-6] o.a.c.c.C.[.[.[/].[dispatcherServlet]    : Servlet.service() for servlet [dispatcherServlet] in context with path [] threw exception [Request processing failed: org.springframework.orm.jpa.JpaSystemException: could not execute statement [Incorrect integer value: 'USER_d62e3fb7-b1d5-48c4-a830-cdd179f553f6' for column 'shlt_id' at row 1] [insert into airstrike (ctpv_nm,daddr,fclt_nm,lat,lot,mng_dept_nm,sgg_nm,shlt_id) values (?,?,?,?,?,?,?,?)]] with root cause

java.sql.SQLException: Incorrect integer value: 'USER_d62e3fb7-b1d5-48c4-a830-cdd179f553f6' for column 'shlt_id' at row 1
	at com.mysql.cj.jdbc.exceptions.SQLError.createSQLException(SQLError.java:130) ~[mysql-connector-j-8.1.0.jar!/:8.1.0]
	at com.mysql.cj.jdbc.exceptions.SQLExceptionsMapping.translateException(SQLExceptionsMapping.java:122) ~[mysql-connector-j-8.1.0.jar!/:8.1.0]
	at com.mysql.cj.jdbc.ClientPreparedStatement.executeInternal(ClientPreparedStatement.java:916) ~[mysql-connector-j-8.1.0.jar!/:8.1.0]
	at com.mysql.cj.jdbc.ClientPreparedStatement.executeUpdateInternal(ClientPreparedStatement.java:1061) ~[mysql-connector-j-8.1.0.jar!/:8.1.0]
	at com.mysql.cj.jdbc.ClientPreparedStatement.executeUpdateInternal(ClientPreparedStatement.java:1009) ~[mysql-connector-j-8.1.0.jar!/:8.1.0]
	at com.mysql.cj.jdbc.ClientPreparedStatement.executeLargeUpdate(ClientPreparedStatement.java:1320) ~[mysql-connector-j-8.1.0.jar!/:8.1.0]
	at com.mysql.cj.jdbc.ClientPreparedStatement.executeUpdate(ClientPreparedStatement.java:994) ~[mysql-connector-j-8.1.0.jar!/:8.1.0]
	at com.zaxxer.hikari.pool.ProxyPreparedStatement.executeUpdate(ProxyPreparedStatement.java:61) ~[HikariCP-5.0.1.jar!/:na]
	at com.zaxxer.hikari.pool.HikariProxyPreparedStatement.executeUpdate(HikariProxyPreparedStatement.java) ~[HikariCP-5.0.1.jar!/:na]
	at org.hibernate.engine.jdbc.internal.ResultSetReturnImpl.executeUpdate(ResultSetReturnImpl.java:280) ~[hibernate-core-6.3.1.Final.jar!/:6.3.1.Final]
	at org.hibernate.engine.jdbc.mutation.internal.AbstractMutationExecutor.performNonBatchedMutation(AbstractMutationExecutor.java:107) ~[hibernate-core-6.3.1.Final.jar!/:6.3.1.Final]
	at org.hibernate.engine.jdbc.mutation.internal.MutationExecutorSingleNonBatched.performNonBatchedOperations(MutationExecutorSingleNonBatched.java:40) ~[hibernate-core-6.3.1.Final.jar!/:6.3.1.Final]
	at org.hibernate.engine.jdbc.mutation.internal.AbstractMutationExecutor.execute(AbstractMutationExecutor.java:52) ~[hibernate-core-6.3.1.Final.jar!/:6.3.1.Final]
	at org.hibernate.persister.entity.mutation.InsertCoordinator.doStaticInserts(InsertCoordinator.java:171) ~[hibernate-core-6.3.1.Final.jar!/:6.3.1.Final]
	at org.hibernate.persister.entity.mutation.InsertCoordinator.coordinateInsert(InsertCoordinator.java:112) ~[hibernate-core-6.3.1.Final.jar!/:6.3.1.Final]
	at org.hibernate.persister.entity.AbstractEntityPersister.insert(AbstractEntityPersister.java:2865) ~[hibernate-core-6.3.1.Final.jar!/:6.3.1.Final]
	at org.hibernate.action.internal.EntityInsertAction.execute(EntityInsertAction.java:102) ~[hibernate-core-6.3.1.Final.jar!/:6.3.1.Final]
	at org.hibernate.engine.spi.ActionQueue.executeActions(ActionQueue.java:631) ~[hibernate-core-6.3.1.Final.jar!/:6.3.1.Final]
	at org.hibernate.engine.spi.ActionQueue.executeActions(ActionQueue.java:498) ~[hibernate-core-6.3.1.Final.jar!/:6.3.1.Final]
	at org.hibernate.event.internal.AbstractFlushingEventListener.performExecutions(AbstractFlushingEventListener.java:363) ~[hibernate-core-6.3.1.Final.jar!/:6.3.1.Final]
	at org.hibernate.event.internal.DefaultFlushEventListener.onFlush(DefaultFlushEventListener.java:39) ~[hibernate-core-6.3.1.Final.jar!/:6.3.1.Final]
	at org.hibernate.event.service.internal.EventListenerGroupImpl.fireEventOnEachListener(EventListenerGroupImpl.java:127) ~[hibernate-core-6.3.1.Final.jar!/:6.3.1.Final]
	at org.hibernate.internal.SessionImpl.doFlush(SessionImpl.java:1415) ~[hibernate-core-6.3.1.Final.jar!/:6.3.1.Final]
	at org.hibernate.internal.SessionImpl.managedFlush(SessionImpl.java:496) ~[hibernate-core-6.3.1.Final.jar!/:6.3.1.Final]
	at org.hibernate.internal.SessionImpl.flushBeforeTransactionCompletion(SessionImpl.java:2325) ~[hibernate-core-6.3.1.Final.jar!/:6.3.1.Final]
	at org.hibernate.internal.SessionImpl.beforeTransactionCompletion(SessionImpl.java:1988) ~[hibernate-core-6.3.1.Final.jar!/:6.3.1.Final]
	at org.hibernate.engine.jdbc.internal.JdbcCoordinatorImpl.beforeTransactionCompletion(JdbcCoordinatorImpl.java:439) ~[hibernate-core-6.3.1.Final.jar!/:6.3.1.Final]
	at org.hibernate.resource.transaction.backend.jdbc.internal.JdbcResourceLocalTransactionCoordinatorImpl.beforeCompletionCallback(JdbcResourceLocalTransactionCoordinatorImpl.java:169) ~[hibernate-core-6.3.1.Final.jar!/:6.3.1.Final]
	at org.hibernate.resource.transaction.backend.jdbc.internal.JdbcResourceLocalTransactionCoordinatorImpl$TransactionDriverControlImpl.commit(JdbcResourceLocalTransactionCoordinatorImpl.java:267) ~[hibernate-core-6.3.1.Final.jar!/:6.3.1.Final]
	at org.hibernate.engine.transaction.internal.TransactionImpl.commit(TransactionImpl.java:101) ~[hibernate-core-6.3.1.Final.jar!/:6.3.1.Final]
	at org.springframework.orm.jpa.JpaTransactionManager.doCommit(JpaTransactionManager.java:561) ~[spring-orm-6.1.1.jar!/:6.1.1]
	at org.springframework.transaction.support.AbstractPlatformTransactionManager.processCommit(AbstractPlatformTransactionManager.java:794) ~[spring-tx-6.1.1.jar!/:6.1.1]
	at org.springframework.transaction.support.AbstractPlatformTransactionManager.commit(AbstractPlatformTransactionManager.java:757) ~[spring-tx-6.1.1.jar!/:6.1.1]
	at org.springframework.transaction.interceptor.TransactionAspectSupport.commitTransactionAfterReturning(TransactionAspectSupport.java:669) ~[spring-tx-6.1.1.jar!/:6.1.1]
	at org.springframework.transaction.interceptor.TransactionAspectSupport.invokeWithinTransaction(TransactionAspectSupport.java:419) ~[spring-tx-6.1.1.jar!/:6.1.1]
	at org.springframework.transaction.interceptor.TransactionInterceptor.invoke(TransactionInterceptor.java:119) ~[spring-tx-6.1.1.jar!/:6.1.1]
	at org.springframework.aop.framework.ReflectiveMethodInvocation.proceed(ReflectiveMethodInvocation.java:184) ~[spring-aop-6.1.1.jar!/:6.1.1]
	at org.springframework.aop.framework.CglibAopProxy$CglibMethodInvocation.proceed(CglibAopProxy.java:765) ~[spring-aop-6.1.1.jar!/:6.1.1]
	at org.springframework.aop.framework.CglibAopProxy$DynamicAdvisedInterceptor.intercept(CglibAopProxy.java:717) ~[spring-aop-6.1.1.jar!/:6.1.1]
	at com.example.demo.service.AirRaidShelterService$$SpringCGLIB$$0.save(<generated>) ~[!/:0.0.1-SNAPSHOT]
	at com.example.demo.controller.AirRaidShelterController.writeAirRaidShelter(AirRaidShelterController.java:54) ~[!/:0.0.1-SNAPSHOT]
	at java.base/jdk.internal.reflect.NativeMethodAccessorImpl.invoke0(Native Method) ~[na:na]
	at java.base/jdk.internal.reflect.NativeMethodAccessorImpl.invoke(NativeMethodAccessorImpl.java:77) ~[na:na]
	at java.base/jdk.internal.reflect.DelegatingMethodAccessorImpl.invoke(DelegatingMethodAccessorImpl.java:43) ~[na:na]
	at java.base/java.lang.reflect.Method.invoke(Method.java:569) ~[na:na]
	at org.springframework.web.method.support.InvocableHandlerMethod.doInvoke(InvocableHandlerMethod.java:254) ~[spring-web-6.1.1.jar!/:6.1.1]
	at org.springframework.web.method.support.InvocableHandlerMethod.invokeForRequest(InvocableHandlerMethod.java:182) ~[spring-web-6.1.1.jar!/:6.1.1]
	at org.springframework.web.servlet.mvc.method.annotation.ServletInvocableHandlerMethod.invokeAndHandle(ServletInvocableHandlerMethod.java:118) ~[spring-webmvc-6.1.1.jar!/:6.1.1]
	at org.springframework.web.servlet.mvc.method.annotation.RequestMappingHandlerAdapter.invokeHandlerMethod(RequestMappingHandlerAdapter.java:917) ~[spring-webmvc-6.1.1.jar!/:6.1.1]
	at org.springframework.web.servlet.mvc.method.annotation.RequestMappingHandlerAdapter.handleInternal(RequestMappingHandlerAdapter.java:829) ~[spring-webmvc-6.1.1.jar!/:6.1.1]
	at org.springframework.web.servlet.mvc.method.AbstractHandlerMethodAdapter.handle(AbstractHandlerMethodAdapter.java:87) ~[spring-webmvc-6.1.1.jar!/:6.1.1]
	at org.springframework.web.servlet.DispatcherServlet.doDispatch(DispatcherServlet.java:1089) ~[spring-webmvc-6.1.1.jar!/:6.1.1]
	at org.springframework.web.servlet.DispatcherServlet.doService(DispatcherServlet.java:979) ~[spring-webmvc-6.1.1.jar!/:6.1.1]
	at org.springframework.web.servlet.FrameworkServlet.processRequest(FrameworkServlet.java:1014) ~[spring-webmvc-6.1.1.jar!/:6.1.1]
	at org.springframework.web.servlet.FrameworkServlet.doPost(FrameworkServlet.java:914) ~[spring-webmvc-6.1.1.jar!/:6.1.1]
	at jakarta.servlet.http.HttpServlet.service(HttpServlet.java:590) ~[tomcat-embed-core-10.1.16.jar!/:na]
	at org.springframework.web.servlet.FrameworkServlet.service(FrameworkServlet.java:885) ~[spring-webmvc-6.1.1.jar!/:6.1.1]
	at jakarta.servlet.http.HttpServlet.service(HttpServlet.java:658) ~[tomcat-embed-core-10.1.16.jar!/:na]
	at org.apache.catalina.core.ApplicationFilterChain.internalDoFilter(ApplicationFilterChain.java:205) ~[tomcat-embed-core-10.1.16.jar!/:na]
	at org.apache.catalina.core.ApplicationFilterChain.doFilter(ApplicationFilterChain.java:149) ~[tomcat-embed-core-10.1.16.jar!/:na]
	at org.apache.tomcat.websocket.server.WsFilter.doFilter(WsFilter.java:51) ~[tomcat-embed-websocket-10.1.16.jar!/:na]
	at org.apache.catalina.core.ApplicationFilterChain.internalDoFilter(ApplicationFilterChain.java:174) ~[tomcat-embed-core-10.1.16.jar!/:na]
	at org.apache.catalina.core.ApplicationFilterChain.doFilter(ApplicationFilterChain.java:149) ~[tomcat-embed-core-10.1.16.jar!/:na]
	at org.springframework.web.filter.RequestContextFilter.doFilterInternal(RequestContextFilter.java:100) ~[spring-web-6.1.1.jar!/:6.1.1]
	at org.springframework.web.filter.OncePerRequestFilter.doFilter(OncePerRequestFilter.java:116) ~[spring-web-6.1.1.jar!/:6.1.1]
	at org.apache.catalina.core.ApplicationFilterChain.internalDoFilter(ApplicationFilterChain.java:174) ~[tomcat-embed-core-10.1.16.jar!/:na]
	at org.apache.catalina.core.ApplicationFilterChain.doFilter(ApplicationFilterChain.java:149) ~[tomcat-embed-core-10.1.16.jar!/:na]
	at org.springframework.web.filter.FormContentFilter.doFilterInternal(FormContentFilter.java:93) ~[spring-web-6.1.1.jar!/:6.1.1]
	at org.springframework.web.filter.OncePerRequestFilter.doFilter(OncePerRequestFilter.java:116) ~[spring-web-6.1.1.jar!/:6.1.1]
	at org.apache.catalina.core.ApplicationFilterChain.internalDoFilter(ApplicationFilterChain.java:174) ~[tomcat-embed-core-10.1.16.jar!/:na]
	at org.apache.catalina.core.ApplicationFilterChain.doFilter(ApplicationFilterChain.java:149) ~[tomcat-embed-core-10.1.16.jar!/:na]
	at org.springframework.web.filter.ServerHttpObservationFilter.doFilterInternal(ServerHttpObservationFilter.java:109) ~[spring-web-6.1.1.jar!/:6.1.1]
	at org.springframework.web.filter.OncePerRequestFilter.doFilter(OncePerRequestFilter.java:116) ~[spring-web-6.1.1.jar!/:6.1.1]
	at org.apache.catalina.core.ApplicationFilterChain.internalDoFilter(ApplicationFilterChain.java:174) ~[tomcat-embed-core-10.1.16.jar!/:na]
	at org.apache.catalina.core.ApplicationFilterChain.doFilter(ApplicationFilterChain.java:149) ~[tomcat-embed-core-10.1.16.jar!/:na]
	at org.springframework.web.filter.CharacterEncodingFilter.doFilterInternal(CharacterEncodingFilter.java:201) ~[spring-web-6.1.1.jar!/:6.1.1]
	at org.springframework.web.filter.OncePerRequestFilter.doFilter(OncePerRequestFilter.java:116) ~[spring-web-6.1.1.jar!/:6.1.1]
	at org.apache.catalina.core.ApplicationFilterChain.internalDoFilter(ApplicationFilterChain.java:174) ~[tomcat-embed-core-10.1.16.jar!/:na]
	at org.apache.catalina.core.ApplicationFilterChain.doFilter(ApplicationFilterChain.java:149) ~[tomcat-embed-core-10.1.16.jar!/:na]
	at org.apache.catalina.core.StandardWrapperValve.invoke(StandardWrapperValve.java:167) ~[tomcat-embed-core-10.1.16.jar!/:na]
	at org.apache.catalina.core.StandardContextValve.invoke(StandardContextValve.java:90) ~[tomcat-embed-core-10.1.16.jar!/:na]
	at org.apache.catalina.authenticator.AuthenticatorBase.invoke(AuthenticatorBase.java:482) ~[tomcat-embed-core-10.1.16.jar!/:na]
	at org.apache.catalina.core.StandardHostValve.invoke(StandardHostValve.java:115) ~[tomcat-embed-core-10.1.16.jar!/:na]
	at org.apache.catalina.valves.ErrorReportValve.invoke(ErrorReportValve.java:93) ~[tomcat-embed-core-10.1.16.jar!/:na]
	at org.apache.catalina.core.StandardEngineValve.invoke(StandardEngineValve.java:74) ~[tomcat-embed-core-10.1.16.jar!/:na]
	at org.apache.catalina.connector.CoyoteAdapter.service(CoyoteAdapter.java:340) ~[tomcat-embed-core-10.1.16.jar!/:na]
	at org.apache.coyote.http11.Http11Processor.service(Http11Processor.java:391) ~[tomcat-embed-core-10.1.16.jar!/:na]
	at org.apache.coyote.AbstractProcessorLight.process(AbstractProcessorLight.java:63) ~[tomcat-embed-core-10.1.16.jar!/:na]
	at org.apache.coyote.AbstractProtocol$ConnectionHandler.process(AbstractProtocol.java:896) ~[tomcat-embed-core-10.1.16.jar!/:na]
	at org.apache.tomcat.util.net.NioEndpoint$SocketProcessor.doRun(NioEndpoint.java:1744) ~[tomcat-embed-core-10.1.16.jar!/:na]
	at org.apache.tomcat.util.net.SocketProcessorBase.run(SocketProcessorBase.java:52) ~[tomcat-embed-core-10.1.16.jar!/:na]
	at org.apache.tomcat.util.threads.ThreadPoolExecutor.runWorker(ThreadPoolExecutor.java:1191) ~[tomcat-embed-core-10.1.16.jar!/:na]
	at org.apache.tomcat.util.threads.ThreadPoolExecutor$Worker.run(ThreadPoolExecutor.java:659) ~[tomcat-embed-core-10.1.16.jar!/:na]
	at org.apache.tomcat.util.threads.TaskThread$WrappingRunnable.run(TaskThread.java:61) ~[tomcat-embed-core-10.1.16.jar!/:na]
	at java.base/java.lang.Thread.run(Thread.java:840) ~[na:na]

Hibernate: select ars1_0.shlt_id,ars1_0.ctpv_nm,ars1_0.daddr,ars1_0.fclt_nm,ars1_0.lat,ars1_0.lot,ars1_0.mng_dept_nm,ars1_0.sgg_nm from airstrike ars1_0 where ars1_0.shlt_id=?
Hibernate: insert into airstrike (ctpv_nm,daddr,fclt_nm,lat,lot,mng_dept_nm,sgg_nm,shlt_id) values (?,?,?,?,?,?,?,?)
2026-08-31T19:16:01.581+09:00  WARN 3319 --- [nio-8080-exec-1] o.h.engine.jdbc.spi.SqlExceptionHelper   : SQL Error: 1366, SQLState: HY000
2026-08-31T19:16:01.581+09:00 ERROR 3319 --- [nio-8080-exec-1] o.h.engine.jdbc.spi.SqlExceptionHelper   : Incorrect integer value: 'USER_e3eeb78f-4f8a-46c4-a635-de8e3dcd6827' for column 'shlt_id' at row 1
2026-08-31T19:16:01.583+09:00 ERROR 3319 --- [nio-8080-exec-1] o.a.c.c.C.[.[.[/].[dispatcherServlet]    : Servlet.service() for servlet [dispatcherServlet] in context with path [] threw exception [Request processing failed: org.springframework.orm.jpa.JpaSystemException: could not execute statement [Incorrect integer value: 'USER_e3eeb78f-4f8a-46c4-a635-de8e3dcd6827' for column 'shlt_id' at row 1] [insert into airstrike (ctpv_nm,daddr,fclt_nm,lat,lot,mng_dept_nm,sgg_nm,shlt_id) values (?,?,?,?,?,?,?,?)]] with root cause

java.sql.SQLException: Incorrect integer value: 'USER_e3eeb78f-4f8a-46c4-a635-de8e3dcd6827' for column 'shlt_id' at row 1
	at com.mysql.cj.jdbc.exceptions.SQLError.createSQLException(SQLError.java:130) ~[mysql-connector-j-8.1.0.jar!/:8.1.0]
	at com.mysql.cj.jdbc.exceptions.SQLExceptionsMapping.translateException(SQLExceptionsMapping.java:122) ~[mysql-connector-j-8.1.0.jar!/:8.1.0]
	at com.mysql.cj.jdbc.ClientPreparedStatement.executeInternal(ClientPreparedStatement.java:916) ~[mysql-connector-j-8.1.0.jar!/:8.1.0]
	at com.mysql.cj.jdbc.ClientPreparedStatement.executeUpdateInternal(ClientPreparedStatement.java:1061) ~[mysql-connector-j-8.1.0.jar!/:8.1.0]
	at com.mysql.cj.jdbc.ClientPreparedStatement.executeUpdateInternal(ClientPreparedStatement.java:1009) ~[mysql-connector-j-8.1.0.jar!/:8.1.0]
	at com.mysql.cj.jdbc.ClientPreparedStatement.executeLargeUpdate(ClientPreparedStatement.java:1320) ~[mysql-connector-j-8.1.0.jar!/:8.1.0]
	at com.mysql.cj.jdbc.ClientPreparedStatement.executeUpdate(ClientPreparedStatement.java:994) ~[mysql-connector-j-8.1.0.jar!/:8.1.0]
	at com.zaxxer.hikari.pool.ProxyPreparedStatement.executeUpdate(ProxyPreparedStatement.java:61) ~[HikariCP-5.0.1.jar!/:na]
	at com.zaxxer.hikari.pool.HikariProxyPreparedStatement.executeUpdate(HikariProxyPreparedStatement.java) ~[HikariCP-5.0.1.jar!/:na]
	at org.hibernate.engine.jdbc.internal.ResultSetReturnImpl.executeUpdate(ResultSetReturnImpl.java:280) ~[hibernate-core-6.3.1.Final.jar!/:6.3.1.Final]
	at org.hibernate.engine.jdbc.mutation.internal.AbstractMutationExecutor.performNonBatchedMutation(AbstractMutationExecutor.java:107) ~[hibernate-core-6.3.1.Final.jar!/:6.3.1.Final]
	at org.hibernate.engine.jdbc.mutation.internal.MutationExecutorSingleNonBatched.performNonBatchedOperations(MutationExecutorSingleNonBatched.java:40) ~[hibernate-core-6.3.1.Final.jar!/:6.3.1.Final]
	at org.hibernate.engine.jdbc.mutation.internal.AbstractMutationExecutor.execute(AbstractMutationExecutor.java:52) ~[hibernate-core-6.3.1.Final.jar!/:6.3.1.Final]
	at org.hibernate.persister.entity.mutation.InsertCoordinator.doStaticInserts(InsertCoordinator.java:171) ~[hibernate-core-6.3.1.Final.jar!/:6.3.1.Final]
	at org.hibernate.persister.entity.mutation.InsertCoordinator.coordinateInsert(InsertCoordinator.java:112) ~[hibernate-core-6.3.1.Final.jar!/:6.3.1.Final]
	at org.hibernate.persister.entity.AbstractEntityPersister.insert(AbstractEntityPersister.java:2865) ~[hibernate-core-6.3.1.Final.jar!/:6.3.1.Final]
	at org.hibernate.action.internal.EntityInsertAction.execute(EntityInsertAction.java:102) ~[hibernate-core-6.3.1.Final.jar!/:6.3.1.Final]
	at org.hibernate.engine.spi.ActionQueue.executeActions(ActionQueue.java:631) ~[hibernate-core-6.3.1.Final.jar!/:6.3.1.Final]
	at org.hibernate.engine.spi.ActionQueue.executeActions(ActionQueue.java:498) ~[hibernate-core-6.3.1.Final.jar!/:6.3.1.Final]
	at org.hibernate.event.internal.AbstractFlushingEventListener.performExecutions(AbstractFlushingEventListener.java:363) ~[hibernate-core-6.3.1.Final.jar!/:6.3.1.Final]
	at org.hibernate.event.internal.DefaultFlushEventListener.onFlush(DefaultFlushEventListener.java:39) ~[hibernate-core-6.3.1.Final.jar!/:6.3.1.Final]
	at org.hibernate.event.service.internal.EventListenerGroupImpl.fireEventOnEachListener(EventListenerGroupImpl.java:127) ~[hibernate-core-6.3.1.Final.jar!/:6.3.1.Final]
	at org.hibernate.internal.SessionImpl.doFlush(SessionImpl.java:1415) ~[hibernate-core-6.3.1.Final.jar!/:6.3.1.Final]
	at org.hibernate.internal.SessionImpl.managedFlush(SessionImpl.java:496) ~[hibernate-core-6.3.1.Final.jar!/:6.3.1.Final]
	at org.hibernate.internal.SessionImpl.flushBeforeTransactionCompletion(SessionImpl.java:2325) ~[hibernate-core-6.3.1.Final.jar!/:6.3.1.Final]
	at org.hibernate.internal.SessionImpl.beforeTransactionCompletion(SessionImpl.java:1988) ~[hibernate-core-6.3.1.Final.jar!/:6.3.1.Final]
	at org.hibernate.engine.jdbc.internal.JdbcCoordinatorImpl.beforeTransactionCompletion(JdbcCoordinatorImpl.java:439) ~[hibernate-core-6.3.1.Final.jar!/:6.3.1.Final]
	at org.hibernate.resource.transaction.backend.jdbc.internal.JdbcResourceLocalTransactionCoordinatorImpl.beforeCompletionCallback(JdbcResourceLocalTransactionCoordinatorImpl.java:169) ~[hibernate-core-6.3.1.Final.jar!/:6.3.1.Final]
	at org.hibernate.resource.transaction.backend.jdbc.internal.JdbcResourceLocalTransactionCoordinatorImpl$TransactionDriverControlImpl.commit(JdbcResourceLocalTransactionCoordinatorImpl.java:267) ~[hibernate-core-6.3.1.Final.jar!/:6.3.1.Final]
	at org.hibernate.engine.transaction.internal.TransactionImpl.commit(TransactionImpl.java:101) ~[hibernate-core-6.3.1.Final.jar!/:6.3.1.Final]
	at org.springframework.orm.jpa.JpaTransactionManager.doCommit(JpaTransactionManager.java:561) ~[spring-orm-6.1.1.jar!/:6.1.1]
	at org.springframework.transaction.support.AbstractPlatformTransactionManager.processCommit(AbstractPlatformTransactionManager.java:794) ~[spring-tx-6.1.1.jar!/:6.1.1]
	at org.springframework.transaction.support.AbstractPlatformTransactionManager.commit(AbstractPlatformTransactionManager.java:757) ~[spring-tx-6.1.1.jar!/:6.1.1]
	at org.springframework.transaction.interceptor.TransactionAspectSupport.commitTransactionAfterReturning(TransactionAspectSupport.java:669) ~[spring-tx-6.1.1.jar!/:6.1.1]
	at org.springframework.transaction.interceptor.TransactionAspectSupport.invokeWithinTransaction(TransactionAspectSupport.java:419) ~[spring-tx-6.1.1.jar!/:6.1.1]
	at org.springframework.transaction.interceptor.TransactionInterceptor.invoke(TransactionInterceptor.java:119) ~[spring-tx-6.1.1.jar!/:6.1.1]
	at org.springframework.aop.framework.ReflectiveMethodInvocation.proceed(ReflectiveMethodInvocation.java:184) ~[spring-aop-6.1.1.jar!/:6.1.1]
	at org.springframework.aop.framework.CglibAopProxy$CglibMethodInvocation.proceed(CglibAopProxy.java:765) ~[spring-aop-6.1.1.jar!/:6.1.1]
	at org.springframework.aop.framework.CglibAopProxy$DynamicAdvisedInterceptor.intercept(CglibAopProxy.java:717) ~[spring-aop-6.1.1.jar!/:6.1.1]
	at com.example.demo.service.AirRaidShelterService$$SpringCGLIB$$0.save(<generated>) ~[!/:0.0.1-SNAPSHOT]
	at com.example.demo.controller.AirRaidShelterController.writeAirRaidShelter(AirRaidShelterController.java:54) ~[!/:0.0.1-SNAPSHOT]
	at java.base/jdk.internal.reflect.NativeMethodAccessorImpl.invoke0(Native Method) ~[na:na]
	at java.base/jdk.internal.reflect.NativeMethodAccessorImpl.invoke(NativeMethodAccessorImpl.java:77) ~[na:na]
	at java.base/jdk.internal.reflect.DelegatingMethodAccessorImpl.invoke(DelegatingMethodAccessorImpl.java:43) ~[na:na]
	at java.base/java.lang.reflect.Method.invoke(Method.java:569) ~[na:na]
	at org.springframework.web.method.support.InvocableHandlerMethod.doInvoke(InvocableHandlerMethod.java:254) ~[spring-web-6.1.1.jar!/:6.1.1]
	at org.springframework.web.method.support.InvocableHandlerMethod.invokeForRequest(InvocableHandlerMethod.java:182) ~[spring-web-6.1.1.jar!/:6.1.1]
	at org.springframework.web.servlet.mvc.method.annotation.ServletInvocableHandlerMethod.invokeAndHandle(ServletInvocableHandlerMethod.java:118) ~[spring-webmvc-6.1.1.jar!/:6.1.1]
	at org.springframework.web.servlet.mvc.method.annotation.RequestMappingHandlerAdapter.invokeHandlerMethod(RequestMappingHandlerAdapter.java:917) ~[spring-webmvc-6.1.1.jar!/:6.1.1]
	at org.springframework.web.servlet.mvc.method.annotation.RequestMappingHandlerAdapter.handleInternal(RequestMappingHandlerAdapter.java:829) ~[spring-webmvc-6.1.1.jar!/:6.1.1]
	at org.springframework.web.servlet.mvc.method.AbstractHandlerMethodAdapter.handle(AbstractHandlerMethodAdapter.java:87) ~[spring-webmvc-6.1.1.jar!/:6.1.1]
	at org.springframework.web.servlet.DispatcherServlet.doDispatch(DispatcherServlet.java:1089) ~[spring-webmvc-6.1.1.jar!/:6.1.1]
	at org.springframework.web.servlet.DispatcherServlet.doService(DispatcherServlet.java:979) ~[spring-webmvc-6.1.1.jar!/:6.1.1]
	at org.springframework.web.servlet.FrameworkServlet.processRequest(FrameworkServlet.java:1014) ~[spring-webmvc-6.1.1.jar!/:6.1.1]
	at org.springframework.web.servlet.FrameworkServlet.doPost(FrameworkServlet.java:914) ~[spring-webmvc-6.1.1.jar!/:6.1.1]
	at jakarta.servlet.http.HttpServlet.service(HttpServlet.java:590) ~[tomcat-embed-core-10.1.16.jar!/:na]
	at org.springframework.web.servlet.FrameworkServlet.service(FrameworkServlet.java:885) ~[spring-webmvc-6.1.1.jar!/:6.1.1]
	at jakarta.servlet.http.HttpServlet.service(HttpServlet.java:658) ~[tomcat-embed-core-10.1.16.jar!/:na]
	at org.apache.catalina.core.ApplicationFilterChain.internalDoFilter(ApplicationFilterChain.java:205) ~[tomcat-embed-core-10.1.16.jar!/:na]
	at org.apache.catalina.core.ApplicationFilterChain.doFilter(ApplicationFilterChain.java:149) ~[tomcat-embed-core-10.1.16.jar!/:na]
	at org.apache.tomcat.websocket.server.WsFilter.doFilter(WsFilter.java:51) ~[tomcat-embed-websocket-10.1.16.jar!/:na]
	at org.apache.catalina.core.ApplicationFilterChain.internalDoFilter(ApplicationFilterChain.java:174) ~[tomcat-embed-core-10.1.16.jar!/:na]
	at org.apache.catalina.core.ApplicationFilterChain.doFilter(ApplicationFilterChain.java:149) ~[tomcat-embed-core-10.1.16.jar!/:na]
	at org.springframework.web.filter.RequestContextFilter.doFilterInternal(RequestContextFilter.java:100) ~[spring-web-6.1.1.jar!/:6.1.1]
	at org.springframework.web.filter.OncePerRequestFilter.doFilter(OncePerRequestFilter.java:116) ~[spring-web-6.1.1.jar!/:6.1.1]
	at org.apache.catalina.core.ApplicationFilterChain.internalDoFilter(ApplicationFilterChain.java:174) ~[tomcat-embed-core-10.1.16.jar!/:na]
	at org.apache.catalina.core.ApplicationFilterChain.doFilter(ApplicationFilterChain.java:149) ~[tomcat-embed-core-10.1.16.jar!/:na]
	at org.springframework.web.filter.FormContentFilter.doFilterInternal(FormContentFilter.java:93) ~[spring-web-6.1.1.jar!/:6.1.1]
	at org.springframework.web.filter.OncePerRequestFilter.doFilter(OncePerRequestFilter.java:116) ~[spring-web-6.1.1.jar!/:6.1.1]
	at org.apache.catalina.core.ApplicationFilterChain.internalDoFilter(ApplicationFilterChain.java:174) ~[tomcat-embed-core-10.1.16.jar!/:na]
	at org.apache.catalina.core.ApplicationFilterChain.doFilter(ApplicationFilterChain.java:149) ~[tomcat-embed-core-10.1.16.jar!/:na]
	at org.springframework.web.filter.ServerHttpObservationFilter.doFilterInternal(ServerHttpObservationFilter.java:109) ~[spring-web-6.1.1.jar!/:6.1.1]
	at org.springframework.web.filter.OncePerRequestFilter.doFilter(OncePerRequestFilter.java:116) ~[spring-web-6.1.1.jar!/:6.1.1]
	at org.apache.catalina.core.ApplicationFilterChain.internalDoFilter(ApplicationFilterChain.java:174) ~[tomcat-embed-core-10.1.16.jar!/:na]
	at org.apache.catalina.core.ApplicationFilterChain.doFilter(ApplicationFilterChain.java:149) ~[tomcat-embed-core-10.1.16.jar!/:na]
	at org.springframework.web.filter.CharacterEncodingFilter.doFilterInternal(CharacterEncodingFilter.java:201) ~[spring-web-6.1.1.jar!/:6.1.1]
	at org.springframework.web.filter.OncePerRequestFilter.doFilter(OncePerRequestFilter.java:116) ~[spring-web-6.1.1.jar!/:6.1.1]
	at org.apache.catalina.core.ApplicationFilterChain.internalDoFilter(ApplicationFilterChain.java:174) ~[tomcat-embed-core-10.1.16.jar!/:na]
	at org.apache.catalina.core.ApplicationFilterChain.doFilter(ApplicationFilterChain.java:149) ~[tomcat-embed-core-10.1.16.jar!/:na]
	at org.apache.catalina.core.StandardWrapperValve.invoke(StandardWrapperValve.java:167) ~[tomcat-embed-core-10.1.16.jar!/:na]
	at org.apache.catalina.core.StandardContextValve.invoke(StandardContextValve.java:90) ~[tomcat-embed-core-10.1.16.jar!/:na]
	at org.apache.catalina.authenticator.AuthenticatorBase.invoke(AuthenticatorBase.java:482) ~[tomcat-embed-core-10.1.16.jar!/:na]
	at org.apache.catalina.core.StandardHostValve.invoke(StandardHostValve.java:115) ~[tomcat-embed-core-10.1.16.jar!/:na]
	at org.apache.catalina.valves.ErrorReportValve.invoke(ErrorReportValve.java:93) ~[tomcat-embed-core-10.1.16.jar!/:na]
	at org.apache.catalina.core.StandardEngineValve.invoke(StandardEngineValve.java:74) ~[tomcat-embed-core-10.1.16.jar!/:na]
	at org.apache.catalina.connector.CoyoteAdapter.service(CoyoteAdapter.java:340) ~[tomcat-embed-core-10.1.16.jar!/:na]
	at org.apache.coyote.http11.Http11Processor.service(Http11Processor.java:391) ~[tomcat-embed-core-10.1.16.jar!/:na]
	at org.apache.coyote.AbstractProcessorLight.process(AbstractProcessorLight.java:63) ~[tomcat-embed-core-10.1.16.jar!/:na]
	at org.apache.coyote.AbstractProtocol$ConnectionHandler.process(AbstractProtocol.java:896) ~[tomcat-embed-core-10.1.16.jar!/:na]
	at org.apache.tomcat.util.net.NioEndpoint$SocketProcessor.doRun(NioEndpoint.java:1744) ~[tomcat-embed-core-10.1.16.jar!/:na]
	at org.apache.tomcat.util.net.SocketProcessorBase.run(SocketProcessorBase.java:52) ~[tomcat-embed-core-10.1.16.jar!/:na]
	at org.apache.tomcat.util.threads.ThreadPoolExecutor.runWorker(ThreadPoolExecutor.java:1191) ~[tomcat-embed-core-10.1.16.jar!/:na]
	at org.apache.tomcat.util.threads.ThreadPoolExecutor$Worker.run(ThreadPoolExecutor.java:659) ~[tomcat-embed-core-10.1.16.jar!/:na]
	at org.apache.tomcat.util.threads.TaskThread$WrappingRunnable.run(TaskThread.java:61) ~[tomcat-embed-core-10.1.16.jar!/:na]
	at java.base/java.lang.Thread.run(Thread.java:840) ~[na:na]

Hibernate: select ars1_0.shlt_id,ars1_0.ctpv_nm,ars1_0.daddr,ars1_0.fclt_nm,ars1_0.lat,ars1_0.lot,ars1_0.mng_dept_nm,ars1_0.sgg_nm from airstrike ars1_0 where ars1_0.shlt_id=?
Hibernate: insert into airstrike (ctpv_nm,daddr,fclt_nm,lat,lot,mng_dept_nm,sgg_nm,shlt_id) values (?,?,?,?,?,?,?,?)
2026-08-31T19:16:05.317+09:00  WARN 3319 --- [nio-8080-exec-8] o.h.engine.jdbc.spi.SqlExceptionHelper   : SQL Error: 1366, SQLState: HY000
2026-08-31T19:16:05.317+09:00 ERROR 3319 --- [nio-8080-exec-8] o.h.engine.jdbc.spi.SqlExceptionHelper   : Incorrect integer value: 'USER_125116bc-184d-40d6-a361-67b81a685fde' for column 'shlt_id' at row 1
2026-08-31T19:16:05.320+09:00 ERROR 3319 --- [nio-8080-exec-8] o.a.c.c.C.[.[.[/].[dispatcherServlet]    : Servlet.service() for servlet [dispatcherServlet] in context with path [] threw exception [Request processing failed: org.springframework.orm.jpa.JpaSystemException: could not execute statement [Incorrect integer value: 'USER_125116bc-184d-40d6-a361-67b81a685fde' for column 'shlt_id' at row 1] [insert into airstrike (ctpv_nm,daddr,fclt_nm,lat,lot,mng_dept_nm,sgg_nm,shlt_id) values (?,?,?,?,?,?,?,?)]] with root cause

java.sql.SQLException: Incorrect integer value: 'USER_125116bc-184d-40d6-a361-67b81a685fde' for column 'shlt_id' at row 1
	at com.mysql.cj.jdbc.exceptions.SQLError.createSQLException(SQLError.java:130) ~[mysql-connector-j-8.1.0.jar!/:8.1.0]
	at com.mysql.cj.jdbc.exceptions.SQLExceptionsMapping.translateException(SQLExceptionsMapping.java:122) ~[mysql-connector-j-8.1.0.jar!/:8.1.0]
	at com.mysql.cj.jdbc.ClientPreparedStatement.executeInternal(ClientPreparedStatement.java:916) ~[mysql-connector-j-8.1.0.jar!/:8.1.0]
	at com.mysql.cj.jdbc.ClientPreparedStatement.executeUpdateInternal(ClientPreparedStatement.java:1061) ~[mysql-connector-j-8.1.0.jar!/:8.1.0]
	at com.mysql.cj.jdbc.ClientPreparedStatement.executeUpdateInternal(ClientPreparedStatement.java:1009) ~[mysql-connector-j-8.1.0.jar!/:8.1.0]
	at com.mysql.cj.jdbc.ClientPreparedStatement.executeLargeUpdate(ClientPreparedStatement.java:1320) ~[mysql-connector-j-8.1.0.jar!/:8.1.0]
	at com.mysql.cj.jdbc.ClientPreparedStatement.executeUpdate(ClientPreparedStatement.java:994) ~[mysql-connector-j-8.1.0.jar!/:8.1.0]
	at com.zaxxer.hikari.pool.ProxyPreparedStatement.executeUpdate(ProxyPreparedStatement.java:61) ~[HikariCP-5.0.1.jar!/:na]
	at com.zaxxer.hikari.pool.HikariProxyPreparedStatement.executeUpdate(HikariProxyPreparedStatement.java) ~[HikariCP-5.0.1.jar!/:na]
	at org.hibernate.engine.jdbc.internal.ResultSetReturnImpl.executeUpdate(ResultSetReturnImpl.java:280) ~[hibernate-core-6.3.1.Final.jar!/:6.3.1.Final]
	at org.hibernate.engine.jdbc.mutation.internal.AbstractMutationExecutor.performNonBatchedMutation(AbstractMutationExecutor.java:107) ~[hibernate-core-6.3.1.Final.jar!/:6.3.1.Final]
	at org.hibernate.engine.jdbc.mutation.internal.MutationExecutorSingleNonBatched.performNonBatchedOperations(MutationExecutorSingleNonBatched.java:40) ~[hibernate-core-6.3.1.Final.jar!/:6.3.1.Final]
	at org.hibernate.engine.jdbc.mutation.internal.AbstractMutationExecutor.execute(AbstractMutationExecutor.java:52) ~[hibernate-core-6.3.1.Final.jar!/:6.3.1.Final]
	at org.hibernate.persister.entity.mutation.InsertCoordinator.doStaticInserts(InsertCoordinator.java:171) ~[hibernate-core-6.3.1.Final.jar!/:6.3.1.Final]
	at org.hibernate.persister.entity.mutation.InsertCoordinator.coordinateInsert(InsertCoordinator.java:112) ~[hibernate-core-6.3.1.Final.jar!/:6.3.1.Final]
	at org.hibernate.persister.entity.AbstractEntityPersister.insert(AbstractEntityPersister.java:2865) ~[hibernate-core-6.3.1.Final.jar!/:6.3.1.Final]
	at org.hibernate.action.internal.EntityInsertAction.execute(EntityInsertAction.java:102) ~[hibernate-core-6.3.1.Final.jar!/:6.3.1.Final]
	at org.hibernate.engine.spi.ActionQueue.executeActions(ActionQueue.java:631) ~[hibernate-core-6.3.1.Final.jar!/:6.3.1.Final]
	at org.hibernate.engine.spi.ActionQueue.executeActions(ActionQueue.java:498) ~[hibernate-core-6.3.1.Final.jar!/:6.3.1.Final]
	at org.hibernate.event.internal.AbstractFlushingEventListener.performExecutions(AbstractFlushingEventListener.java:363) ~[hibernate-core-6.3.1.Final.jar!/:6.3.1.Final]
	at org.hibernate.event.internal.DefaultFlushEventListener.onFlush(DefaultFlushEventListener.java:39) ~[hibernate-core-6.3.1.Final.jar!/:6.3.1.Final]
	at org.hibernate.event.service.internal.EventListenerGroupImpl.fireEventOnEachListener(EventListenerGroupImpl.java:127) ~[hibernate-core-6.3.1.Final.jar!/:6.3.1.Final]
	at org.hibernate.internal.SessionImpl.doFlush(SessionImpl.java:1415) ~[hibernate-core-6.3.1.Final.jar!/:6.3.1.Final]
	at org.hibernate.internal.SessionImpl.managedFlush(SessionImpl.java:496) ~[hibernate-core-6.3.1.Final.jar!/:6.3.1.Final]
	at org.hibernate.internal.SessionImpl.flushBeforeTransactionCompletion(SessionImpl.java:2325) ~[hibernate-core-6.3.1.Final.jar!/:6.3.1.Final]
	at org.hibernate.internal.SessionImpl.beforeTransactionCompletion(SessionImpl.java:1988) ~[hibernate-core-6.3.1.Final.jar!/:6.3.1.Final]
	at org.hibernate.engine.jdbc.internal.JdbcCoordinatorImpl.beforeTransactionCompletion(JdbcCoordinatorImpl.java:439) ~[hibernate-core-6.3.1.Final.jar!/:6.3.1.Final]
	at org.hibernate.resource.transaction.backend.jdbc.internal.JdbcResourceLocalTransactionCoordinatorImpl.beforeCompletionCallback(JdbcResourceLocalTransactionCoordinatorImpl.java:169) ~[hibernate-core-6.3.1.Final.jar!/:6.3.1.Final]
	at org.hibernate.resource.transaction.backend.jdbc.internal.JdbcResourceLocalTransactionCoordinatorImpl$TransactionDriverControlImpl.commit(JdbcResourceLocalTransactionCoordinatorImpl.java:267) ~[hibernate-core-6.3.1.Final.jar!/:6.3.1.Final]
	at org.hibernate.engine.transaction.internal.TransactionImpl.commit(TransactionImpl.java:101) ~[hibernate-core-6.3.1.Final.jar!/:6.3.1.Final]
	at org.springframework.orm.jpa.JpaTransactionManager.doCommit(JpaTransactionManager.java:561) ~[spring-orm-6.1.1.jar!/:6.1.1]
	at org.springframework.transaction.support.AbstractPlatformTransactionManager.processCommit(AbstractPlatformTransactionManager.java:794) ~[spring-tx-6.1.1.jar!/:6.1.1]
	at org.springframework.transaction.support.AbstractPlatformTransactionManager.commit(AbstractPlatformTransactionManager.java:757) ~[spring-tx-6.1.1.jar!/:6.1.1]
	at org.springframework.transaction.interceptor.TransactionAspectSupport.commitTransactionAfterReturning(TransactionAspectSupport.java:669) ~[spring-tx-6.1.1.jar!/:6.1.1]
	at org.springframework.transaction.interceptor.TransactionAspectSupport.invokeWithinTransaction(TransactionAspectSupport.java:419) ~[spring-tx-6.1.1.jar!/:6.1.1]
	at org.springframework.transaction.interceptor.TransactionInterceptor.invoke(TransactionInterceptor.java:119) ~[spring-tx-6.1.1.jar!/:6.1.1]
	at org.springframework.aop.framework.ReflectiveMethodInvocation.proceed(ReflectiveMethodInvocation.java:184) ~[spring-aop-6.1.1.jar!/:6.1.1]
	at org.springframework.aop.framework.CglibAopProxy$CglibMethodInvocation.proceed(CglibAopProxy.java:765) ~[spring-aop-6.1.1.jar!/:6.1.1]
	at org.springframework.aop.framework.CglibAopProxy$DynamicAdvisedInterceptor.intercept(CglibAopProxy.java:717) ~[spring-aop-6.1.1.jar!/:6.1.1]
	at com.example.demo.service.AirRaidShelterService$$SpringCGLIB$$0.save(<generated>) ~[!/:0.0.1-SNAPSHOT]
	at com.example.demo.controller.AirRaidShelterController.writeAirRaidShelter(AirRaidShelterController.java:54) ~[!/:0.0.1-SNAPSHOT]
	at java.base/jdk.internal.reflect.NativeMethodAccessorImpl.invoke0(Native Method) ~[na:na]
	at java.base/jdk.internal.reflect.NativeMethodAccessorImpl.invoke(NativeMethodAccessorImpl.java:77) ~[na:na]
	at java.base/jdk.internal.reflect.DelegatingMethodAccessorImpl.invoke(DelegatingMethodAccessorImpl.java:43) ~[na:na]
	at java.base/java.lang.reflect.Method.invoke(Method.java:569) ~[na:na]
	at org.springframework.web.method.support.InvocableHandlerMethod.doInvoke(InvocableHandlerMethod.java:254) ~[spring-web-6.1.1.jar!/:6.1.1]
	at org.springframework.web.method.support.InvocableHandlerMethod.invokeForRequest(InvocableHandlerMethod.java:182) ~[spring-web-6.1.1.jar!/:6.1.1]
	at org.springframework.web.servlet.mvc.method.annotation.ServletInvocableHandlerMethod.invokeAndHandle(ServletInvocableHandlerMethod.java:118) ~[spring-webmvc-6.1.1.jar!/:6.1.1]
	at org.springframework.web.servlet.mvc.method.annotation.RequestMappingHandlerAdapter.invokeHandlerMethod(RequestMappingHandlerAdapter.java:917) ~[spring-webmvc-6.1.1.jar!/:6.1.1]
	at org.springframework.web.servlet.mvc.method.annotation.RequestMappingHandlerAdapter.handleInternal(RequestMappingHandlerAdapter.java:829) ~[spring-webmvc-6.1.1.jar!/:6.1.1]
	at org.springframework.web.servlet.mvc.method.AbstractHandlerMethodAdapter.handle(AbstractHandlerMethodAdapter.java:87) ~[spring-webmvc-6.1.1.jar!/:6.1.1]
	at org.springframework.web.servlet.DispatcherServlet.doDispatch(DispatcherServlet.java:1089) ~[spring-webmvc-6.1.1.jar!/:6.1.1]
	at org.springframework.web.servlet.DispatcherServlet.doService(DispatcherServlet.java:979) ~[spring-webmvc-6.1.1.jar!/:6.1.1]
	at org.springframework.web.servlet.FrameworkServlet.processRequest(FrameworkServlet.java:1014) ~[spring-webmvc-6.1.1.jar!/:6.1.1]
	at org.springframework.web.servlet.FrameworkServlet.doPost(FrameworkServlet.java:914) ~[spring-webmvc-6.1.1.jar!/:6.1.1]
	at jakarta.servlet.http.HttpServlet.service(HttpServlet.java:590) ~[tomcat-embed-core-10.1.16.jar!/:na]
	at org.springframework.web.servlet.FrameworkServlet.service(FrameworkServlet.java:885) ~[spring-webmvc-6.1.1.jar!/:6.1.1]
	at jakarta.servlet.http.HttpServlet.service(HttpServlet.java:658) ~[tomcat-embed-core-10.1.16.jar!/:na]
	at org.apache.catalina.core.ApplicationFilterChain.internalDoFilter(ApplicationFilterChain.java:205) ~[tomcat-embed-core-10.1.16.jar!/:na]
	at org.apache.catalina.core.ApplicationFilterChain.doFilter(ApplicationFilterChain.java:149) ~[tomcat-embed-core-10.1.16.jar!/:na]
	at org.apache.tomcat.websocket.server.WsFilter.doFilter(WsFilter.java:51) ~[tomcat-embed-websocket-10.1.16.jar!/:na]
	at org.apache.catalina.core.ApplicationFilterChain.internalDoFilter(ApplicationFilterChain.java:174) ~[tomcat-embed-core-10.1.16.jar!/:na]
	at org.apache.catalina.core.ApplicationFilterChain.doFilter(ApplicationFilterChain.java:149) ~[tomcat-embed-core-10.1.16.jar!/:na]
	at org.springframework.web.filter.RequestContextFilter.doFilterInternal(RequestContextFilter.java:100) ~[spring-web-6.1.1.jar!/:6.1.1]
	at org.springframework.web.filter.OncePerRequestFilter.doFilter(OncePerRequestFilter.java:116) ~[spring-web-6.1.1.jar!/:6.1.1]
	at org.apache.catalina.core.ApplicationFilterChain.internalDoFilter(ApplicationFilterChain.java:174) ~[tomcat-embed-core-10.1.16.jar!/:na]
	at org.apache.catalina.core.ApplicationFilterChain.doFilter(ApplicationFilterChain.java:149) ~[tomcat-embed-core-10.1.16.jar!/:na]
	at org.springframework.web.filter.FormContentFilter.doFilterInternal(FormContentFilter.java:93) ~[spring-web-6.1.1.jar!/:6.1.1]
	at org.springframework.web.filter.OncePerRequestFilter.doFilter(OncePerRequestFilter.java:116) ~[spring-web-6.1.1.jar!/:6.1.1]
	at org.apache.catalina.core.ApplicationFilterChain.internalDoFilter(ApplicationFilterChain.java:174) ~[tomcat-embed-core-10.1.16.jar!/:na]
	at org.apache.catalina.core.ApplicationFilterChain.doFilter(ApplicationFilterChain.java:149) ~[tomcat-embed-core-10.1.16.jar!/:na]
	at org.springframework.web.filter.ServerHttpObservationFilter.doFilterInternal(ServerHttpObservationFilter.java:109) ~[spring-web-6.1.1.jar!/:6.1.1]
	at org.springframework.web.filter.OncePerRequestFilter.doFilter(OncePerRequestFilter.java:116) ~[spring-web-6.1.1.jar!/:6.1.1]
	at org.apache.catalina.core.ApplicationFilterChain.internalDoFilter(ApplicationFilterChain.java:174) ~[tomcat-embed-core-10.1.16.jar!/:na]
	at org.apache.catalina.core.ApplicationFilterChain.doFilter(ApplicationFilterChain.java:149) ~[tomcat-embed-core-10.1.16.jar!/:na]
	at org.springframework.web.filter.CharacterEncodingFilter.doFilterInternal(CharacterEncodingFilter.java:201) ~[spring-web-6.1.1.jar!/:6.1.1]
	at org.springframework.web.filter.OncePerRequestFilter.doFilter(OncePerRequestFilter.java:116) ~[spring-web-6.1.1.jar!/:6.1.1]
	at org.apache.catalina.core.ApplicationFilterChain.internalDoFilter(ApplicationFilterChain.java:174) ~[tomcat-embed-core-10.1.16.jar!/:na]
	at org.apache.catalina.core.ApplicationFilterChain.doFilter(ApplicationFilterChain.java:149) ~[tomcat-embed-core-10.1.16.jar!/:na]
	at org.apache.catalina.core.StandardWrapperValve.invoke(StandardWrapperValve.java:167) ~[tomcat-embed-core-10.1.16.jar!/:na]
	at org.apache.catalina.core.StandardContextValve.invoke(StandardContextValve.java:90) ~[tomcat-embed-core-10.1.16.jar!/:na]
	at org.apache.catalina.authenticator.AuthenticatorBase.invoke(AuthenticatorBase.java:482) ~[tomcat-embed-core-10.1.16.jar!/:na]
	at org.apache.catalina.core.StandardHostValve.invoke(StandardHostValve.java:115) ~[tomcat-embed-core-10.1.16.jar!/:na]
	at org.apache.catalina.valves.ErrorReportValve.invoke(ErrorReportValve.java:93) ~[tomcat-embed-core-10.1.16.jar!/:na]
	at org.apache.catalina.core.StandardEngineValve.invoke(StandardEngineValve.java:74) ~[tomcat-embed-core-10.1.16.jar!/:na]
	at org.apache.catalina.connector.CoyoteAdapter.service(CoyoteAdapter.java:340) ~[tomcat-embed-core-10.1.16.jar!/:na]
	at org.apache.coyote.http11.Http11Processor.service(Http11Processor.java:391) ~[tomcat-embed-core-10.1.16.jar!/:na]
	at org.apache.coyote.AbstractProcessorLight.process(AbstractProcessorLight.java:63) ~[tomcat-embed-core-10.1.16.jar!/:na]
	at org.apache.coyote.AbstractProtocol$ConnectionHandler.process(AbstractProtocol.java:896) ~[tomcat-embed-core-10.1.16.jar!/:na]
	at org.apache.tomcat.util.net.NioEndpoint$SocketProcessor.doRun(NioEndpoint.java:1744) ~[tomcat-embed-core-10.1.16.jar!/:na]
	at org.apache.tomcat.util.net.SocketProcessorBase.run(SocketProcessorBase.java:52) ~[tomcat-embed-core-10.1.16.jar!/:na]
	at org.apache.tomcat.util.threads.ThreadPoolExecutor.runWorker(ThreadPoolExecutor.java:1191) ~[tomcat-embed-core-10.1.16.jar!/:na]
	at org.apache.tomcat.util.threads.ThreadPoolExecutor$Worker.run(ThreadPoolExecutor.java:659) ~[tomcat-embed-core-10.1.16.jar!/:na]
	at org.apache.tomcat.util.threads.TaskThread$WrappingRunnable.run(TaskThread.java:61) ~[tomcat-embed-core-10.1.16.jar!/:na]
	at java.base/java.lang.Thread.run(Thread.java:840) ~[na:na]

Hibernate: select es1_0.shlt_id,es1_0.ctpv_nm,es1_0.daddr,es1_0.fclt_nm,es1_0.lat,es1_0.lot,es1_0.mng_dept_nm,es1_0.sgg_nm from earthquake es1_0 limit ?,?
Hibernate: select count(es1_0.shlt_id) from earthquake es1_0
Hibernate: select es1_0.shlt_id,es1_0.ctpv_nm,es1_0.daddr,es1_0.fclt_nm,es1_0.lat,es1_0.lot,es1_0.mng_dept_nm,es1_0.sgg_nm from earthquake es1_0 where es1_0.shlt_id=?
Hibernate: insert into earthquake (ctpv_nm,daddr,fclt_nm,lat,lot,mng_dept_nm,sgg_nm,shlt_id) values (?,?,?,?,?,?,?,?)
2026-08-31T19:16:19.991+09:00  WARN 3319 --- [nio-8080-exec-6] o.h.engine.jdbc.spi.SqlExceptionHelper   : SQL Error: 1366, SQLState: HY000
2026-08-31T19:16:19.991+09:00 ERROR 3319 --- [nio-8080-exec-6] o.h.engine.jdbc.spi.SqlExceptionHelper   : Incorrect decimal value: '' for column 'lat' at row 1
2026-08-31T19:16:19.993+09:00 ERROR 3319 --- [nio-8080-exec-6] o.a.c.c.C.[.[.[/].[dispatcherServlet]    : Servlet.service() for servlet [dispatcherServlet] in context with path [] threw exception [Request processing failed: org.springframework.orm.jpa.JpaSystemException: could not execute statement [Incorrect decimal value: '' for column 'lat' at row 1] [insert into earthquake (ctpv_nm,daddr,fclt_nm,lat,lot,mng_dept_nm,sgg_nm,shlt_id) values (?,?,?,?,?,?,?,?)]] with root cause

java.sql.SQLException: Incorrect decimal value: '' for column 'lat' at row 1
	at com.mysql.cj.jdbc.exceptions.SQLError.createSQLException(SQLError.java:130) ~[mysql-connector-j-8.1.0.jar!/:8.1.0]
	at com.mysql.cj.jdbc.exceptions.SQLExceptionsMapping.translateException(SQLExceptionsMapping.java:122) ~[mysql-connector-j-8.1.0.jar!/:8.1.0]
	at com.mysql.cj.jdbc.ClientPreparedStatement.executeInternal(ClientPreparedStatement.java:916) ~[mysql-connector-j-8.1.0.jar!/:8.1.0]
	at com.mysql.cj.jdbc.ClientPreparedStatement.executeUpdateInternal(ClientPreparedStatement.java:1061) ~[mysql-connector-j-8.1.0.jar!/:8.1.0]
	at com.mysql.cj.jdbc.ClientPreparedStatement.executeUpdateInternal(ClientPreparedStatement.java:1009) ~[mysql-connector-j-8.1.0.jar!/:8.1.0]
	at com.mysql.cj.jdbc.ClientPreparedStatement.executeLargeUpdate(ClientPreparedStatement.java:1320) ~[mysql-connector-j-8.1.0.jar!/:8.1.0]
	at com.mysql.cj.jdbc.ClientPreparedStatement.executeUpdate(ClientPreparedStatement.java:994) ~[mysql-connector-j-8.1.0.jar!/:8.1.0]
	at com.zaxxer.hikari.pool.ProxyPreparedStatement.executeUpdate(ProxyPreparedStatement.java:61) ~[HikariCP-5.0.1.jar!/:na]
	at com.zaxxer.hikari.pool.HikariProxyPreparedStatement.executeUpdate(HikariProxyPreparedStatement.java) ~[HikariCP-5.0.1.jar!/:na]
	at org.hibernate.engine.jdbc.internal.ResultSetReturnImpl.executeUpdate(ResultSetReturnImpl.java:280) ~[hibernate-core-6.3.1.Final.jar!/:6.3.1.Final]
	at org.hibernate.engine.jdbc.mutation.internal.AbstractMutationExecutor.performNonBatchedMutation(AbstractMutationExecutor.java:107) ~[hibernate-core-6.3.1.Final.jar!/:6.3.1.Final]
	at org.hibernate.engine.jdbc.mutation.internal.MutationExecutorSingleNonBatched.performNonBatchedOperations(MutationExecutorSingleNonBatched.java:40) ~[hibernate-core-6.3.1.Final.jar!/:6.3.1.Final]
	at org.hibernate.engine.jdbc.mutation.internal.AbstractMutationExecutor.execute(AbstractMutationExecutor.java:52) ~[hibernate-core-6.3.1.Final.jar!/:6.3.1.Final]
	at org.hibernate.persister.entity.mutation.InsertCoordinator.doStaticInserts(InsertCoordinator.java:171) ~[hibernate-core-6.3.1.Final.jar!/:6.3.1.Final]
	at org.hibernate.persister.entity.mutation.InsertCoordinator.coordinateInsert(InsertCoordinator.java:112) ~[hibernate-core-6.3.1.Final.jar!/:6.3.1.Final]
	at org.hibernate.persister.entity.AbstractEntityPersister.insert(AbstractEntityPersister.java:2865) ~[hibernate-core-6.3.1.Final.jar!/:6.3.1.Final]
	at org.hibernate.action.internal.EntityInsertAction.execute(EntityInsertAction.java:102) ~[hibernate-core-6.3.1.Final.jar!/:6.3.1.Final]
	at org.hibernate.engine.spi.ActionQueue.executeActions(ActionQueue.java:631) ~[hibernate-core-6.3.1.Final.jar!/:6.3.1.Final]
	at org.hibernate.engine.spi.ActionQueue.executeActions(ActionQueue.java:498) ~[hibernate-core-6.3.1.Final.jar!/:6.3.1.Final]
	at org.hibernate.event.internal.AbstractFlushingEventListener.performExecutions(AbstractFlushingEventListener.java:363) ~[hibernate-core-6.3.1.Final.jar!/:6.3.1.Final]
	at org.hibernate.event.internal.DefaultFlushEventListener.onFlush(DefaultFlushEventListener.java:39) ~[hibernate-core-6.3.1.Final.jar!/:6.3.1.Final]
	at org.hibernate.event.service.internal.EventListenerGroupImpl.fireEventOnEachListener(EventListenerGroupImpl.java:127) ~[hibernate-core-6.3.1.Final.jar!/:6.3.1.Final]
	at org.hibernate.internal.SessionImpl.doFlush(SessionImpl.java:1415) ~[hibernate-core-6.3.1.Final.jar!/:6.3.1.Final]
	at org.hibernate.internal.SessionImpl.managedFlush(SessionImpl.java:496) ~[hibernate-core-6.3.1.Final.jar!/:6.3.1.Final]
	at org.hibernate.internal.SessionImpl.flushBeforeTransactionCompletion(SessionImpl.java:2325) ~[hibernate-core-6.3.1.Final.jar!/:6.3.1.Final]
	at org.hibernate.internal.SessionImpl.beforeTransactionCompletion(SessionImpl.java:1988) ~[hibernate-core-6.3.1.Final.jar!/:6.3.1.Final]
	at org.hibernate.engine.jdbc.internal.JdbcCoordinatorImpl.beforeTransactionCompletion(JdbcCoordinatorImpl.java:439) ~[hibernate-core-6.3.1.Final.jar!/:6.3.1.Final]
	at org.hibernate.resource.transaction.backend.jdbc.internal.JdbcResourceLocalTransactionCoordinatorImpl.beforeCompletionCallback(JdbcResourceLocalTransactionCoordinatorImpl.java:169) ~[hibernate-core-6.3.1.Final.jar!/:6.3.1.Final]
	at org.hibernate.resource.transaction.backend.jdbc.internal.JdbcResourceLocalTransactionCoordinatorImpl$TransactionDriverControlImpl.commit(JdbcResourceLocalTransactionCoordinatorImpl.java:267) ~[hibernate-core-6.3.1.Final.jar!/:6.3.1.Final]
	at org.hibernate.engine.transaction.internal.TransactionImpl.commit(TransactionImpl.java:101) ~[hibernate-core-6.3.1.Final.jar!/:6.3.1.Final]
	at org.springframework.orm.jpa.JpaTransactionManager.doCommit(JpaTransactionManager.java:561) ~[spring-orm-6.1.1.jar!/:6.1.1]
	at org.springframework.transaction.support.AbstractPlatformTransactionManager.processCommit(AbstractPlatformTransactionManager.java:794) ~[spring-tx-6.1.1.jar!/:6.1.1]
	at org.springframework.transaction.support.AbstractPlatformTransactionManager.commit(AbstractPlatformTransactionManager.java:757) ~[spring-tx-6.1.1.jar!/:6.1.1]
	at org.springframework.transaction.interceptor.TransactionAspectSupport.commitTransactionAfterReturning(TransactionAspectSupport.java:669) ~[spring-tx-6.1.1.jar!/:6.1.1]
	at org.springframework.transaction.interceptor.TransactionAspectSupport.invokeWithinTransaction(TransactionAspectSupport.java:419) ~[spring-tx-6.1.1.jar!/:6.1.1]
	at org.springframework.transaction.interceptor.TransactionInterceptor.invoke(TransactionInterceptor.java:119) ~[spring-tx-6.1.1.jar!/:6.1.1]
	at org.springframework.aop.framework.ReflectiveMethodInvocation.proceed(ReflectiveMethodInvocation.java:184) ~[spring-aop-6.1.1.jar!/:6.1.1]
	at org.springframework.aop.framework.CglibAopProxy$CglibMethodInvocation.proceed(CglibAopProxy.java:765) ~[spring-aop-6.1.1.jar!/:6.1.1]
	at org.springframework.aop.framework.CglibAopProxy$DynamicAdvisedInterceptor.intercept(CglibAopProxy.java:717) ~[spring-aop-6.1.1.jar!/:6.1.1]
	at com.example.demo.service.EarthquakeShelterService$$SpringCGLIB$$0.save(<generated>) ~[!/:0.0.1-SNAPSHOT]
	at com.example.demo.controller.EarthquakeShelterController.writeEarthquakeShelter(EarthquakeShelterController.java:56) ~[!/:0.0.1-SNAPSHOT]
	at java.base/jdk.internal.reflect.NativeMethodAccessorImpl.invoke0(Native Method) ~[na:na]
	at java.base/jdk.internal.reflect.NativeMethodAccessorImpl.invoke(NativeMethodAccessorImpl.java:77) ~[na:na]
	at java.base/jdk.internal.reflect.DelegatingMethodAccessorImpl.invoke(DelegatingMethodAccessorImpl.java:43) ~[na:na]
	at java.base/java.lang.reflect.Method.invoke(Method.java:569) ~[na:na]
	at org.springframework.web.method.support.InvocableHandlerMethod.doInvoke(InvocableHandlerMethod.java:254) ~[spring-web-6.1.1.jar!/:6.1.1]
	at org.springframework.web.method.support.InvocableHandlerMethod.invokeForRequest(InvocableHandlerMethod.java:182) ~[spring-web-6.1.1.jar!/:6.1.1]
	at org.springframework.web.servlet.mvc.method.annotation.ServletInvocableHandlerMethod.invokeAndHandle(ServletInvocableHandlerMethod.java:118) ~[spring-webmvc-6.1.1.jar!/:6.1.1]
	at org.springframework.web.servlet.mvc.method.annotation.RequestMappingHandlerAdapter.invokeHandlerMethod(RequestMappingHandlerAdapter.java:917) ~[spring-webmvc-6.1.1.jar!/:6.1.1]
	at org.springframework.web.servlet.mvc.method.annotation.RequestMappingHandlerAdapter.handleInternal(RequestMappingHandlerAdapter.java:829) ~[spring-webmvc-6.1.1.jar!/:6.1.1]
	at org.springframework.web.servlet.mvc.method.AbstractHandlerMethodAdapter.handle(AbstractHandlerMethodAdapter.java:87) ~[spring-webmvc-6.1.1.jar!/:6.1.1]
	at org.springframework.web.servlet.DispatcherServlet.doDispatch(DispatcherServlet.java:1089) ~[spring-webmvc-6.1.1.jar!/:6.1.1]
	at org.springframework.web.servlet.DispatcherServlet.doService(DispatcherServlet.java:979) ~[spring-webmvc-6.1.1.jar!/:6.1.1]
	at org.springframework.web.servlet.FrameworkServlet.processRequest(FrameworkServlet.java:1014) ~[spring-webmvc-6.1.1.jar!/:6.1.1]
	at org.springframework.web.servlet.FrameworkServlet.doPost(FrameworkServlet.java:914) ~[spring-webmvc-6.1.1.jar!/:6.1.1]
	at jakarta.servlet.http.HttpServlet.service(HttpServlet.java:590) ~[tomcat-embed-core-10.1.16.jar!/:na]
	at org.springframework.web.servlet.FrameworkServlet.service(FrameworkServlet.java:885) ~[spring-webmvc-6.1.1.jar!/:6.1.1]
	at jakarta.servlet.http.HttpServlet.service(HttpServlet.java:658) ~[tomcat-embed-core-10.1.16.jar!/:na]
	at org.apache.catalina.core.ApplicationFilterChain.internalDoFilter(ApplicationFilterChain.java:205) ~[tomcat-embed-core-10.1.16.jar!/:na]
	at org.apache.catalina.core.ApplicationFilterChain.doFilter(ApplicationFilterChain.java:149) ~[tomcat-embed-core-10.1.16.jar!/:na]
	at org.apache.tomcat.websocket.server.WsFilter.doFilter(WsFilter.java:51) ~[tomcat-embed-websocket-10.1.16.jar!/:na]
	at org.apache.catalina.core.ApplicationFilterChain.internalDoFilter(ApplicationFilterChain.java:174) ~[tomcat-embed-core-10.1.16.jar!/:na]
	at org.apache.catalina.core.ApplicationFilterChain.doFilter(ApplicationFilterChain.java:149) ~[tomcat-embed-core-10.1.16.jar!/:na]
	at org.springframework.web.filter.RequestContextFilter.doFilterInternal(RequestContextFilter.java:100) ~[spring-web-6.1.1.jar!/:6.1.1]
	at org.springframework.web.filter.OncePerRequestFilter.doFilter(OncePerRequestFilter.java:116) ~[spring-web-6.1.1.jar!/:6.1.1]
	at org.apache.catalina.core.ApplicationFilterChain.internalDoFilter(ApplicationFilterChain.java:174) ~[tomcat-embed-core-10.1.16.jar!/:na]
	at org.apache.catalina.core.ApplicationFilterChain.doFilter(ApplicationFilterChain.java:149) ~[tomcat-embed-core-10.1.16.jar!/:na]
	at org.springframework.web.filter.FormContentFilter.doFilterInternal(FormContentFilter.java:93) ~[spring-web-6.1.1.jar!/:6.1.1]
	at org.springframework.web.filter.OncePerRequestFilter.doFilter(OncePerRequestFilter.java:116) ~[spring-web-6.1.1.jar!/:6.1.1]
	at org.apache.catalina.core.ApplicationFilterChain.internalDoFilter(ApplicationFilterChain.java:174) ~[tomcat-embed-core-10.1.16.jar!/:na]
	at org.apache.catalina.core.ApplicationFilterChain.doFilter(ApplicationFilterChain.java:149) ~[tomcat-embed-core-10.1.16.jar!/:na]
	at org.springframework.web.filter.ServerHttpObservationFilter.doFilterInternal(ServerHttpObservationFilter.java:109) ~[spring-web-6.1.1.jar!/:6.1.1]
	at org.springframework.web.filter.OncePerRequestFilter.doFilter(OncePerRequestFilter.java:116) ~[spring-web-6.1.1.jar!/:6.1.1]
	at org.apache.catalina.core.ApplicationFilterChain.internalDoFilter(ApplicationFilterChain.java:174) ~[tomcat-embed-core-10.1.16.jar!/:na]
	at org.apache.catalina.core.ApplicationFilterChain.doFilter(ApplicationFilterChain.java:149) ~[tomcat-embed-core-10.1.16.jar!/:na]
	at org.springframework.web.filter.CharacterEncodingFilter.doFilterInternal(CharacterEncodingFilter.java:201) ~[spring-web-6.1.1.jar!/:6.1.1]
	at org.springframework.web.filter.OncePerRequestFilter.doFilter(OncePerRequestFilter.java:116) ~[spring-web-6.1.1.jar!/:6.1.1]
	at org.apache.catalina.core.ApplicationFilterChain.internalDoFilter(ApplicationFilterChain.java:174) ~[tomcat-embed-core-10.1.16.jar!/:na]
	at org.apache.catalina.core.ApplicationFilterChain.doFilter(ApplicationFilterChain.java:149) ~[tomcat-embed-core-10.1.16.jar!/:na]
	at org.apache.catalina.core.StandardWrapperValve.invoke(StandardWrapperValve.java:167) ~[tomcat-embed-core-10.1.16.jar!/:na]
	at org.apache.catalina.core.StandardContextValve.invoke(StandardContextValve.java:90) ~[tomcat-embed-core-10.1.16.jar!/:na]
	at org.apache.catalina.authenticator.AuthenticatorBase.invoke(AuthenticatorBase.java:482) ~[tomcat-embed-core-10.1.16.jar!/:na]
	at org.apache.catalina.core.StandardHostValve.invoke(StandardHostValve.java:115) ~[tomcat-embed-core-10.1.16.jar!/:na]
	at org.apache.catalina.valves.ErrorReportValve.invoke(ErrorReportValve.java:93) ~[tomcat-embed-core-10.1.16.jar!/:na]
	at org.apache.catalina.core.StandardEngineValve.invoke(StandardEngineValve.java:74) ~[tomcat-embed-core-10.1.16.jar!/:na]
	at org.apache.catalina.connector.CoyoteAdapter.service(CoyoteAdapter.java:340) ~[tomcat-embed-core-10.1.16.jar!/:na]
	at org.apache.coyote.http11.Http11Processor.service(Http11Processor.java:391) ~[tomcat-embed-core-10.1.16.jar!/:na]
	at org.apache.coyote.AbstractProcessorLight.process(AbstractProcessorLight.java:63) ~[tomcat-embed-core-10.1.16.jar!/:na]
	at org.apache.coyote.AbstractProtocol$ConnectionHandler.process(AbstractProtocol.java:896) ~[tomcat-embed-core-10.1.16.jar!/:na]
	at org.apache.tomcat.util.net.NioEndpoint$SocketProcessor.doRun(NioEndpoint.java:1744) ~[tomcat-embed-core-10.1.16.jar!/:na]
	at org.apache.tomcat.util.net.SocketProcessorBase.run(SocketProcessorBase.java:52) ~[tomcat-embed-core-10.1.16.jar!/:na]
	at org.apache.tomcat.util.threads.ThreadPoolExecutor.runWorker(ThreadPoolExecutor.java:1191) ~[tomcat-embed-core-10.1.16.jar!/:na]
	at org.apache.tomcat.util.threads.ThreadPoolExecutor$Worker.run(ThreadPoolExecutor.java:659) ~[tomcat-embed-core-10.1.16.jar!/:na]
	at org.apache.tomcat.util.threads.TaskThread$WrappingRunnable.run(TaskThread.java:61) ~[tomcat-embed-core-10.1.16.jar!/:na]
	at java.base/java.lang.Thread.run(Thread.java:840) ~[na:na]

Hibernate: select fs1_0.shlt_id,fs1_0.ctpv_nm,fs1_0.daddr,fs1_0.fclt_nm,fs1_0.lat,fs1_0.lot,fs1_0.mng_dept_nm,fs1_0.sgg_nm from flood fs1_0 limit ?,?
Hibernate: select count(fs1_0.shlt_id) from flood fs1_0
Hibernate: select fs1_0.shlt_id,fs1_0.ctpv_nm,fs1_0.daddr,fs1_0.fclt_nm,fs1_0.lat,fs1_0.lot,fs1_0.mng_dept_nm,fs1_0.sgg_nm from flood fs1_0 where fs1_0.shlt_id=?
Hibernate: insert into flood (ctpv_nm,daddr,fclt_nm,lat,lot,mng_dept_nm,sgg_nm,shlt_id) values (?,?,?,?,?,?,?,?)
Hibernate: select fs1_0.shlt_id,fs1_0.ctpv_nm,fs1_0.daddr,fs1_0.fclt_nm,fs1_0.lat,fs1_0.lot,fs1_0.mng_dept_nm,fs1_0.sgg_nm from flood fs1_0 limit ?,?
Hibernate: select count(fs1_0.shlt_id) from flood fs1_0
Hibernate: select fs1_0.shlt_id,fs1_0.ctpv_nm,fs1_0.daddr,fs1_0.fclt_nm,fs1_0.lat,fs1_0.lot,fs1_0.mng_dept_nm,fs1_0.sgg_nm from flood fs1_0 where fs1_0.fclt_nm like ? escape '\\' or fs1_0.daddr like ? escape '\\' limit ?,?
Hibernate: select fs1_0.shlt_id,fs1_0.ctpv_nm,fs1_0.daddr,fs1_0.fclt_nm,fs1_0.lat,fs1_0.lot,fs1_0.mng_dept_nm,fs1_0.sgg_nm from flood fs1_0 where fs1_0.shlt_id=?
Hibernate: delete from flood where shlt_id=?
Hibernate: select fs1_0.shlt_id,fs1_0.ctpv_nm,fs1_0.daddr,fs1_0.fclt_nm,fs1_0.lat,fs1_0.lot,fs1_0.mng_dept_nm,fs1_0.sgg_nm from flood fs1_0 where fs1_0.fclt_nm like ? escape '\\' or fs1_0.daddr like ? escape '\\' limit ?,?
Hibernate: select fs1_0.shlt_id,fs1_0.ctpv_nm,fs1_0.daddr,fs1_0.fclt_nm,fs1_0.lat,fs1_0.lot,fs1_0.mng_dept_nm,fs1_0.sgg_nm from flood fs1_0 limit ?,?
Hibernate: select count(fs1_0.shlt_id) from flood fs1_0
Hibernate: select fs1_0.shlt_id,fs1_0.ctpv_nm,fs1_0.daddr,fs1_0.fclt_nm,fs1_0.lat,fs1_0.lot,fs1_0.mng_dept_nm,fs1_0.sgg_nm from flood fs1_0 where fs1_0.shlt_id=?
Hibernate: insert into flood (ctpv_nm,daddr,fclt_nm,lat,lot,mng_dept_nm,sgg_nm,shlt_id) values (?,?,?,?,?,?,?,?)
Hibernate: select fs1_0.shlt_id,fs1_0.ctpv_nm,fs1_0.daddr,fs1_0.fclt_nm,fs1_0.lat,fs1_0.lot,fs1_0.mng_dept_nm,fs1_0.sgg_nm from flood fs1_0 limit ?,?
Hibernate: select count(fs1_0.shlt_id) from flood fs1_0
Hibernate: select fs1_0.shlt_id,fs1_0.ctpv_nm,fs1_0.daddr,fs1_0.fclt_nm,fs1_0.lat,fs1_0.lot,fs1_0.mng_dept_nm,fs1_0.sgg_nm from flood fs1_0 where fs1_0.fclt_nm like ? escape '\\' or fs1_0.daddr like ? escape '\\' limit ?,?
Hibernate: select fs1_0.shlt_id,fs1_0.ctpv_nm,fs1_0.daddr,fs1_0.fclt_nm,fs1_0.lat,fs1_0.lot,fs1_0.mng_dept_nm,fs1_0.sgg_nm from flood fs1_0 where fs1_0.shlt_id=?
Hibernate: delete from flood where shlt_id=?
Hibernate: select fs1_0.shlt_id,fs1_0.ctpv_nm,fs1_0.daddr,fs1_0.fclt_nm,fs1_0.lat,fs1_0.lot,fs1_0.mng_dept_nm,fs1_0.sgg_nm from flood fs1_0 where fs1_0.fclt_nm like ? escape '\\' or fs1_0.daddr like ? escape '\\' limit ?,?
Hibernate: select fs1_0.shlt_id,fs1_0.ctpv_nm,fs1_0.daddr,fs1_0.fclt_nm,fs1_0.lat,fs1_0.lot,fs1_0.mng_dept_nm,fs1_0.sgg_nm from flood fs1_0 where fs1_0.shlt_id=?
Hibernate: delete from flood where shlt_id=?
Hibernate: select fs1_0.shlt_id,fs1_0.ctpv_nm,fs1_0.daddr,fs1_0.fclt_nm,fs1_0.lat,fs1_0.lot,fs1_0.mng_dept_nm,fs1_0.sgg_nm from flood fs1_0 where fs1_0.fclt_nm like ? escape '\\' or fs1_0.daddr like ? escape '\\' limit ?,?
Hibernate: select fs1_0.shlt_id,fs1_0.ctpv_nm,fs1_0.daddr,fs1_0.fclt_nm,fs1_0.lat,fs1_0.lot,fs1_0.mng_dept_nm,fs1_0.sgg_nm from flood fs1_0 where fs1_0.fclt_nm like ? escape '\\' or fs1_0.daddr like ? escape '\\' limit ?,?
Hibernate: select fs1_0.shlt_id,fs1_0.ctpv_nm,fs1_0.daddr,fs1_0.fclt_nm,fs1_0.lat,fs1_0.lot,fs1_0.mng_dept_nm,fs1_0.sgg_nm from flood fs1_0 where fs1_0.fclt_nm like ? escape '\\' or fs1_0.daddr like ? escape '\\' limit ?,?
Hibernate: select ars1_0.shlt_id,ars1_0.ctpv_nm,ars1_0.daddr,ars1_0.fclt_nm,ars1_0.lat,ars1_0.lot,ars1_0.mng_dept_nm,ars1_0.sgg_nm from airstrike ars1_0 limit ?,?
Hibernate: select count(ars1_0.shlt_id) from airstrike ars1_0
Hibernate: select ars1_0.shlt_id,ars1_0.ctpv_nm,ars1_0.daddr,ars1_0.fclt_nm,ars1_0.lat,ars1_0.lot,ars1_0.mng_dept_nm,ars1_0.sgg_nm from airstrike ars1_0 where ars1_0.shlt_id=?
Hibernate: insert into airstrike (ctpv_nm,daddr,fclt_nm,lat,lot,mng_dept_nm,sgg_nm,shlt_id) values (?,?,?,?,?,?,?,?)
2026-08-31T19:25:32.390+09:00  WARN 3319 --- [nio-8080-exec-2] o.h.engine.jdbc.spi.SqlExceptionHelper   : SQL Error: 1366, SQLState: HY000
2026-08-31T19:25:32.390+09:00 ERROR 3319 --- [nio-8080-exec-2] o.h.engine.jdbc.spi.SqlExceptionHelper   : Incorrect integer value: 'USER_ca8aa350-301e-499b-a191-97c4e021c004' for column 'shlt_id' at row 1
2026-08-31T19:25:32.392+09:00 ERROR 3319 --- [nio-8080-exec-2] o.a.c.c.C.[.[.[/].[dispatcherServlet]    : Servlet.service() for servlet [dispatcherServlet] in context with path [] threw exception [Request processing failed: org.springframework.orm.jpa.JpaSystemException: could not execute statement [Incorrect integer value: 'USER_ca8aa350-301e-499b-a191-97c4e021c004' for column 'shlt_id' at row 1] [insert into airstrike (ctpv_nm,daddr,fclt_nm,lat,lot,mng_dept_nm,sgg_nm,shlt_id) values (?,?,?,?,?,?,?,?)]] with root cause

java.sql.SQLException: Incorrect integer value: 'USER_ca8aa350-301e-499b-a191-97c4e021c004' for column 'shlt_id' at row 1
	at com.mysql.cj.jdbc.exceptions.SQLError.createSQLException(SQLError.java:130) ~[mysql-connector-j-8.1.0.jar!/:8.1.0]
	at com.mysql.cj.jdbc.exceptions.SQLExceptionsMapping.translateException(SQLExceptionsMapping.java:122) ~[mysql-connector-j-8.1.0.jar!/:8.1.0]
	at com.mysql.cj.jdbc.ClientPreparedStatement.executeInternal(ClientPreparedStatement.java:916) ~[mysql-connector-j-8.1.0.jar!/:8.1.0]
	at com.mysql.cj.jdbc.ClientPreparedStatement.executeUpdateInternal(ClientPreparedStatement.java:1061) ~[mysql-connector-j-8.1.0.jar!/:8.1.0]
	at com.mysql.cj.jdbc.ClientPreparedStatement.executeUpdateInternal(ClientPreparedStatement.java:1009) ~[mysql-connector-j-8.1.0.jar!/:8.1.0]
	at com.mysql.cj.jdbc.ClientPreparedStatement.executeLargeUpdate(ClientPreparedStatement.java:1320) ~[mysql-connector-j-8.1.0.jar!/:8.1.0]
	at com.mysql.cj.jdbc.ClientPreparedStatement.executeUpdate(ClientPreparedStatement.java:994) ~[mysql-connector-j-8.1.0.jar!/:8.1.0]
	at com.zaxxer.hikari.pool.ProxyPreparedStatement.executeUpdate(ProxyPreparedStatement.java:61) ~[HikariCP-5.0.1.jar!/:na]
	at com.zaxxer.hikari.pool.HikariProxyPreparedStatement.executeUpdate(HikariProxyPreparedStatement.java) ~[HikariCP-5.0.1.jar!/:na]
	at org.hibernate.engine.jdbc.internal.ResultSetReturnImpl.executeUpdate(ResultSetReturnImpl.java:280) ~[hibernate-core-6.3.1.Final.jar!/:6.3.1.Final]
	at org.hibernate.engine.jdbc.mutation.internal.AbstractMutationExecutor.performNonBatchedMutation(AbstractMutationExecutor.java:107) ~[hibernate-core-6.3.1.Final.jar!/:6.3.1.Final]
	at org.hibernate.engine.jdbc.mutation.internal.MutationExecutorSingleNonBatched.performNonBatchedOperations(MutationExecutorSingleNonBatched.java:40) ~[hibernate-core-6.3.1.Final.jar!/:6.3.1.Final]
	at org.hibernate.engine.jdbc.mutation.internal.AbstractMutationExecutor.execute(AbstractMutationExecutor.java:52) ~[hibernate-core-6.3.1.Final.jar!/:6.3.1.Final]
	at org.hibernate.persister.entity.mutation.InsertCoordinator.doStaticInserts(InsertCoordinator.java:171) ~[hibernate-core-6.3.1.Final.jar!/:6.3.1.Final]
	at org.hibernate.persister.entity.mutation.InsertCoordinator.coordinateInsert(InsertCoordinator.java:112) ~[hibernate-core-6.3.1.Final.jar!/:6.3.1.Final]
	at org.hibernate.persister.entity.AbstractEntityPersister.insert(AbstractEntityPersister.java:2865) ~[hibernate-core-6.3.1.Final.jar!/:6.3.1.Final]
	at org.hibernate.action.internal.EntityInsertAction.execute(EntityInsertAction.java:102) ~[hibernate-core-6.3.1.Final.jar!/:6.3.1.Final]
	at org.hibernate.engine.spi.ActionQueue.executeActions(ActionQueue.java:631) ~[hibernate-core-6.3.1.Final.jar!/:6.3.1.Final]
	at org.hibernate.engine.spi.ActionQueue.executeActions(ActionQueue.java:498) ~[hibernate-core-6.3.1.Final.jar!/:6.3.1.Final]
	at org.hibernate.event.internal.AbstractFlushingEventListener.performExecutions(AbstractFlushingEventListener.java:363) ~[hibernate-core-6.3.1.Final.jar!/:6.3.1.Final]
	at org.hibernate.event.internal.DefaultFlushEventListener.onFlush(DefaultFlushEventListener.java:39) ~[hibernate-core-6.3.1.Final.jar!/:6.3.1.Final]
	at org.hibernate.event.service.internal.EventListenerGroupImpl.fireEventOnEachListener(EventListenerGroupImpl.java:127) ~[hibernate-core-6.3.1.Final.jar!/:6.3.1.Final]
	at org.hibernate.internal.SessionImpl.doFlush(SessionImpl.java:1415) ~[hibernate-core-6.3.1.Final.jar!/:6.3.1.Final]
	at org.hibernate.internal.SessionImpl.managedFlush(SessionImpl.java:496) ~[hibernate-core-6.3.1.Final.jar!/:6.3.1.Final]
	at org.hibernate.internal.SessionImpl.flushBeforeTransactionCompletion(SessionImpl.java:2325) ~[hibernate-core-6.3.1.Final.jar!/:6.3.1.Final]
	at org.hibernate.internal.SessionImpl.beforeTransactionCompletion(SessionImpl.java:1988) ~[hibernate-core-6.3.1.Final.jar!/:6.3.1.Final]
	at org.hibernate.engine.jdbc.internal.JdbcCoordinatorImpl.beforeTransactionCompletion(JdbcCoordinatorImpl.java:439) ~[hibernate-core-6.3.1.Final.jar!/:6.3.1.Final]
	at org.hibernate.resource.transaction.backend.jdbc.internal.JdbcResourceLocalTransactionCoordinatorImpl.beforeCompletionCallback(JdbcResourceLocalTransactionCoordinatorImpl.java:169) ~[hibernate-core-6.3.1.Final.jar!/:6.3.1.Final]
	at org.hibernate.resource.transaction.backend.jdbc.internal.JdbcResourceLocalTransactionCoordinatorImpl$TransactionDriverControlImpl.commit(JdbcResourceLocalTransactionCoordinatorImpl.java:267) ~[hibernate-core-6.3.1.Final.jar!/:6.3.1.Final]
	at org.hibernate.engine.transaction.internal.TransactionImpl.commit(TransactionImpl.java:101) ~[hibernate-core-6.3.1.Final.jar!/:6.3.1.Final]
	at org.springframework.orm.jpa.JpaTransactionManager.doCommit(JpaTransactionManager.java:561) ~[spring-orm-6.1.1.jar!/:6.1.1]
	at org.springframework.transaction.support.AbstractPlatformTransactionManager.processCommit(AbstractPlatformTransactionManager.java:794) ~[spring-tx-6.1.1.jar!/:6.1.1]
	at org.springframework.transaction.support.AbstractPlatformTransactionManager.commit(AbstractPlatformTransactionManager.java:757) ~[spring-tx-6.1.1.jar!/:6.1.1]
	at org.springframework.transaction.interceptor.TransactionAspectSupport.commitTransactionAfterReturning(TransactionAspectSupport.java:669) ~[spring-tx-6.1.1.jar!/:6.1.1]
	at org.springframework.transaction.interceptor.TransactionAspectSupport.invokeWithinTransaction(TransactionAspectSupport.java:419) ~[spring-tx-6.1.1.jar!/:6.1.1]
	at org.springframework.transaction.interceptor.TransactionInterceptor.invoke(TransactionInterceptor.java:119) ~[spring-tx-6.1.1.jar!/:6.1.1]
	at org.springframework.aop.framework.ReflectiveMethodInvocation.proceed(ReflectiveMethodInvocation.java:184) ~[spring-aop-6.1.1.jar!/:6.1.1]
	at org.springframework.aop.framework.CglibAopProxy$CglibMethodInvocation.proceed(CglibAopProxy.java:765) ~[spring-aop-6.1.1.jar!/:6.1.1]
	at org.springframework.aop.framework.CglibAopProxy$DynamicAdvisedInterceptor.intercept(CglibAopProxy.java:717) ~[spring-aop-6.1.1.jar!/:6.1.1]
	at com.example.demo.service.AirRaidShelterService$$SpringCGLIB$$0.save(<generated>) ~[!/:0.0.1-SNAPSHOT]
	at com.example.demo.controller.AirRaidShelterController.writeAirRaidShelter(AirRaidShelterController.java:54) ~[!/:0.0.1-SNAPSHOT]
	at java.base/jdk.internal.reflect.NativeMethodAccessorImpl.invoke0(Native Method) ~[na:na]
	at java.base/jdk.internal.reflect.NativeMethodAccessorImpl.invoke(NativeMethodAccessorImpl.java:77) ~[na:na]
	at java.base/jdk.internal.reflect.DelegatingMethodAccessorImpl.invoke(DelegatingMethodAccessorImpl.java:43) ~[na:na]
	at java.base/java.lang.reflect.Method.invoke(Method.java:569) ~[na:na]
	at org.springframework.web.method.support.InvocableHandlerMethod.doInvoke(InvocableHandlerMethod.java:254) ~[spring-web-6.1.1.jar!/:6.1.1]
	at org.springframework.web.method.support.InvocableHandlerMethod.invokeForRequest(InvocableHandlerMethod.java:182) ~[spring-web-6.1.1.jar!/:6.1.1]
	at org.springframework.web.servlet.mvc.method.annotation.ServletInvocableHandlerMethod.invokeAndHandle(ServletInvocableHandlerMethod.java:118) ~[spring-webmvc-6.1.1.jar!/:6.1.1]
	at org.springframework.web.servlet.mvc.method.annotation.RequestMappingHandlerAdapter.invokeHandlerMethod(RequestMappingHandlerAdapter.java:917) ~[spring-webmvc-6.1.1.jar!/:6.1.1]
	at org.springframework.web.servlet.mvc.method.annotation.RequestMappingHandlerAdapter.handleInternal(RequestMappingHandlerAdapter.java:829) ~[spring-webmvc-6.1.1.jar!/:6.1.1]
	at org.springframework.web.servlet.mvc.method.AbstractHandlerMethodAdapter.handle(AbstractHandlerMethodAdapter.java:87) ~[spring-webmvc-6.1.1.jar!/:6.1.1]
	at org.springframework.web.servlet.DispatcherServlet.doDispatch(DispatcherServlet.java:1089) ~[spring-webmvc-6.1.1.jar!/:6.1.1]
	at org.springframework.web.servlet.DispatcherServlet.doService(DispatcherServlet.java:979) ~[spring-webmvc-6.1.1.jar!/:6.1.1]
	at org.springframework.web.servlet.FrameworkServlet.processRequest(FrameworkServlet.java:1014) ~[spring-webmvc-6.1.1.jar!/:6.1.1]
	at org.springframework.web.servlet.FrameworkServlet.doPost(FrameworkServlet.java:914) ~[spring-webmvc-6.1.1.jar!/:6.1.1]
	at jakarta.servlet.http.HttpServlet.service(HttpServlet.java:590) ~[tomcat-embed-core-10.1.16.jar!/:na]
	at org.springframework.web.servlet.FrameworkServlet.service(FrameworkServlet.java:885) ~[spring-webmvc-6.1.1.jar!/:6.1.1]
	at jakarta.servlet.http.HttpServlet.service(HttpServlet.java:658) ~[tomcat-embed-core-10.1.16.jar!/:na]
	at org.apache.catalina.core.ApplicationFilterChain.internalDoFilter(ApplicationFilterChain.java:205) ~[tomcat-embed-core-10.1.16.jar!/:na]
	at org.apache.catalina.core.ApplicationFilterChain.doFilter(ApplicationFilterChain.java:149) ~[tomcat-embed-core-10.1.16.jar!/:na]
	at org.apache.tomcat.websocket.server.WsFilter.doFilter(WsFilter.java:51) ~[tomcat-embed-websocket-10.1.16.jar!/:na]
	at org.apache.catalina.core.ApplicationFilterChain.internalDoFilter(ApplicationFilterChain.java:174) ~[tomcat-embed-core-10.1.16.jar!/:na]
	at org.apache.catalina.core.ApplicationFilterChain.doFilter(ApplicationFilterChain.java:149) ~[tomcat-embed-core-10.1.16.jar!/:na]
	at org.springframework.web.filter.RequestContextFilter.doFilterInternal(RequestContextFilter.java:100) ~[spring-web-6.1.1.jar!/:6.1.1]
	at org.springframework.web.filter.OncePerRequestFilter.doFilter(OncePerRequestFilter.java:116) ~[spring-web-6.1.1.jar!/:6.1.1]
	at org.apache.catalina.core.ApplicationFilterChain.internalDoFilter(ApplicationFilterChain.java:174) ~[tomcat-embed-core-10.1.16.jar!/:na]
	at org.apache.catalina.core.ApplicationFilterChain.doFilter(ApplicationFilterChain.java:149) ~[tomcat-embed-core-10.1.16.jar!/:na]
	at org.springframework.web.filter.FormContentFilter.doFilterInternal(FormContentFilter.java:93) ~[spring-web-6.1.1.jar!/:6.1.1]
	at org.springframework.web.filter.OncePerRequestFilter.doFilter(OncePerRequestFilter.java:116) ~[spring-web-6.1.1.jar!/:6.1.1]
	at org.apache.catalina.core.ApplicationFilterChain.internalDoFilter(ApplicationFilterChain.java:174) ~[tomcat-embed-core-10.1.16.jar!/:na]
	at org.apache.catalina.core.ApplicationFilterChain.doFilter(ApplicationFilterChain.java:149) ~[tomcat-embed-core-10.1.16.jar!/:na]
	at org.springframework.web.filter.ServerHttpObservationFilter.doFilterInternal(ServerHttpObservationFilter.java:109) ~[spring-web-6.1.1.jar!/:6.1.1]
	at org.springframework.web.filter.OncePerRequestFilter.doFilter(OncePerRequestFilter.java:116) ~[spring-web-6.1.1.jar!/:6.1.1]
	at org.apache.catalina.core.ApplicationFilterChain.internalDoFilter(ApplicationFilterChain.java:174) ~[tomcat-embed-core-10.1.16.jar!/:na]
	at org.apache.catalina.core.ApplicationFilterChain.doFilter(ApplicationFilterChain.java:149) ~[tomcat-embed-core-10.1.16.jar!/:na]
	at org.springframework.web.filter.CharacterEncodingFilter.doFilterInternal(CharacterEncodingFilter.java:201) ~[spring-web-6.1.1.jar!/:6.1.1]
	at org.springframework.web.filter.OncePerRequestFilter.doFilter(OncePerRequestFilter.java:116) ~[spring-web-6.1.1.jar!/:6.1.1]
	at org.apache.catalina.core.ApplicationFilterChain.internalDoFilter(ApplicationFilterChain.java:174) ~[tomcat-embed-core-10.1.16.jar!/:na]
	at org.apache.catalina.core.ApplicationFilterChain.doFilter(ApplicationFilterChain.java:149) ~[tomcat-embed-core-10.1.16.jar!/:na]
	at org.apache.catalina.core.StandardWrapperValve.invoke(StandardWrapperValve.java:167) ~[tomcat-embed-core-10.1.16.jar!/:na]
	at org.apache.catalina.core.StandardContextValve.invoke(StandardContextValve.java:90) ~[tomcat-embed-core-10.1.16.jar!/:na]
	at org.apache.catalina.authenticator.AuthenticatorBase.invoke(AuthenticatorBase.java:482) ~[tomcat-embed-core-10.1.16.jar!/:na]
	at org.apache.catalina.core.StandardHostValve.invoke(StandardHostValve.java:115) ~[tomcat-embed-core-10.1.16.jar!/:na]
	at org.apache.catalina.valves.ErrorReportValve.invoke(ErrorReportValve.java:93) ~[tomcat-embed-core-10.1.16.jar!/:na]
	at org.apache.catalina.core.StandardEngineValve.invoke(StandardEngineValve.java:74) ~[tomcat-embed-core-10.1.16.jar!/:na]
	at org.apache.catalina.connector.CoyoteAdapter.service(CoyoteAdapter.java:340) ~[tomcat-embed-core-10.1.16.jar!/:na]
	at org.apache.coyote.http11.Http11Processor.service(Http11Processor.java:391) ~[tomcat-embed-core-10.1.16.jar!/:na]
	at org.apache.coyote.AbstractProcessorLight.process(AbstractProcessorLight.java:63) ~[tomcat-embed-core-10.1.16.jar!/:na]
	at org.apache.coyote.AbstractProtocol$ConnectionHandler.process(AbstractProtocol.java:896) ~[tomcat-embed-core-10.1.16.jar!/:na]
	at org.apache.tomcat.util.net.NioEndpoint$SocketProcessor.doRun(NioEndpoint.java:1744) ~[tomcat-embed-core-10.1.16.jar!/:na]
	at org.apache.tomcat.util.net.SocketProcessorBase.run(SocketProcessorBase.java:52) ~[tomcat-embed-core-10.1.16.jar!/:na]
	at org.apache.tomcat.util.threads.ThreadPoolExecutor.runWorker(ThreadPoolExecutor.java:1191) ~[tomcat-embed-core-10.1.16.jar!/:na]
	at org.apache.tomcat.util.threads.ThreadPoolExecutor$Worker.run(ThreadPoolExecutor.java:659) ~[tomcat-embed-core-10.1.16.jar!/:na]
	at org.apache.tomcat.util.threads.TaskThread$WrappingRunnable.run(TaskThread.java:61) ~[tomcat-embed-core-10.1.16.jar!/:na]
	at java.base/java.lang.Thread.run(Thread.java:840) ~[na:na]

Hibernate: select u1_0.id,u1_0.email,u1_0.password,u1_0.realname,u1_0.username from user u1_0 where u1_0.username=?
Hibernate: select ars1_0.shlt_id,ars1_0.ctpv_nm,ars1_0.daddr,ars1_0.fclt_nm,ars1_0.lat,ars1_0.lot,ars1_0.mng_dept_nm,ars1_0.sgg_nm from airstrike ars1_0 limit ?,?
Hibernate: select count(ars1_0.shlt_id) from airstrike ars1_0
Hibernate: select ars1_0.shlt_id,ars1_0.ctpv_nm,ars1_0.daddr,ars1_0.fclt_nm,ars1_0.lat,ars1_0.lot,ars1_0.mng_dept_nm,ars1_0.sgg_nm from airstrike ars1_0 where ars1_0.shlt_id=?
Hibernate: insert into airstrike (ctpv_nm,daddr,fclt_nm,lat,lot,mng_dept_nm,sgg_nm,shlt_id) values (?,?,?,?,?,?,?,?)
2026-08-31T19:27:51.522+09:00  WARN 3319 --- [nio-8080-exec-4] o.h.engine.jdbc.spi.SqlExceptionHelper   : SQL Error: 1366, SQLState: HY000
2026-08-31T19:27:51.523+09:00 ERROR 3319 --- [nio-8080-exec-4] o.h.engine.jdbc.spi.SqlExceptionHelper   : Incorrect integer value: 'USER_9ec79df4-2e40-44ab-b05e-36887cfcbc44' for column 'shlt_id' at row 1
2026-08-31T19:27:51.524+09:00 ERROR 3319 --- [nio-8080-exec-4] o.a.c.c.C.[.[.[/].[dispatcherServlet]    : Servlet.service() for servlet [dispatcherServlet] in context with path [] threw exception [Request processing failed: org.springframework.orm.jpa.JpaSystemException: could not execute statement [Incorrect integer value: 'USER_9ec79df4-2e40-44ab-b05e-36887cfcbc44' for column 'shlt_id' at row 1] [insert into airstrike (ctpv_nm,daddr,fclt_nm,lat,lot,mng_dept_nm,sgg_nm,shlt_id) values (?,?,?,?,?,?,?,?)]] with root cause

java.sql.SQLException: Incorrect integer value: 'USER_9ec79df4-2e40-44ab-b05e-36887cfcbc44' for column 'shlt_id' at row 1
	at com.mysql.cj.jdbc.exceptions.SQLError.createSQLException(SQLError.java:130) ~[mysql-connector-j-8.1.0.jar!/:8.1.0]
	at com.mysql.cj.jdbc.exceptions.SQLExceptionsMapping.translateException(SQLExceptionsMapping.java:122) ~[mysql-connector-j-8.1.0.jar!/:8.1.0]
	at com.mysql.cj.jdbc.ClientPreparedStatement.executeInternal(ClientPreparedStatement.java:916) ~[mysql-connector-j-8.1.0.jar!/:8.1.0]
	at com.mysql.cj.jdbc.ClientPreparedStatement.executeUpdateInternal(ClientPreparedStatement.java:1061) ~[mysql-connector-j-8.1.0.jar!/:8.1.0]
	at com.mysql.cj.jdbc.ClientPreparedStatement.executeUpdateInternal(ClientPreparedStatement.java:1009) ~[mysql-connector-j-8.1.0.jar!/:8.1.0]
	at com.mysql.cj.jdbc.ClientPreparedStatement.executeLargeUpdate(ClientPreparedStatement.java:1320) ~[mysql-connector-j-8.1.0.jar!/:8.1.0]
	at com.mysql.cj.jdbc.ClientPreparedStatement.executeUpdate(ClientPreparedStatement.java:994) ~[mysql-connector-j-8.1.0.jar!/:8.1.0]
	at com.zaxxer.hikari.pool.ProxyPreparedStatement.executeUpdate(ProxyPreparedStatement.java:61) ~[HikariCP-5.0.1.jar!/:na]
	at com.zaxxer.hikari.pool.HikariProxyPreparedStatement.executeUpdate(HikariProxyPreparedStatement.java) ~[HikariCP-5.0.1.jar!/:na]
	at org.hibernate.engine.jdbc.internal.ResultSetReturnImpl.executeUpdate(ResultSetReturnImpl.java:280) ~[hibernate-core-6.3.1.Final.jar!/:6.3.1.Final]
	at org.hibernate.engine.jdbc.mutation.internal.AbstractMutationExecutor.performNonBatchedMutation(AbstractMutationExecutor.java:107) ~[hibernate-core-6.3.1.Final.jar!/:6.3.1.Final]
	at org.hibernate.engine.jdbc.mutation.internal.MutationExecutorSingleNonBatched.performNonBatchedOperations(MutationExecutorSingleNonBatched.java:40) ~[hibernate-core-6.3.1.Final.jar!/:6.3.1.Final]
	at org.hibernate.engine.jdbc.mutation.internal.AbstractMutationExecutor.execute(AbstractMutationExecutor.java:52) ~[hibernate-core-6.3.1.Final.jar!/:6.3.1.Final]
	at org.hibernate.persister.entity.mutation.InsertCoordinator.doStaticInserts(InsertCoordinator.java:171) ~[hibernate-core-6.3.1.Final.jar!/:6.3.1.Final]
	at org.hibernate.persister.entity.mutation.InsertCoordinator.coordinateInsert(InsertCoordinator.java:112) ~[hibernate-core-6.3.1.Final.jar!/:6.3.1.Final]
	at org.hibernate.persister.entity.AbstractEntityPersister.insert(AbstractEntityPersister.java:2865) ~[hibernate-core-6.3.1.Final.jar!/:6.3.1.Final]
	at org.hibernate.action.internal.EntityInsertAction.execute(EntityInsertAction.java:102) ~[hibernate-core-6.3.1.Final.jar!/:6.3.1.Final]
	at org.hibernate.engine.spi.ActionQueue.executeActions(ActionQueue.java:631) ~[hibernate-core-6.3.1.Final.jar!/:6.3.1.Final]
	at org.hibernate.engine.spi.ActionQueue.executeActions(ActionQueue.java:498) ~[hibernate-core-6.3.1.Final.jar!/:6.3.1.Final]
	at org.hibernate.event.internal.AbstractFlushingEventListener.performExecutions(AbstractFlushingEventListener.java:363) ~[hibernate-core-6.3.1.Final.jar!/:6.3.1.Final]
	at org.hibernate.event.internal.DefaultFlushEventListener.onFlush(DefaultFlushEventListener.java:39) ~[hibernate-core-6.3.1.Final.jar!/:6.3.1.Final]
	at org.hibernate.event.service.internal.EventListenerGroupImpl.fireEventOnEachListener(EventListenerGroupImpl.java:127) ~[hibernate-core-6.3.1.Final.jar!/:6.3.1.Final]
	at org.hibernate.internal.SessionImpl.doFlush(SessionImpl.java:1415) ~[hibernate-core-6.3.1.Final.jar!/:6.3.1.Final]
	at org.hibernate.internal.SessionImpl.managedFlush(SessionImpl.java:496) ~[hibernate-core-6.3.1.Final.jar!/:6.3.1.Final]
	at org.hibernate.internal.SessionImpl.flushBeforeTransactionCompletion(SessionImpl.java:2325) ~[hibernate-core-6.3.1.Final.jar!/:6.3.1.Final]
	at org.hibernate.internal.SessionImpl.beforeTransactionCompletion(SessionImpl.java:1988) ~[hibernate-core-6.3.1.Final.jar!/:6.3.1.Final]
	at org.hibernate.engine.jdbc.internal.JdbcCoordinatorImpl.beforeTransactionCompletion(JdbcCoordinatorImpl.java:439) ~[hibernate-core-6.3.1.Final.jar!/:6.3.1.Final]
	at org.hibernate.resource.transaction.backend.jdbc.internal.JdbcResourceLocalTransactionCoordinatorImpl.beforeCompletionCallback(JdbcResourceLocalTransactionCoordinatorImpl.java:169) ~[hibernate-core-6.3.1.Final.jar!/:6.3.1.Final]
	at org.hibernate.resource.transaction.backend.jdbc.internal.JdbcResourceLocalTransactionCoordinatorImpl$TransactionDriverControlImpl.commit(JdbcResourceLocalTransactionCoordinatorImpl.java:267) ~[hibernate-core-6.3.1.Final.jar!/:6.3.1.Final]
	at org.hibernate.engine.transaction.internal.TransactionImpl.commit(TransactionImpl.java:101) ~[hibernate-core-6.3.1.Final.jar!/:6.3.1.Final]
	at org.springframework.orm.jpa.JpaTransactionManager.doCommit(JpaTransactionManager.java:561) ~[spring-orm-6.1.1.jar!/:6.1.1]
	at org.springframework.transaction.support.AbstractPlatformTransactionManager.processCommit(AbstractPlatformTransactionManager.java:794) ~[spring-tx-6.1.1.jar!/:6.1.1]
	at org.springframework.transaction.support.AbstractPlatformTransactionManager.commit(AbstractPlatformTransactionManager.java:757) ~[spring-tx-6.1.1.jar!/:6.1.1]
	at org.springframework.transaction.interceptor.TransactionAspectSupport.commitTransactionAfterReturning(TransactionAspectSupport.java:669) ~[spring-tx-6.1.1.jar!/:6.1.1]
	at org.springframework.transaction.interceptor.TransactionAspectSupport.invokeWithinTransaction(TransactionAspectSupport.java:419) ~[spring-tx-6.1.1.jar!/:6.1.1]
	at org.springframework.transaction.interceptor.TransactionInterceptor.invoke(TransactionInterceptor.java:119) ~[spring-tx-6.1.1.jar!/:6.1.1]
	at org.springframework.aop.framework.ReflectiveMethodInvocation.proceed(ReflectiveMethodInvocation.java:184) ~[spring-aop-6.1.1.jar!/:6.1.1]
	at org.springframework.aop.framework.CglibAopProxy$CglibMethodInvocation.proceed(CglibAopProxy.java:765) ~[spring-aop-6.1.1.jar!/:6.1.1]
	at org.springframework.aop.framework.CglibAopProxy$DynamicAdvisedInterceptor.intercept(CglibAopProxy.java:717) ~[spring-aop-6.1.1.jar!/:6.1.1]
	at com.example.demo.service.AirRaidShelterService$$SpringCGLIB$$0.save(<generated>) ~[!/:0.0.1-SNAPSHOT]
	at com.example.demo.controller.AirRaidShelterController.writeAirRaidShelter(AirRaidShelterController.java:54) ~[!/:0.0.1-SNAPSHOT]
	at java.base/jdk.internal.reflect.NativeMethodAccessorImpl.invoke0(Native Method) ~[na:na]
	at java.base/jdk.internal.reflect.NativeMethodAccessorImpl.invoke(NativeMethodAccessorImpl.java:77) ~[na:na]
	at java.base/jdk.internal.reflect.DelegatingMethodAccessorImpl.invoke(DelegatingMethodAccessorImpl.java:43) ~[na:na]
	at java.base/java.lang.reflect.Method.invoke(Method.java:569) ~[na:na]
	at org.springframework.web.method.support.InvocableHandlerMethod.doInvoke(InvocableHandlerMethod.java:254) ~[spring-web-6.1.1.jar!/:6.1.1]
	at org.springframework.web.method.support.InvocableHandlerMethod.invokeForRequest(InvocableHandlerMethod.java:182) ~[spring-web-6.1.1.jar!/:6.1.1]
	at org.springframework.web.servlet.mvc.method.annotation.ServletInvocableHandlerMethod.invokeAndHandle(ServletInvocableHandlerMethod.java:118) ~[spring-webmvc-6.1.1.jar!/:6.1.1]
	at org.springframework.web.servlet.mvc.method.annotation.RequestMappingHandlerAdapter.invokeHandlerMethod(RequestMappingHandlerAdapter.java:917) ~[spring-webmvc-6.1.1.jar!/:6.1.1]
	at org.springframework.web.servlet.mvc.method.annotation.RequestMappingHandlerAdapter.handleInternal(RequestMappingHandlerAdapter.java:829) ~[spring-webmvc-6.1.1.jar!/:6.1.1]
	at org.springframework.web.servlet.mvc.method.AbstractHandlerMethodAdapter.handle(AbstractHandlerMethodAdapter.java:87) ~[spring-webmvc-6.1.1.jar!/:6.1.1]
	at org.springframework.web.servlet.DispatcherServlet.doDispatch(DispatcherServlet.java:1089) ~[spring-webmvc-6.1.1.jar!/:6.1.1]
	at org.springframework.web.servlet.DispatcherServlet.doService(DispatcherServlet.java:979) ~[spring-webmvc-6.1.1.jar!/:6.1.1]
	at org.springframework.web.servlet.FrameworkServlet.processRequest(FrameworkServlet.java:1014) ~[spring-webmvc-6.1.1.jar!/:6.1.1]
	at org.springframework.web.servlet.FrameworkServlet.doPost(FrameworkServlet.java:914) ~[spring-webmvc-6.1.1.jar!/:6.1.1]
	at jakarta.servlet.http.HttpServlet.service(HttpServlet.java:590) ~[tomcat-embed-core-10.1.16.jar!/:na]
	at org.springframework.web.servlet.FrameworkServlet.service(FrameworkServlet.java:885) ~[spring-webmvc-6.1.1.jar!/:6.1.1]
	at jakarta.servlet.http.HttpServlet.service(HttpServlet.java:658) ~[tomcat-embed-core-10.1.16.jar!/:na]
	at org.apache.catalina.core.ApplicationFilterChain.internalDoFilter(ApplicationFilterChain.java:205) ~[tomcat-embed-core-10.1.16.jar!/:na]
	at org.apache.catalina.core.ApplicationFilterChain.doFilter(ApplicationFilterChain.java:149) ~[tomcat-embed-core-10.1.16.jar!/:na]
	at org.apache.tomcat.websocket.server.WsFilter.doFilter(WsFilter.java:51) ~[tomcat-embed-websocket-10.1.16.jar!/:na]
	at org.apache.catalina.core.ApplicationFilterChain.internalDoFilter(ApplicationFilterChain.java:174) ~[tomcat-embed-core-10.1.16.jar!/:na]
	at org.apache.catalina.core.ApplicationFilterChain.doFilter(ApplicationFilterChain.java:149) ~[tomcat-embed-core-10.1.16.jar!/:na]
	at org.springframework.web.filter.RequestContextFilter.doFilterInternal(RequestContextFilter.java:100) ~[spring-web-6.1.1.jar!/:6.1.1]
	at org.springframework.web.filter.OncePerRequestFilter.doFilter(OncePerRequestFilter.java:116) ~[spring-web-6.1.1.jar!/:6.1.1]
	at org.apache.catalina.core.ApplicationFilterChain.internalDoFilter(ApplicationFilterChain.java:174) ~[tomcat-embed-core-10.1.16.jar!/:na]
	at org.apache.catalina.core.ApplicationFilterChain.doFilter(ApplicationFilterChain.java:149) ~[tomcat-embed-core-10.1.16.jar!/:na]
	at org.springframework.web.filter.FormContentFilter.doFilterInternal(FormContentFilter.java:93) ~[spring-web-6.1.1.jar!/:6.1.1]
	at org.springframework.web.filter.OncePerRequestFilter.doFilter(OncePerRequestFilter.java:116) ~[spring-web-6.1.1.jar!/:6.1.1]
	at org.apache.catalina.core.ApplicationFilterChain.internalDoFilter(ApplicationFilterChain.java:174) ~[tomcat-embed-core-10.1.16.jar!/:na]
	at org.apache.catalina.core.ApplicationFilterChain.doFilter(ApplicationFilterChain.java:149) ~[tomcat-embed-core-10.1.16.jar!/:na]
	at org.springframework.web.filter.ServerHttpObservationFilter.doFilterInternal(ServerHttpObservationFilter.java:109) ~[spring-web-6.1.1.jar!/:6.1.1]
	at org.springframework.web.filter.OncePerRequestFilter.doFilter(OncePerRequestFilter.java:116) ~[spring-web-6.1.1.jar!/:6.1.1]
	at org.apache.catalina.core.ApplicationFilterChain.internalDoFilter(ApplicationFilterChain.java:174) ~[tomcat-embed-core-10.1.16.jar!/:na]
	at org.apache.catalina.core.ApplicationFilterChain.doFilter(ApplicationFilterChain.java:149) ~[tomcat-embed-core-10.1.16.jar!/:na]
	at org.springframework.web.filter.CharacterEncodingFilter.doFilterInternal(CharacterEncodingFilter.java:201) ~[spring-web-6.1.1.jar!/:6.1.1]
	at org.springframework.web.filter.OncePerRequestFilter.doFilter(OncePerRequestFilter.java:116) ~[spring-web-6.1.1.jar!/:6.1.1]
	at org.apache.catalina.core.ApplicationFilterChain.internalDoFilter(ApplicationFilterChain.java:174) ~[tomcat-embed-core-10.1.16.jar!/:na]
	at org.apache.catalina.core.ApplicationFilterChain.doFilter(ApplicationFilterChain.java:149) ~[tomcat-embed-core-10.1.16.jar!/:na]
	at org.apache.catalina.core.StandardWrapperValve.invoke(StandardWrapperValve.java:167) ~[tomcat-embed-core-10.1.16.jar!/:na]
	at org.apache.catalina.core.StandardContextValve.invoke(StandardContextValve.java:90) ~[tomcat-embed-core-10.1.16.jar!/:na]
	at org.apache.catalina.authenticator.AuthenticatorBase.invoke(AuthenticatorBase.java:482) ~[tomcat-embed-core-10.1.16.jar!/:na]
	at org.apache.catalina.core.StandardHostValve.invoke(StandardHostValve.java:115) ~[tomcat-embed-core-10.1.16.jar!/:na]
	at org.apache.catalina.valves.ErrorReportValve.invoke(ErrorReportValve.java:93) ~[tomcat-embed-core-10.1.16.jar!/:na]
	at org.apache.catalina.core.StandardEngineValve.invoke(StandardEngineValve.java:74) ~[tomcat-embed-core-10.1.16.jar!/:na]
	at org.apache.catalina.connector.CoyoteAdapter.service(CoyoteAdapter.java:340) ~[tomcat-embed-core-10.1.16.jar!/:na]
	at org.apache.coyote.http11.Http11Processor.service(Http11Processor.java:391) ~[tomcat-embed-core-10.1.16.jar!/:na]
	at org.apache.coyote.AbstractProcessorLight.process(AbstractProcessorLight.java:63) ~[tomcat-embed-core-10.1.16.jar!/:na]
	at org.apache.coyote.AbstractProtocol$ConnectionHandler.process(AbstractProtocol.java:896) ~[tomcat-embed-core-10.1.16.jar!/:na]
	at org.apache.tomcat.util.net.NioEndpoint$SocketProcessor.doRun(NioEndpoint.java:1744) ~[tomcat-embed-core-10.1.16.jar!/:na]
	at org.apache.tomcat.util.net.SocketProcessorBase.run(SocketProcessorBase.java:52) ~[tomcat-embed-core-10.1.16.jar!/:na]
	at org.apache.tomcat.util.threads.ThreadPoolExecutor.runWorker(ThreadPoolExecutor.java:1191) ~[tomcat-embed-core-10.1.16.jar!/:na]
	at org.apache.tomcat.util.threads.ThreadPoolExecutor$Worker.run(ThreadPoolExecutor.java:659) ~[tomcat-embed-core-10.1.16.jar!/:na]
	at org.apache.tomcat.util.threads.TaskThread$WrappingRunnable.run(TaskThread.java:61) ~[tomcat-embed-core-10.1.16.jar!/:na]
	at java.base/java.lang.Thread.run(Thread.java:840) ~[na:na]

Hibernate: select ars1_0.shlt_id,ars1_0.ctpv_nm,ars1_0.daddr,ars1_0.fclt_nm,ars1_0.lat,ars1_0.lot,ars1_0.mng_dept_nm,ars1_0.sgg_nm from airstrike ars1_0 where ars1_0.shlt_id=?
Hibernate: insert into airstrike (ctpv_nm,daddr,fclt_nm,lat,lot,mng_dept_nm,sgg_nm,shlt_id) values (?,?,?,?,?,?,?,?)
2026-08-31T19:28:37.423+09:00  WARN 3319 --- [io-8080-exec-10] o.h.engine.jdbc.spi.SqlExceptionHelper   : SQL Error: 1366, SQLState: HY000
2026-08-31T19:28:37.423+09:00 ERROR 3319 --- [io-8080-exec-10] o.h.engine.jdbc.spi.SqlExceptionHelper   : Incorrect integer value: 'USER_a7c41a19-b510-4273-a650-ff421a6f87c0' for column 'shlt_id' at row 1
2026-08-31T19:28:37.426+09:00 ERROR 3319 --- [io-8080-exec-10] o.a.c.c.C.[.[.[/].[dispatcherServlet]    : Servlet.service() for servlet [dispatcherServlet] in context with path [] threw exception [Request processing failed: org.springframework.orm.jpa.JpaSystemException: could not execute statement [Incorrect integer value: 'USER_a7c41a19-b510-4273-a650-ff421a6f87c0' for column 'shlt_id' at row 1] [insert into airstrike (ctpv_nm,daddr,fclt_nm,lat,lot,mng_dept_nm,sgg_nm,shlt_id) values (?,?,?,?,?,?,?,?)]] with root cause

java.sql.SQLException: Incorrect integer value: 'USER_a7c41a19-b510-4273-a650-ff421a6f87c0' for column 'shlt_id' at row 1
	at com.mysql.cj.jdbc.exceptions.SQLError.createSQLException(SQLError.java:130) ~[mysql-connector-j-8.1.0.jar!/:8.1.0]
	at com.mysql.cj.jdbc.exceptions.SQLExceptionsMapping.translateException(SQLExceptionsMapping.java:122) ~[mysql-connector-j-8.1.0.jar!/:8.1.0]
	at com.mysql.cj.jdbc.ClientPreparedStatement.executeInternal(ClientPreparedStatement.java:916) ~[mysql-connector-j-8.1.0.jar!/:8.1.0]
	at com.mysql.cj.jdbc.ClientPreparedStatement.executeUpdateInternal(ClientPreparedStatement.java:1061) ~[mysql-connector-j-8.1.0.jar!/:8.1.0]
	at com.mysql.cj.jdbc.ClientPreparedStatement.executeUpdateInternal(ClientPreparedStatement.java:1009) ~[mysql-connector-j-8.1.0.jar!/:8.1.0]
	at com.mysql.cj.jdbc.ClientPreparedStatement.executeLargeUpdate(ClientPreparedStatement.java:1320) ~[mysql-connector-j-8.1.0.jar!/:8.1.0]
	at com.mysql.cj.jdbc.ClientPreparedStatement.executeUpdate(ClientPreparedStatement.java:994) ~[mysql-connector-j-8.1.0.jar!/:8.1.0]
	at com.zaxxer.hikari.pool.ProxyPreparedStatement.executeUpdate(ProxyPreparedStatement.java:61) ~[HikariCP-5.0.1.jar!/:na]
	at com.zaxxer.hikari.pool.HikariProxyPreparedStatement.executeUpdate(HikariProxyPreparedStatement.java) ~[HikariCP-5.0.1.jar!/:na]
	at org.hibernate.engine.jdbc.internal.ResultSetReturnImpl.executeUpdate(ResultSetReturnImpl.java:280) ~[hibernate-core-6.3.1.Final.jar!/:6.3.1.Final]
	at org.hibernate.engine.jdbc.mutation.internal.AbstractMutationExecutor.performNonBatchedMutation(AbstractMutationExecutor.java:107) ~[hibernate-core-6.3.1.Final.jar!/:6.3.1.Final]
	at org.hibernate.engine.jdbc.mutation.internal.MutationExecutorSingleNonBatched.performNonBatchedOperations(MutationExecutorSingleNonBatched.java:40) ~[hibernate-core-6.3.1.Final.jar!/:6.3.1.Final]
	at org.hibernate.engine.jdbc.mutation.internal.AbstractMutationExecutor.execute(AbstractMutationExecutor.java:52) ~[hibernate-core-6.3.1.Final.jar!/:6.3.1.Final]
	at org.hibernate.persister.entity.mutation.InsertCoordinator.doStaticInserts(InsertCoordinator.java:171) ~[hibernate-core-6.3.1.Final.jar!/:6.3.1.Final]
	at org.hibernate.persister.entity.mutation.InsertCoordinator.coordinateInsert(InsertCoordinator.java:112) ~[hibernate-core-6.3.1.Final.jar!/:6.3.1.Final]
	at org.hibernate.persister.entity.AbstractEntityPersister.insert(AbstractEntityPersister.java:2865) ~[hibernate-core-6.3.1.Final.jar!/:6.3.1.Final]
	at org.hibernate.action.internal.EntityInsertAction.execute(EntityInsertAction.java:102) ~[hibernate-core-6.3.1.Final.jar!/:6.3.1.Final]
	at org.hibernate.engine.spi.ActionQueue.executeActions(ActionQueue.java:631) ~[hibernate-core-6.3.1.Final.jar!/:6.3.1.Final]
	at org.hibernate.engine.spi.ActionQueue.executeActions(ActionQueue.java:498) ~[hibernate-core-6.3.1.Final.jar!/:6.3.1.Final]
	at org.hibernate.event.internal.AbstractFlushingEventListener.performExecutions(AbstractFlushingEventListener.java:363) ~[hibernate-core-6.3.1.Final.jar!/:6.3.1.Final]
	at org.hibernate.event.internal.DefaultFlushEventListener.onFlush(DefaultFlushEventListener.java:39) ~[hibernate-core-6.3.1.Final.jar!/:6.3.1.Final]
	at org.hibernate.event.service.internal.EventListenerGroupImpl.fireEventOnEachListener(EventListenerGroupImpl.java:127) ~[hibernate-core-6.3.1.Final.jar!/:6.3.1.Final]
	at org.hibernate.internal.SessionImpl.doFlush(SessionImpl.java:1415) ~[hibernate-core-6.3.1.Final.jar!/:6.3.1.Final]
	at org.hibernate.internal.SessionImpl.managedFlush(SessionImpl.java:496) ~[hibernate-core-6.3.1.Final.jar!/:6.3.1.Final]
	at org.hibernate.internal.SessionImpl.flushBeforeTransactionCompletion(SessionImpl.java:2325) ~[hibernate-core-6.3.1.Final.jar!/:6.3.1.Final]
	at org.hibernate.internal.SessionImpl.beforeTransactionCompletion(SessionImpl.java:1988) ~[hibernate-core-6.3.1.Final.jar!/:6.3.1.Final]
	at org.hibernate.engine.jdbc.internal.JdbcCoordinatorImpl.beforeTransactionCompletion(JdbcCoordinatorImpl.java:439) ~[hibernate-core-6.3.1.Final.jar!/:6.3.1.Final]
	at org.hibernate.resource.transaction.backend.jdbc.internal.JdbcResourceLocalTransactionCoordinatorImpl.beforeCompletionCallback(JdbcResourceLocalTransactionCoordinatorImpl.java:169) ~[hibernate-core-6.3.1.Final.jar!/:6.3.1.Final]
	at org.hibernate.resource.transaction.backend.jdbc.internal.JdbcResourceLocalTransactionCoordinatorImpl$TransactionDriverControlImpl.commit(JdbcResourceLocalTransactionCoordinatorImpl.java:267) ~[hibernate-core-6.3.1.Final.jar!/:6.3.1.Final]
	at org.hibernate.engine.transaction.internal.TransactionImpl.commit(TransactionImpl.java:101) ~[hibernate-core-6.3.1.Final.jar!/:6.3.1.Final]
	at org.springframework.orm.jpa.JpaTransactionManager.doCommit(JpaTransactionManager.java:561) ~[spring-orm-6.1.1.jar!/:6.1.1]
	at org.springframework.transaction.support.AbstractPlatformTransactionManager.processCommit(AbstractPlatformTransactionManager.java:794) ~[spring-tx-6.1.1.jar!/:6.1.1]
	at org.springframework.transaction.support.AbstractPlatformTransactionManager.commit(AbstractPlatformTransactionManager.java:757) ~[spring-tx-6.1.1.jar!/:6.1.1]
	at org.springframework.transaction.interceptor.TransactionAspectSupport.commitTransactionAfterReturning(TransactionAspectSupport.java:669) ~[spring-tx-6.1.1.jar!/:6.1.1]
	at org.springframework.transaction.interceptor.TransactionAspectSupport.invokeWithinTransaction(TransactionAspectSupport.java:419) ~[spring-tx-6.1.1.jar!/:6.1.1]
	at org.springframework.transaction.interceptor.TransactionInterceptor.invoke(TransactionInterceptor.java:119) ~[spring-tx-6.1.1.jar!/:6.1.1]
	at org.springframework.aop.framework.ReflectiveMethodInvocation.proceed(ReflectiveMethodInvocation.java:184) ~[spring-aop-6.1.1.jar!/:6.1.1]
	at org.springframework.aop.framework.CglibAopProxy$CglibMethodInvocation.proceed(CglibAopProxy.java:765) ~[spring-aop-6.1.1.jar!/:6.1.1]
	at org.springframework.aop.framework.CglibAopProxy$DynamicAdvisedInterceptor.intercept(CglibAopProxy.java:717) ~[spring-aop-6.1.1.jar!/:6.1.1]
	at com.example.demo.service.AirRaidShelterService$$SpringCGLIB$$0.save(<generated>) ~[!/:0.0.1-SNAPSHOT]
	at com.example.demo.controller.AirRaidShelterController.writeAirRaidShelter(AirRaidShelterController.java:54) ~[!/:0.0.1-SNAPSHOT]
	at java.base/jdk.internal.reflect.NativeMethodAccessorImpl.invoke0(Native Method) ~[na:na]
	at java.base/jdk.internal.reflect.NativeMethodAccessorImpl.invoke(NativeMethodAccessorImpl.java:77) ~[na:na]
	at java.base/jdk.internal.reflect.DelegatingMethodAccessorImpl.invoke(DelegatingMethodAccessorImpl.java:43) ~[na:na]
	at java.base/java.lang.reflect.Method.invoke(Method.java:569) ~[na:na]
	at org.springframework.web.method.support.InvocableHandlerMethod.doInvoke(InvocableHandlerMethod.java:254) ~[spring-web-6.1.1.jar!/:6.1.1]
	at org.springframework.web.method.support.InvocableHandlerMethod.invokeForRequest(InvocableHandlerMethod.java:182) ~[spring-web-6.1.1.jar!/:6.1.1]
	at org.springframework.web.servlet.mvc.method.annotation.ServletInvocableHandlerMethod.invokeAndHandle(ServletInvocableHandlerMethod.java:118) ~[spring-webmvc-6.1.1.jar!/:6.1.1]
	at org.springframework.web.servlet.mvc.method.annotation.RequestMappingHandlerAdapter.invokeHandlerMethod(RequestMappingHandlerAdapter.java:917) ~[spring-webmvc-6.1.1.jar!/:6.1.1]
	at org.springframework.web.servlet.mvc.method.annotation.RequestMappingHandlerAdapter.handleInternal(RequestMappingHandlerAdapter.java:829) ~[spring-webmvc-6.1.1.jar!/:6.1.1]
	at org.springframework.web.servlet.mvc.method.AbstractHandlerMethodAdapter.handle(AbstractHandlerMethodAdapter.java:87) ~[spring-webmvc-6.1.1.jar!/:6.1.1]
	at org.springframework.web.servlet.DispatcherServlet.doDispatch(DispatcherServlet.java:1089) ~[spring-webmvc-6.1.1.jar!/:6.1.1]
	at org.springframework.web.servlet.DispatcherServlet.doService(DispatcherServlet.java:979) ~[spring-webmvc-6.1.1.jar!/:6.1.1]
	at org.springframework.web.servlet.FrameworkServlet.processRequest(FrameworkServlet.java:1014) ~[spring-webmvc-6.1.1.jar!/:6.1.1]
	at org.springframework.web.servlet.FrameworkServlet.doPost(FrameworkServlet.java:914) ~[spring-webmvc-6.1.1.jar!/:6.1.1]
	at jakarta.servlet.http.HttpServlet.service(HttpServlet.java:590) ~[tomcat-embed-core-10.1.16.jar!/:na]
	at org.springframework.web.servlet.FrameworkServlet.service(FrameworkServlet.java:885) ~[spring-webmvc-6.1.1.jar!/:6.1.1]
	at jakarta.servlet.http.HttpServlet.service(HttpServlet.java:658) ~[tomcat-embed-core-10.1.16.jar!/:na]
	at org.apache.catalina.core.ApplicationFilterChain.internalDoFilter(ApplicationFilterChain.java:205) ~[tomcat-embed-core-10.1.16.jar!/:na]
	at org.apache.catalina.core.ApplicationFilterChain.doFilter(ApplicationFilterChain.java:149) ~[tomcat-embed-core-10.1.16.jar!/:na]
	at org.apache.tomcat.websocket.server.WsFilter.doFilter(WsFilter.java:51) ~[tomcat-embed-websocket-10.1.16.jar!/:na]
	at org.apache.catalina.core.ApplicationFilterChain.internalDoFilter(ApplicationFilterChain.java:174) ~[tomcat-embed-core-10.1.16.jar!/:na]
	at org.apache.catalina.core.ApplicationFilterChain.doFilter(ApplicationFilterChain.java:149) ~[tomcat-embed-core-10.1.16.jar!/:na]
	at org.springframework.web.filter.RequestContextFilter.doFilterInternal(RequestContextFilter.java:100) ~[spring-web-6.1.1.jar!/:6.1.1]
	at org.springframework.web.filter.OncePerRequestFilter.doFilter(OncePerRequestFilter.java:116) ~[spring-web-6.1.1.jar!/:6.1.1]
	at org.apache.catalina.core.ApplicationFilterChain.internalDoFilter(ApplicationFilterChain.java:174) ~[tomcat-embed-core-10.1.16.jar!/:na]
	at org.apache.catalina.core.ApplicationFilterChain.doFilter(ApplicationFilterChain.java:149) ~[tomcat-embed-core-10.1.16.jar!/:na]
	at org.springframework.web.filter.FormContentFilter.doFilterInternal(FormContentFilter.java:93) ~[spring-web-6.1.1.jar!/:6.1.1]
	at org.springframework.web.filter.OncePerRequestFilter.doFilter(OncePerRequestFilter.java:116) ~[spring-web-6.1.1.jar!/:6.1.1]
	at org.apache.catalina.core.ApplicationFilterChain.internalDoFilter(ApplicationFilterChain.java:174) ~[tomcat-embed-core-10.1.16.jar!/:na]
	at org.apache.catalina.core.ApplicationFilterChain.doFilter(ApplicationFilterChain.java:149) ~[tomcat-embed-core-10.1.16.jar!/:na]
	at org.springframework.web.filter.ServerHttpObservationFilter.doFilterInternal(ServerHttpObservationFilter.java:109) ~[spring-web-6.1.1.jar!/:6.1.1]
	at org.springframework.web.filter.OncePerRequestFilter.doFilter(OncePerRequestFilter.java:116) ~[spring-web-6.1.1.jar!/:6.1.1]
	at org.apache.catalina.core.ApplicationFilterChain.internalDoFilter(ApplicationFilterChain.java:174) ~[tomcat-embed-core-10.1.16.jar!/:na]
	at org.apache.catalina.core.ApplicationFilterChain.doFilter(ApplicationFilterChain.java:149) ~[tomcat-embed-core-10.1.16.jar!/:na]
	at org.springframework.web.filter.CharacterEncodingFilter.doFilterInternal(CharacterEncodingFilter.java:201) ~[spring-web-6.1.1.jar!/:6.1.1]
	at org.springframework.web.filter.OncePerRequestFilter.doFilter(OncePerRequestFilter.java:116) ~[spring-web-6.1.1.jar!/:6.1.1]
	at org.apache.catalina.core.ApplicationFilterChain.internalDoFilter(ApplicationFilterChain.java:174) ~[tomcat-embed-core-10.1.16.jar!/:na]
	at org.apache.catalina.core.ApplicationFilterChain.doFilter(ApplicationFilterChain.java:149) ~[tomcat-embed-core-10.1.16.jar!/:na]
	at org.apache.catalina.core.StandardWrapperValve.invoke(StandardWrapperValve.java:167) ~[tomcat-embed-core-10.1.16.jar!/:na]
	at org.apache.catalina.core.StandardContextValve.invoke(StandardContextValve.java:90) ~[tomcat-embed-core-10.1.16.jar!/:na]
	at org.apache.catalina.authenticator.AuthenticatorBase.invoke(AuthenticatorBase.java:482) ~[tomcat-embed-core-10.1.16.jar!/:na]
	at org.apache.catalina.core.StandardHostValve.invoke(StandardHostValve.java:115) ~[tomcat-embed-core-10.1.16.jar!/:na]
	at org.apache.catalina.valves.ErrorReportValve.invoke(ErrorReportValve.java:93) ~[tomcat-embed-core-10.1.16.jar!/:na]
	at org.apache.catalina.core.StandardEngineValve.invoke(StandardEngineValve.java:74) ~[tomcat-embed-core-10.1.16.jar!/:na]
	at org.apache.catalina.connector.CoyoteAdapter.service(CoyoteAdapter.java:340) ~[tomcat-embed-core-10.1.16.jar!/:na]
	at org.apache.coyote.http11.Http11Processor.service(Http11Processor.java:391) ~[tomcat-embed-core-10.1.16.jar!/:na]
	at org.apache.coyote.AbstractProcessorLight.process(AbstractProcessorLight.java:63) ~[tomcat-embed-core-10.1.16.jar!/:na]
	at org.apache.coyote.AbstractProtocol$ConnectionHandler.process(AbstractProtocol.java:896) ~[tomcat-embed-core-10.1.16.jar!/:na]
	at org.apache.tomcat.util.net.NioEndpoint$SocketProcessor.doRun(NioEndpoint.java:1744) ~[tomcat-embed-core-10.1.16.jar!/:na]
	at org.apache.tomcat.util.net.SocketProcessorBase.run(SocketProcessorBase.java:52) ~[tomcat-embed-core-10.1.16.jar!/:na]
	at org.apache.tomcat.util.threads.ThreadPoolExecutor.runWorker(ThreadPoolExecutor.java:1191) ~[tomcat-embed-core-10.1.16.jar!/:na]
	at org.apache.tomcat.util.threads.ThreadPoolExecutor$Worker.run(ThreadPoolExecutor.java:659) ~[tomcat-embed-core-10.1.16.jar!/:na]
	at org.apache.tomcat.util.threads.TaskThread$WrappingRunnable.run(TaskThread.java:61) ~[tomcat-embed-core-10.1.16.jar!/:na]
	at java.base/java.lang.Thread.run(Thread.java:840) ~[na:na]

Hibernate: select ars1_0.shlt_id,ars1_0.ctpv_nm,ars1_0.daddr,ars1_0.fclt_nm,ars1_0.lat,ars1_0.lot,ars1_0.mng_dept_nm,ars1_0.sgg_nm from airstrike ars1_0 where ars1_0.shlt_id=?
Hibernate: insert into airstrike (ctpv_nm,daddr,fclt_nm,lat,lot,mng_dept_nm,sgg_nm,shlt_id) values (?,?,?,?,?,?,?,?)
2026-08-31T19:34:38.170+09:00  WARN 3319 --- [nio-8080-exec-5] o.h.engine.jdbc.spi.SqlExceptionHelper   : SQL Error: 1366, SQLState: HY000
2026-08-31T19:34:38.170+09:00 ERROR 3319 --- [nio-8080-exec-5] o.h.engine.jdbc.spi.SqlExceptionHelper   : Incorrect integer value: 'USER_159f86bb-b840-400d-a861-748afff00d49' for column 'shlt_id' at row 1
2026-08-31T19:34:38.172+09:00 ERROR 3319 --- [nio-8080-exec-5] o.a.c.c.C.[.[.[/].[dispatcherServlet]    : Servlet.service() for servlet [dispatcherServlet] in context with path [] threw exception [Request processing failed: org.springframework.orm.jpa.JpaSystemException: could not execute statement [Incorrect integer value: 'USER_159f86bb-b840-400d-a861-748afff00d49' for column 'shlt_id' at row 1] [insert into airstrike (ctpv_nm,daddr,fclt_nm,lat,lot,mng_dept_nm,sgg_nm,shlt_id) values (?,?,?,?,?,?,?,?)]] with root cause

java.sql.SQLException: Incorrect integer value: 'USER_159f86bb-b840-400d-a861-748afff00d49' for column 'shlt_id' at row 1
	at com.mysql.cj.jdbc.exceptions.SQLError.createSQLException(SQLError.java:130) ~[mysql-connector-j-8.1.0.jar!/:8.1.0]
	at com.mysql.cj.jdbc.exceptions.SQLExceptionsMapping.translateException(SQLExceptionsMapping.java:122) ~[mysql-connector-j-8.1.0.jar!/:8.1.0]
	at com.mysql.cj.jdbc.ClientPreparedStatement.executeInternal(ClientPreparedStatement.java:916) ~[mysql-connector-j-8.1.0.jar!/:8.1.0]
	at com.mysql.cj.jdbc.ClientPreparedStatement.executeUpdateInternal(ClientPreparedStatement.java:1061) ~[mysql-connector-j-8.1.0.jar!/:8.1.0]
	at com.mysql.cj.jdbc.ClientPreparedStatement.executeUpdateInternal(ClientPreparedStatement.java:1009) ~[mysql-connector-j-8.1.0.jar!/:8.1.0]
	at com.mysql.cj.jdbc.ClientPreparedStatement.executeLargeUpdate(ClientPreparedStatement.java:1320) ~[mysql-connector-j-8.1.0.jar!/:8.1.0]
	at com.mysql.cj.jdbc.ClientPreparedStatement.executeUpdate(ClientPreparedStatement.java:994) ~[mysql-connector-j-8.1.0.jar!/:8.1.0]
	at com.zaxxer.hikari.pool.ProxyPreparedStatement.executeUpdate(ProxyPreparedStatement.java:61) ~[HikariCP-5.0.1.jar!/:na]
	at com.zaxxer.hikari.pool.HikariProxyPreparedStatement.executeUpdate(HikariProxyPreparedStatement.java) ~[HikariCP-5.0.1.jar!/:na]
	at org.hibernate.engine.jdbc.internal.ResultSetReturnImpl.executeUpdate(ResultSetReturnImpl.java:280) ~[hibernate-core-6.3.1.Final.jar!/:6.3.1.Final]
	at org.hibernate.engine.jdbc.mutation.internal.AbstractMutationExecutor.performNonBatchedMutation(AbstractMutationExecutor.java:107) ~[hibernate-core-6.3.1.Final.jar!/:6.3.1.Final]
	at org.hibernate.engine.jdbc.mutation.internal.MutationExecutorSingleNonBatched.performNonBatchedOperations(MutationExecutorSingleNonBatched.java:40) ~[hibernate-core-6.3.1.Final.jar!/:6.3.1.Final]
	at org.hibernate.engine.jdbc.mutation.internal.AbstractMutationExecutor.execute(AbstractMutationExecutor.java:52) ~[hibernate-core-6.3.1.Final.jar!/:6.3.1.Final]
	at org.hibernate.persister.entity.mutation.InsertCoordinator.doStaticInserts(InsertCoordinator.java:171) ~[hibernate-core-6.3.1.Final.jar!/:6.3.1.Final]
	at org.hibernate.persister.entity.mutation.InsertCoordinator.coordinateInsert(InsertCoordinator.java:112) ~[hibernate-core-6.3.1.Final.jar!/:6.3.1.Final]
	at org.hibernate.persister.entity.AbstractEntityPersister.insert(AbstractEntityPersister.java:2865) ~[hibernate-core-6.3.1.Final.jar!/:6.3.1.Final]
	at org.hibernate.action.internal.EntityInsertAction.execute(EntityInsertAction.java:102) ~[hibernate-core-6.3.1.Final.jar!/:6.3.1.Final]
	at org.hibernate.engine.spi.ActionQueue.executeActions(ActionQueue.java:631) ~[hibernate-core-6.3.1.Final.jar!/:6.3.1.Final]
	at org.hibernate.engine.spi.ActionQueue.executeActions(ActionQueue.java:498) ~[hibernate-core-6.3.1.Final.jar!/:6.3.1.Final]
	at org.hibernate.event.internal.AbstractFlushingEventListener.performExecutions(AbstractFlushingEventListener.java:363) ~[hibernate-core-6.3.1.Final.jar!/:6.3.1.Final]
	at org.hibernate.event.internal.DefaultFlushEventListener.onFlush(DefaultFlushEventListener.java:39) ~[hibernate-core-6.3.1.Final.jar!/:6.3.1.Final]
	at org.hibernate.event.service.internal.EventListenerGroupImpl.fireEventOnEachListener(EventListenerGroupImpl.java:127) ~[hibernate-core-6.3.1.Final.jar!/:6.3.1.Final]
	at org.hibernate.internal.SessionImpl.doFlush(SessionImpl.java:1415) ~[hibernate-core-6.3.1.Final.jar!/:6.3.1.Final]
	at org.hibernate.internal.SessionImpl.managedFlush(SessionImpl.java:496) ~[hibernate-core-6.3.1.Final.jar!/:6.3.1.Final]
	at org.hibernate.internal.SessionImpl.flushBeforeTransactionCompletion(SessionImpl.java:2325) ~[hibernate-core-6.3.1.Final.jar!/:6.3.1.Final]
	at org.hibernate.internal.SessionImpl.beforeTransactionCompletion(SessionImpl.java:1988) ~[hibernate-core-6.3.1.Final.jar!/:6.3.1.Final]
	at org.hibernate.engine.jdbc.internal.JdbcCoordinatorImpl.beforeTransactionCompletion(JdbcCoordinatorImpl.java:439) ~[hibernate-core-6.3.1.Final.jar!/:6.3.1.Final]
	at org.hibernate.resource.transaction.backend.jdbc.internal.JdbcResourceLocalTransactionCoordinatorImpl.beforeCompletionCallback(JdbcResourceLocalTransactionCoordinatorImpl.java:169) ~[hibernate-core-6.3.1.Final.jar!/:6.3.1.Final]
	at org.hibernate.resource.transaction.backend.jdbc.internal.JdbcResourceLocalTransactionCoordinatorImpl$TransactionDriverControlImpl.commit(JdbcResourceLocalTransactionCoordinatorImpl.java:267) ~[hibernate-core-6.3.1.Final.jar!/:6.3.1.Final]
	at org.hibernate.engine.transaction.internal.TransactionImpl.commit(TransactionImpl.java:101) ~[hibernate-core-6.3.1.Final.jar!/:6.3.1.Final]
	at org.springframework.orm.jpa.JpaTransactionManager.doCommit(JpaTransactionManager.java:561) ~[spring-orm-6.1.1.jar!/:6.1.1]
	at org.springframework.transaction.support.AbstractPlatformTransactionManager.processCommit(AbstractPlatformTransactionManager.java:794) ~[spring-tx-6.1.1.jar!/:6.1.1]
	at org.springframework.transaction.support.AbstractPlatformTransactionManager.commit(AbstractPlatformTransactionManager.java:757) ~[spring-tx-6.1.1.jar!/:6.1.1]
	at org.springframework.transaction.interceptor.TransactionAspectSupport.commitTransactionAfterReturning(TransactionAspectSupport.java:669) ~[spring-tx-6.1.1.jar!/:6.1.1]
	at org.springframework.transaction.interceptor.TransactionAspectSupport.invokeWithinTransaction(TransactionAspectSupport.java:419) ~[spring-tx-6.1.1.jar!/:6.1.1]
	at org.springframework.transaction.interceptor.TransactionInterceptor.invoke(TransactionInterceptor.java:119) ~[spring-tx-6.1.1.jar!/:6.1.1]
	at org.springframework.aop.framework.ReflectiveMethodInvocation.proceed(ReflectiveMethodInvocation.java:184) ~[spring-aop-6.1.1.jar!/:6.1.1]
	at org.springframework.aop.framework.CglibAopProxy$CglibMethodInvocation.proceed(CglibAopProxy.java:765) ~[spring-aop-6.1.1.jar!/:6.1.1]
	at org.springframework.aop.framework.CglibAopProxy$DynamicAdvisedInterceptor.intercept(CglibAopProxy.java:717) ~[spring-aop-6.1.1.jar!/:6.1.1]
	at com.example.demo.service.AirRaidShelterService$$SpringCGLIB$$0.save(<generated>) ~[!/:0.0.1-SNAPSHOT]
	at com.example.demo.controller.AirRaidShelterController.writeAirRaidShelter(AirRaidShelterController.java:54) ~[!/:0.0.1-SNAPSHOT]
	at java.base/jdk.internal.reflect.NativeMethodAccessorImpl.invoke0(Native Method) ~[na:na]
	at java.base/jdk.internal.reflect.NativeMethodAccessorImpl.invoke(NativeMethodAccessorImpl.java:77) ~[na:na]
	at java.base/jdk.internal.reflect.DelegatingMethodAccessorImpl.invoke(DelegatingMethodAccessorImpl.java:43) ~[na:na]
	at java.base/java.lang.reflect.Method.invoke(Method.java:569) ~[na:na]
	at org.springframework.web.method.support.InvocableHandlerMethod.doInvoke(InvocableHandlerMethod.java:254) ~[spring-web-6.1.1.jar!/:6.1.1]
	at org.springframework.web.method.support.InvocableHandlerMethod.invokeForRequest(InvocableHandlerMethod.java:182) ~[spring-web-6.1.1.jar!/:6.1.1]
	at org.springframework.web.servlet.mvc.method.annotation.ServletInvocableHandlerMethod.invokeAndHandle(ServletInvocableHandlerMethod.java:118) ~[spring-webmvc-6.1.1.jar!/:6.1.1]
	at org.springframework.web.servlet.mvc.method.annotation.RequestMappingHandlerAdapter.invokeHandlerMethod(RequestMappingHandlerAdapter.java:917) ~[spring-webmvc-6.1.1.jar!/:6.1.1]
	at org.springframework.web.servlet.mvc.method.annotation.RequestMappingHandlerAdapter.handleInternal(RequestMappingHandlerAdapter.java:829) ~[spring-webmvc-6.1.1.jar!/:6.1.1]
	at org.springframework.web.servlet.mvc.method.AbstractHandlerMethodAdapter.handle(AbstractHandlerMethodAdapter.java:87) ~[spring-webmvc-6.1.1.jar!/:6.1.1]
	at org.springframework.web.servlet.DispatcherServlet.doDispatch(DispatcherServlet.java:1089) ~[spring-webmvc-6.1.1.jar!/:6.1.1]
	at org.springframework.web.servlet.DispatcherServlet.doService(DispatcherServlet.java:979) ~[spring-webmvc-6.1.1.jar!/:6.1.1]
	at org.springframework.web.servlet.FrameworkServlet.processRequest(FrameworkServlet.java:1014) ~[spring-webmvc-6.1.1.jar!/:6.1.1]
	at org.springframework.web.servlet.FrameworkServlet.doPost(FrameworkServlet.java:914) ~[spring-webmvc-6.1.1.jar!/:6.1.1]
	at jakarta.servlet.http.HttpServlet.service(HttpServlet.java:590) ~[tomcat-embed-core-10.1.16.jar!/:na]
	at org.springframework.web.servlet.FrameworkServlet.service(FrameworkServlet.java:885) ~[spring-webmvc-6.1.1.jar!/:6.1.1]
	at jakarta.servlet.http.HttpServlet.service(HttpServlet.java:658) ~[tomcat-embed-core-10.1.16.jar!/:na]
	at org.apache.catalina.core.ApplicationFilterChain.internalDoFilter(ApplicationFilterChain.java:205) ~[tomcat-embed-core-10.1.16.jar!/:na]
	at org.apache.catalina.core.ApplicationFilterChain.doFilter(ApplicationFilterChain.java:149) ~[tomcat-embed-core-10.1.16.jar!/:na]
	at org.apache.tomcat.websocket.server.WsFilter.doFilter(WsFilter.java:51) ~[tomcat-embed-websocket-10.1.16.jar!/:na]
	at org.apache.catalina.core.ApplicationFilterChain.internalDoFilter(ApplicationFilterChain.java:174) ~[tomcat-embed-core-10.1.16.jar!/:na]
	at org.apache.catalina.core.ApplicationFilterChain.doFilter(ApplicationFilterChain.java:149) ~[tomcat-embed-core-10.1.16.jar!/:na]
	at org.springframework.web.filter.RequestContextFilter.doFilterInternal(RequestContextFilter.java:100) ~[spring-web-6.1.1.jar!/:6.1.1]
	at org.springframework.web.filter.OncePerRequestFilter.doFilter(OncePerRequestFilter.java:116) ~[spring-web-6.1.1.jar!/:6.1.1]
	at org.apache.catalina.core.ApplicationFilterChain.internalDoFilter(ApplicationFilterChain.java:174) ~[tomcat-embed-core-10.1.16.jar!/:na]
	at org.apache.catalina.core.ApplicationFilterChain.doFilter(ApplicationFilterChain.java:149) ~[tomcat-embed-core-10.1.16.jar!/:na]
	at org.springframework.web.filter.FormContentFilter.doFilterInternal(FormContentFilter.java:93) ~[spring-web-6.1.1.jar!/:6.1.1]
	at org.springframework.web.filter.OncePerRequestFilter.doFilter(OncePerRequestFilter.java:116) ~[spring-web-6.1.1.jar!/:6.1.1]
	at org.apache.catalina.core.ApplicationFilterChain.internalDoFilter(ApplicationFilterChain.java:174) ~[tomcat-embed-core-10.1.16.jar!/:na]
	at org.apache.catalina.core.ApplicationFilterChain.doFilter(ApplicationFilterChain.java:149) ~[tomcat-embed-core-10.1.16.jar!/:na]
	at org.springframework.web.filter.ServerHttpObservationFilter.doFilterInternal(ServerHttpObservationFilter.java:109) ~[spring-web-6.1.1.jar!/:6.1.1]
	at org.springframework.web.filter.OncePerRequestFilter.doFilter(OncePerRequestFilter.java:116) ~[spring-web-6.1.1.jar!/:6.1.1]
	at org.apache.catalina.core.ApplicationFilterChain.internalDoFilter(ApplicationFilterChain.java:174) ~[tomcat-embed-core-10.1.16.jar!/:na]
	at org.apache.catalina.core.ApplicationFilterChain.doFilter(ApplicationFilterChain.java:149) ~[tomcat-embed-core-10.1.16.jar!/:na]
	at org.springframework.web.filter.CharacterEncodingFilter.doFilterInternal(CharacterEncodingFilter.java:201) ~[spring-web-6.1.1.jar!/:6.1.1]
	at org.springframework.web.filter.OncePerRequestFilter.doFilter(OncePerRequestFilter.java:116) ~[spring-web-6.1.1.jar!/:6.1.1]
	at org.apache.catalina.core.ApplicationFilterChain.internalDoFilter(ApplicationFilterChain.java:174) ~[tomcat-embed-core-10.1.16.jar!/:na]
	at org.apache.catalina.core.ApplicationFilterChain.doFilter(ApplicationFilterChain.java:149) ~[tomcat-embed-core-10.1.16.jar!/:na]
	at org.apache.catalina.core.StandardWrapperValve.invoke(StandardWrapperValve.java:167) ~[tomcat-embed-core-10.1.16.jar!/:na]
	at org.apache.catalina.core.StandardContextValve.invoke(StandardContextValve.java:90) ~[tomcat-embed-core-10.1.16.jar!/:na]
	at org.apache.catalina.authenticator.AuthenticatorBase.invoke(AuthenticatorBase.java:482) ~[tomcat-embed-core-10.1.16.jar!/:na]
	at org.apache.catalina.core.StandardHostValve.invoke(StandardHostValve.java:115) ~[tomcat-embed-core-10.1.16.jar!/:na]
	at org.apache.catalina.valves.ErrorReportValve.invoke(ErrorReportValve.java:93) ~[tomcat-embed-core-10.1.16.jar!/:na]
	at org.apache.catalina.core.StandardEngineValve.invoke(StandardEngineValve.java:74) ~[tomcat-embed-core-10.1.16.jar!/:na]
	at org.apache.catalina.connector.CoyoteAdapter.service(CoyoteAdapter.java:340) ~[tomcat-embed-core-10.1.16.jar!/:na]
	at org.apache.coyote.http11.Http11Processor.service(Http11Processor.java:391) ~[tomcat-embed-core-10.1.16.jar!/:na]
	at org.apache.coyote.AbstractProcessorLight.process(AbstractProcessorLight.java:63) ~[tomcat-embed-core-10.1.16.jar!/:na]
	at org.apache.coyote.AbstractProtocol$ConnectionHandler.process(AbstractProtocol.java:896) ~[tomcat-embed-core-10.1.16.jar!/:na]
	at org.apache.tomcat.util.net.NioEndpoint$SocketProcessor.doRun(NioEndpoint.java:1744) ~[tomcat-embed-core-10.1.16.jar!/:na]
	at org.apache.tomcat.util.net.SocketProcessorBase.run(SocketProcessorBase.java:52) ~[tomcat-embed-core-10.1.16.jar!/:na]
	at org.apache.tomcat.util.threads.ThreadPoolExecutor.runWorker(ThreadPoolExecutor.java:1191) ~[tomcat-embed-core-10.1.16.jar!/:na]
	at org.apache.tomcat.util.threads.ThreadPoolExecutor$Worker.run(ThreadPoolExecutor.java:659) ~[tomcat-embed-core-10.1.16.jar!/:na]
	at org.apache.tomcat.util.threads.TaskThread$WrappingRunnable.run(TaskThread.java:61) ~[tomcat-embed-core-10.1.16.jar!/:na]
	at java.base/java.lang.Thread.run(Thread.java:840) ~[na:na]

Hibernate: select u1_0.id,u1_0.email,u1_0.password,u1_0.realname,u1_0.username from user u1_0 where u1_0.username=?
Hibernate: select ars1_0.shlt_id,ars1_0.ctpv_nm,ars1_0.daddr,ars1_0.fclt_nm,ars1_0.lat,ars1_0.lot,ars1_0.mng_dept_nm,ars1_0.sgg_nm from airstrike ars1_0 limit ?,?
Hibernate: select count(ars1_0.shlt_id) from airstrike ars1_0
Hibernate: select es1_0.shlt_id,es1_0.ctpv_nm,es1_0.daddr,es1_0.fclt_nm,es1_0.lat,es1_0.lot,es1_0.mng_dept_nm,es1_0.sgg_nm from earthquake es1_0 limit ?,?
Hibernate: select count(es1_0.shlt_id) from earthquake es1_0
Hibernate: select es1_0.shlt_id,es1_0.ctpv_nm,es1_0.daddr,es1_0.fclt_nm,es1_0.lat,es1_0.lot,es1_0.mng_dept_nm,es1_0.sgg_nm from earthquake es1_0 where es1_0.shlt_id=?
Hibernate: insert into earthquake (ctpv_nm,daddr,fclt_nm,lat,lot,mng_dept_nm,sgg_nm,shlt_id) values (?,?,?,?,?,?,?,?)
2026-08-31T19:34:59.194+09:00  WARN 3319 --- [nio-8080-exec-3] o.h.engine.jdbc.spi.SqlExceptionHelper   : SQL Error: 1366, SQLState: HY000
2026-08-31T19:34:59.194+09:00 ERROR 3319 --- [nio-8080-exec-3] o.h.engine.jdbc.spi.SqlExceptionHelper   : Incorrect decimal value: '' for column 'lat' at row 1
2026-08-31T19:34:59.195+09:00 ERROR 3319 --- [nio-8080-exec-3] o.a.c.c.C.[.[.[/].[dispatcherServlet]    : Servlet.service() for servlet [dispatcherServlet] in context with path [] threw exception [Request processing failed: org.springframework.orm.jpa.JpaSystemException: could not execute statement [Incorrect decimal value: '' for column 'lat' at row 1] [insert into earthquake (ctpv_nm,daddr,fclt_nm,lat,lot,mng_dept_nm,sgg_nm,shlt_id) values (?,?,?,?,?,?,?,?)]] with root cause

java.sql.SQLException: Incorrect decimal value: '' for column 'lat' at row 1
	at com.mysql.cj.jdbc.exceptions.SQLError.createSQLException(SQLError.java:130) ~[mysql-connector-j-8.1.0.jar!/:8.1.0]
	at com.mysql.cj.jdbc.exceptions.SQLExceptionsMapping.translateException(SQLExceptionsMapping.java:122) ~[mysql-connector-j-8.1.0.jar!/:8.1.0]
	at com.mysql.cj.jdbc.ClientPreparedStatement.executeInternal(ClientPreparedStatement.java:916) ~[mysql-connector-j-8.1.0.jar!/:8.1.0]
	at com.mysql.cj.jdbc.ClientPreparedStatement.executeUpdateInternal(ClientPreparedStatement.java:1061) ~[mysql-connector-j-8.1.0.jar!/:8.1.0]
	at com.mysql.cj.jdbc.ClientPreparedStatement.executeUpdateInternal(ClientPreparedStatement.java:1009) ~[mysql-connector-j-8.1.0.jar!/:8.1.0]
	at com.mysql.cj.jdbc.ClientPreparedStatement.executeLargeUpdate(ClientPreparedStatement.java:1320) ~[mysql-connector-j-8.1.0.jar!/:8.1.0]
	at com.mysql.cj.jdbc.ClientPreparedStatement.executeUpdate(ClientPreparedStatement.java:994) ~[mysql-connector-j-8.1.0.jar!/:8.1.0]
	at com.zaxxer.hikari.pool.ProxyPreparedStatement.executeUpdate(ProxyPreparedStatement.java:61) ~[HikariCP-5.0.1.jar!/:na]
	at com.zaxxer.hikari.pool.HikariProxyPreparedStatement.executeUpdate(HikariProxyPreparedStatement.java) ~[HikariCP-5.0.1.jar!/:na]
	at org.hibernate.engine.jdbc.internal.ResultSetReturnImpl.executeUpdate(ResultSetReturnImpl.java:280) ~[hibernate-core-6.3.1.Final.jar!/:6.3.1.Final]
	at org.hibernate.engine.jdbc.mutation.internal.AbstractMutationExecutor.performNonBatchedMutation(AbstractMutationExecutor.java:107) ~[hibernate-core-6.3.1.Final.jar!/:6.3.1.Final]
	at org.hibernate.engine.jdbc.mutation.internal.MutationExecutorSingleNonBatched.performNonBatchedOperations(MutationExecutorSingleNonBatched.java:40) ~[hibernate-core-6.3.1.Final.jar!/:6.3.1.Final]
	at org.hibernate.engine.jdbc.mutation.internal.AbstractMutationExecutor.execute(AbstractMutationExecutor.java:52) ~[hibernate-core-6.3.1.Final.jar!/:6.3.1.Final]
	at org.hibernate.persister.entity.mutation.InsertCoordinator.doStaticInserts(InsertCoordinator.java:171) ~[hibernate-core-6.3.1.Final.jar!/:6.3.1.Final]
	at org.hibernate.persister.entity.mutation.InsertCoordinator.coordinateInsert(InsertCoordinator.java:112) ~[hibernate-core-6.3.1.Final.jar!/:6.3.1.Final]
	at org.hibernate.persister.entity.AbstractEntityPersister.insert(AbstractEntityPersister.java:2865) ~[hibernate-core-6.3.1.Final.jar!/:6.3.1.Final]
	at org.hibernate.action.internal.EntityInsertAction.execute(EntityInsertAction.java:102) ~[hibernate-core-6.3.1.Final.jar!/:6.3.1.Final]
	at org.hibernate.engine.spi.ActionQueue.executeActions(ActionQueue.java:631) ~[hibernate-core-6.3.1.Final.jar!/:6.3.1.Final]
	at org.hibernate.engine.spi.ActionQueue.executeActions(ActionQueue.java:498) ~[hibernate-core-6.3.1.Final.jar!/:6.3.1.Final]
	at org.hibernate.event.internal.AbstractFlushingEventListener.performExecutions(AbstractFlushingEventListener.java:363) ~[hibernate-core-6.3.1.Final.jar!/:6.3.1.Final]
	at org.hibernate.event.internal.DefaultFlushEventListener.onFlush(DefaultFlushEventListener.java:39) ~[hibernate-core-6.3.1.Final.jar!/:6.3.1.Final]
	at org.hibernate.event.service.internal.EventListenerGroupImpl.fireEventOnEachListener(EventListenerGroupImpl.java:127) ~[hibernate-core-6.3.1.Final.jar!/:6.3.1.Final]
	at org.hibernate.internal.SessionImpl.doFlush(SessionImpl.java:1415) ~[hibernate-core-6.3.1.Final.jar!/:6.3.1.Final]
	at org.hibernate.internal.SessionImpl.managedFlush(SessionImpl.java:496) ~[hibernate-core-6.3.1.Final.jar!/:6.3.1.Final]
	at org.hibernate.internal.SessionImpl.flushBeforeTransactionCompletion(SessionImpl.java:2325) ~[hibernate-core-6.3.1.Final.jar!/:6.3.1.Final]
	at org.hibernate.internal.SessionImpl.beforeTransactionCompletion(SessionImpl.java:1988) ~[hibernate-core-6.3.1.Final.jar!/:6.3.1.Final]
	at org.hibernate.engine.jdbc.internal.JdbcCoordinatorImpl.beforeTransactionCompletion(JdbcCoordinatorImpl.java:439) ~[hibernate-core-6.3.1.Final.jar!/:6.3.1.Final]
	at org.hibernate.resource.transaction.backend.jdbc.internal.JdbcResourceLocalTransactionCoordinatorImpl.beforeCompletionCallback(JdbcResourceLocalTransactionCoordinatorImpl.java:169) ~[hibernate-core-6.3.1.Final.jar!/:6.3.1.Final]
	at org.hibernate.resource.transaction.backend.jdbc.internal.JdbcResourceLocalTransactionCoordinatorImpl$TransactionDriverControlImpl.commit(JdbcResourceLocalTransactionCoordinatorImpl.java:267) ~[hibernate-core-6.3.1.Final.jar!/:6.3.1.Final]
	at org.hibernate.engine.transaction.internal.TransactionImpl.commit(TransactionImpl.java:101) ~[hibernate-core-6.3.1.Final.jar!/:6.3.1.Final]
	at org.springframework.orm.jpa.JpaTransactionManager.doCommit(JpaTransactionManager.java:561) ~[spring-orm-6.1.1.jar!/:6.1.1]
	at org.springframework.transaction.support.AbstractPlatformTransactionManager.processCommit(AbstractPlatformTransactionManager.java:794) ~[spring-tx-6.1.1.jar!/:6.1.1]
	at org.springframework.transaction.support.AbstractPlatformTransactionManager.commit(AbstractPlatformTransactionManager.java:757) ~[spring-tx-6.1.1.jar!/:6.1.1]
	at org.springframework.transaction.interceptor.TransactionAspectSupport.commitTransactionAfterReturning(TransactionAspectSupport.java:669) ~[spring-tx-6.1.1.jar!/:6.1.1]
	at org.springframework.transaction.interceptor.TransactionAspectSupport.invokeWithinTransaction(TransactionAspectSupport.java:419) ~[spring-tx-6.1.1.jar!/:6.1.1]
	at org.springframework.transaction.interceptor.TransactionInterceptor.invoke(TransactionInterceptor.java:119) ~[spring-tx-6.1.1.jar!/:6.1.1]
	at org.springframework.aop.framework.ReflectiveMethodInvocation.proceed(ReflectiveMethodInvocation.java:184) ~[spring-aop-6.1.1.jar!/:6.1.1]
	at org.springframework.aop.framework.CglibAopProxy$CglibMethodInvocation.proceed(CglibAopProxy.java:765) ~[spring-aop-6.1.1.jar!/:6.1.1]
	at org.springframework.aop.framework.CglibAopProxy$DynamicAdvisedInterceptor.intercept(CglibAopProxy.java:717) ~[spring-aop-6.1.1.jar!/:6.1.1]
	at com.example.demo.service.EarthquakeShelterService$$SpringCGLIB$$0.save(<generated>) ~[!/:0.0.1-SNAPSHOT]
	at com.example.demo.controller.EarthquakeShelterController.writeEarthquakeShelter(EarthquakeShelterController.java:56) ~[!/:0.0.1-SNAPSHOT]
	at java.base/jdk.internal.reflect.NativeMethodAccessorImpl.invoke0(Native Method) ~[na:na]
	at java.base/jdk.internal.reflect.NativeMethodAccessorImpl.invoke(NativeMethodAccessorImpl.java:77) ~[na:na]
	at java.base/jdk.internal.reflect.DelegatingMethodAccessorImpl.invoke(DelegatingMethodAccessorImpl.java:43) ~[na:na]
	at java.base/java.lang.reflect.Method.invoke(Method.java:569) ~[na:na]
	at org.springframework.web.method.support.InvocableHandlerMethod.doInvoke(InvocableHandlerMethod.java:254) ~[spring-web-6.1.1.jar!/:6.1.1]
	at org.springframework.web.method.support.InvocableHandlerMethod.invokeForRequest(InvocableHandlerMethod.java:182) ~[spring-web-6.1.1.jar!/:6.1.1]
	at org.springframework.web.servlet.mvc.method.annotation.ServletInvocableHandlerMethod.invokeAndHandle(ServletInvocableHandlerMethod.java:118) ~[spring-webmvc-6.1.1.jar!/:6.1.1]
	at org.springframework.web.servlet.mvc.method.annotation.RequestMappingHandlerAdapter.invokeHandlerMethod(RequestMappingHandlerAdapter.java:917) ~[spring-webmvc-6.1.1.jar!/:6.1.1]
	at org.springframework.web.servlet.mvc.method.annotation.RequestMappingHandlerAdapter.handleInternal(RequestMappingHandlerAdapter.java:829) ~[spring-webmvc-6.1.1.jar!/:6.1.1]
	at org.springframework.web.servlet.mvc.method.AbstractHandlerMethodAdapter.handle(AbstractHandlerMethodAdapter.java:87) ~[spring-webmvc-6.1.1.jar!/:6.1.1]
	at org.springframework.web.servlet.DispatcherServlet.doDispatch(DispatcherServlet.java:1089) ~[spring-webmvc-6.1.1.jar!/:6.1.1]
	at org.springframework.web.servlet.DispatcherServlet.doService(DispatcherServlet.java:979) ~[spring-webmvc-6.1.1.jar!/:6.1.1]
	at org.springframework.web.servlet.FrameworkServlet.processRequest(FrameworkServlet.java:1014) ~[spring-webmvc-6.1.1.jar!/:6.1.1]
	at org.springframework.web.servlet.FrameworkServlet.doPost(FrameworkServlet.java:914) ~[spring-webmvc-6.1.1.jar!/:6.1.1]
	at jakarta.servlet.http.HttpServlet.service(HttpServlet.java:590) ~[tomcat-embed-core-10.1.16.jar!/:na]
	at org.springframework.web.servlet.FrameworkServlet.service(FrameworkServlet.java:885) ~[spring-webmvc-6.1.1.jar!/:6.1.1]
	at jakarta.servlet.http.HttpServlet.service(HttpServlet.java:658) ~[tomcat-embed-core-10.1.16.jar!/:na]
	at org.apache.catalina.core.ApplicationFilterChain.internalDoFilter(ApplicationFilterChain.java:205) ~[tomcat-embed-core-10.1.16.jar!/:na]
	at org.apache.catalina.core.ApplicationFilterChain.doFilter(ApplicationFilterChain.java:149) ~[tomcat-embed-core-10.1.16.jar!/:na]
	at org.apache.tomcat.websocket.server.WsFilter.doFilter(WsFilter.java:51) ~[tomcat-embed-websocket-10.1.16.jar!/:na]
	at org.apache.catalina.core.ApplicationFilterChain.internalDoFilter(ApplicationFilterChain.java:174) ~[tomcat-embed-core-10.1.16.jar!/:na]
	at org.apache.catalina.core.ApplicationFilterChain.doFilter(ApplicationFilterChain.java:149) ~[tomcat-embed-core-10.1.16.jar!/:na]
	at org.springframework.web.filter.RequestContextFilter.doFilterInternal(RequestContextFilter.java:100) ~[spring-web-6.1.1.jar!/:6.1.1]
	at org.springframework.web.filter.OncePerRequestFilter.doFilter(OncePerRequestFilter.java:116) ~[spring-web-6.1.1.jar!/:6.1.1]
	at org.apache.catalina.core.ApplicationFilterChain.internalDoFilter(ApplicationFilterChain.java:174) ~[tomcat-embed-core-10.1.16.jar!/:na]
	at org.apache.catalina.core.ApplicationFilterChain.doFilter(ApplicationFilterChain.java:149) ~[tomcat-embed-core-10.1.16.jar!/:na]
	at org.springframework.web.filter.FormContentFilter.doFilterInternal(FormContentFilter.java:93) ~[spring-web-6.1.1.jar!/:6.1.1]
	at org.springframework.web.filter.OncePerRequestFilter.doFilter(OncePerRequestFilter.java:116) ~[spring-web-6.1.1.jar!/:6.1.1]
	at org.apache.catalina.core.ApplicationFilterChain.internalDoFilter(ApplicationFilterChain.java:174) ~[tomcat-embed-core-10.1.16.jar!/:na]
	at org.apache.catalina.core.ApplicationFilterChain.doFilter(ApplicationFilterChain.java:149) ~[tomcat-embed-core-10.1.16.jar!/:na]
	at org.springframework.web.filter.ServerHttpObservationFilter.doFilterInternal(ServerHttpObservationFilter.java:109) ~[spring-web-6.1.1.jar!/:6.1.1]
	at org.springframework.web.filter.OncePerRequestFilter.doFilter(OncePerRequestFilter.java:116) ~[spring-web-6.1.1.jar!/:6.1.1]
	at org.apache.catalina.core.ApplicationFilterChain.internalDoFilter(ApplicationFilterChain.java:174) ~[tomcat-embed-core-10.1.16.jar!/:na]
	at org.apache.catalina.core.ApplicationFilterChain.doFilter(ApplicationFilterChain.java:149) ~[tomcat-embed-core-10.1.16.jar!/:na]
	at org.springframework.web.filter.CharacterEncodingFilter.doFilterInternal(CharacterEncodingFilter.java:201) ~[spring-web-6.1.1.jar!/:6.1.1]
	at org.springframework.web.filter.OncePerRequestFilter.doFilter(OncePerRequestFilter.java:116) ~[spring-web-6.1.1.jar!/:6.1.1]
	at org.apache.catalina.core.ApplicationFilterChain.internalDoFilter(ApplicationFilterChain.java:174) ~[tomcat-embed-core-10.1.16.jar!/:na]
	at org.apache.catalina.core.ApplicationFilterChain.doFilter(ApplicationFilterChain.java:149) ~[tomcat-embed-core-10.1.16.jar!/:na]
	at org.apache.catalina.core.StandardWrapperValve.invoke(StandardWrapperValve.java:167) ~[tomcat-embed-core-10.1.16.jar!/:na]
	at org.apache.catalina.core.StandardContextValve.invoke(StandardContextValve.java:90) ~[tomcat-embed-core-10.1.16.jar!/:na]
	at org.apache.catalina.authenticator.AuthenticatorBase.invoke(AuthenticatorBase.java:482) ~[tomcat-embed-core-10.1.16.jar!/:na]
	at org.apache.catalina.core.StandardHostValve.invoke(StandardHostValve.java:115) ~[tomcat-embed-core-10.1.16.jar!/:na]
	at org.apache.catalina.valves.ErrorReportValve.invoke(ErrorReportValve.java:93) ~[tomcat-embed-core-10.1.16.jar!/:na]
	at org.apache.catalina.core.StandardEngineValve.invoke(StandardEngineValve.java:74) ~[tomcat-embed-core-10.1.16.jar!/:na]
	at org.apache.catalina.connector.CoyoteAdapter.service(CoyoteAdapter.java:340) ~[tomcat-embed-core-10.1.16.jar!/:na]
	at org.apache.coyote.http11.Http11Processor.service(Http11Processor.java:391) ~[tomcat-embed-core-10.1.16.jar!/:na]
	at org.apache.coyote.AbstractProcessorLight.process(AbstractProcessorLight.java:63) ~[tomcat-embed-core-10.1.16.jar!/:na]
	at org.apache.coyote.AbstractProtocol$ConnectionHandler.process(AbstractProtocol.java:896) ~[tomcat-embed-core-10.1.16.jar!/:na]
	at org.apache.tomcat.util.net.NioEndpoint$SocketProcessor.doRun(NioEndpoint.java:1744) ~[tomcat-embed-core-10.1.16.jar!/:na]
	at org.apache.tomcat.util.net.SocketProcessorBase.run(SocketProcessorBase.java:52) ~[tomcat-embed-core-10.1.16.jar!/:na]
	at org.apache.tomcat.util.threads.ThreadPoolExecutor.runWorker(ThreadPoolExecutor.java:1191) ~[tomcat-embed-core-10.1.16.jar!/:na]
	at org.apache.tomcat.util.threads.ThreadPoolExecutor$Worker.run(ThreadPoolExecutor.java:659) ~[tomcat-embed-core-10.1.16.jar!/:na]
	at org.apache.tomcat.util.threads.TaskThread$WrappingRunnable.run(TaskThread.java:61) ~[tomcat-embed-core-10.1.16.jar!/:na]
	at java.base/java.lang.Thread.run(Thread.java:840) ~[na:na]


  .   ____          _            __ _ _
 /\\ / ___'_ __ _ _(_)_ __  __ _ \ \ \ \
( ( )\___ | '_ | '_| | '_ \/ _` | \ \ \ \
 \\/  ___)| |_)| | | | | || (_| |  ) ) ) )
  '  |____| .__|_| |_|_| |_\__, | / / / /
 =========|_|==============|___/=/_/_/_/
 :: Spring Boot ::                (v3.2.0)

2026-08-31T19:36:53.600+09:00  INFO 8251 --- [           main] com.example.demo.DemoApplication         : Starting DemoApplication v0.0.1-SNAPSHOT using Java 17.0.20.1 with PID 8251 (/root/admin/target/demo-0.0.1-SNAPSHOT.jar started by root in /root/admin/target)
2026-08-31T19:36:53.602+09:00  INFO 8251 --- [           main] com.example.demo.DemoApplication         : No active profile set, falling back to 1 default profile: "default"
2026-08-31T19:36:55.374+09:00  INFO 8251 --- [           main] .s.d.r.c.RepositoryConfigurationDelegate : Bootstrapping Spring Data JPA repositories in DEFAULT mode.
2026-08-31T19:36:55.457+09:00  INFO 8251 --- [           main] .s.d.r.c.RepositoryConfigurationDelegate : Finished Spring Data repository scanning in 72 ms. Found 5 JPA repository interfaces.
2026-08-31T19:36:56.586+09:00  INFO 8251 --- [           main] o.s.b.w.embedded.tomcat.TomcatWebServer  : Tomcat initialized with port 8080 (http)
2026-08-31T19:36:56.600+09:00  INFO 8251 --- [           main] o.apache.catalina.core.StandardService   : Starting service [Tomcat]
2026-08-31T19:36:56.600+09:00  INFO 8251 --- [           main] o.apache.catalina.core.StandardEngine    : Starting Servlet engine: [Apache Tomcat/10.1.16]
2026-08-31T19:36:56.655+09:00  INFO 8251 --- [           main] o.a.c.c.C.[Tomcat].[localhost].[/]       : Initializing Spring embedded WebApplicationContext
2026-08-31T19:36:56.662+09:00  INFO 8251 --- [           main] w.s.c.ServletWebServerApplicationContext : Root WebApplicationContext: initialization completed in 2938 ms
2026-08-31T19:36:57.021+09:00  INFO 8251 --- [           main] com.zaxxer.hikari.HikariDataSource       : HikariPool-1 - Starting...
2026-08-31T19:36:57.249+09:00  INFO 8251 --- [           main] com.zaxxer.hikari.pool.HikariPool        : HikariPool-1 - Added connection com.mysql.cj.jdbc.ConnectionImpl@733534f9
2026-08-31T19:36:57.252+09:00  INFO 8251 --- [           main] com.zaxxer.hikari.HikariDataSource       : HikariPool-1 - Start completed.
2026-08-31T19:36:57.367+09:00  INFO 8251 --- [           main] o.hibernate.jpa.internal.util.LogHelper  : HHH000204: Processing PersistenceUnitInfo [name: default]
2026-08-31T19:36:57.464+09:00  INFO 8251 --- [           main] org.hibernate.Version                    : HHH000412: Hibernate ORM core version 6.3.1.Final
2026-08-31T19:36:57.510+09:00  INFO 8251 --- [           main] o.h.c.internal.RegionFactoryInitiator    : HHH000026: Second-level cache disabled
2026-08-31T19:36:57.815+09:00  INFO 8251 --- [           main] o.s.o.j.p.SpringPersistenceUnitInfo      : No LoadTimeWeaver setup: ignoring JPA class transformer
2026-08-31T19:36:57.891+09:00  WARN 8251 --- [           main] org.hibernate.orm.deprecation            : HHH90000025: MySQLDialect does not need to be specified explicitly using 'hibernate.dialect' (remove the property setting and it will be selected by default)
2026-08-31T19:36:58.850+09:00  INFO 8251 --- [           main] o.h.e.t.j.p.i.JtaPlatformInitiator       : HHH000489: No JTA platform available (set 'hibernate.transaction.jta.platform' to enable JTA platform integration)
Hibernate: alter table airstrike modify column shlt_id varchar(255) not null
Hibernate: alter table airstrike modify column lat float(53)
Hibernate: alter table airstrike modify column lot float(53)
Hibernate: alter table earthquake modify column shlt_id varchar(255) not null
Hibernate: alter table earthquake modify column lat varchar(255)
Hibernate: alter table earthquake modify column lot varchar(255)
Hibernate: alter table flood modify column lat float(53)
Hibernate: alter table flood modify column lot float(53)
2026-08-31T19:36:59.354+09:00  INFO 8251 --- [           main] j.LocalContainerEntityManagerFactoryBean : Initialized JPA EntityManagerFactory for persistence unit 'default'

>>> [PythonRunner] 실행 시작: scripts/excel_to_mysql.py
[Python Log][scripts/excel_to_mysql.py] python3: can't open file '/root/admin/target/scripts/excel_to_mysql.py': [Errno 2] No such file or directory
>>> [PythonRunner] 실행 종료 (scripts/excel_to_mysql.py, 종료 코드: 2)

>>> [PythonRunner] 실행 시작: scripts/airstrike.py
[Python Log][scripts/airstrike.py] python3: can't open file '/root/admin/target/scripts/airstrike.py': [Errno 2] No such file or directory
>>> [PythonRunner] 실행 종료 (scripts/airstrike.py, 종료 코드: 2)

>>> [PythonRunner] 실행 시작: scripts/earthquake.py
[Python Log][scripts/earthquake.py] python3: can't open file '/root/admin/target/scripts/earthquake.py': [Errno 2] No such file or directory
>>> [PythonRunner] 실행 종료 (scripts/earthquake.py, 종료 코드: 2)
2026-08-31T19:37:00.410+09:00  WARN 8251 --- [           main] JpaBaseConfiguration$JpaWebConfiguration : spring.jpa.open-in-view is enabled by default. Therefore, database queries may be performed during view rendering. Explicitly configure spring.jpa.open-in-view to disable this warning
2026-08-31T19:37:00.461+09:00  INFO 8251 --- [           main] o.s.b.a.w.s.WelcomePageHandlerMapping    : Adding welcome page template: index
2026-08-31T19:37:01.331+09:00  INFO 8251 --- [           main] o.s.b.a.e.web.EndpointLinksResolver      : Exposing 1 endpoint(s) beneath base path '/actuator'
2026-08-31T19:37:01.420+09:00  WARN 8251 --- [           main] ConfigServletWebServerApplicationContext : Exception encountered during context initialization - cancelling refresh attempt: org.springframework.context.ApplicationContextException: Failed to start bean 'webServerStartStop'
2026-08-31T19:37:01.423+09:00  INFO 8251 --- [           main] j.LocalContainerEntityManagerFactoryBean : Closing JPA EntityManagerFactory for persistence unit 'default'
2026-08-31T19:37:01.425+09:00  INFO 8251 --- [           main] com.zaxxer.hikari.HikariDataSource       : HikariPool-1 - Shutdown initiated...
2026-08-31T19:37:01.437+09:00  INFO 8251 --- [           main] com.zaxxer.hikari.HikariDataSource       : HikariPool-1 - Shutdown completed.
2026-08-31T19:37:01.464+09:00  INFO 8251 --- [           main] .s.b.a.l.ConditionEvaluationReportLogger : 

Error starting ApplicationContext. To display the condition evaluation report re-run your application with 'debug' enabled.
2026-08-31T19:37:01.488+09:00 ERROR 8251 --- [           main] o.s.boot.SpringApplication               : Application run failed

org.springframework.context.ApplicationContextException: Failed to start bean 'webServerStartStop'
	at org.springframework.context.support.DefaultLifecycleProcessor.doStart(DefaultLifecycleProcessor.java:287) ~[spring-context-6.1.1.jar!/:6.1.1]
	at org.springframework.context.support.DefaultLifecycleProcessor$LifecycleGroup.start(DefaultLifecycleProcessor.java:467) ~[spring-context-6.1.1.jar!/:6.1.1]
	at java.base/java.lang.Iterable.forEach(Iterable.java:75) ~[na:na]
	at org.springframework.context.support.DefaultLifecycleProcessor.startBeans(DefaultLifecycleProcessor.java:256) ~[spring-context-6.1.1.jar!/:6.1.1]
	at org.springframework.context.support.DefaultLifecycleProcessor.onRefresh(DefaultLifecycleProcessor.java:201) ~[spring-context-6.1.1.jar!/:6.1.1]
	at org.springframework.context.support.AbstractApplicationContext.finishRefresh(AbstractApplicationContext.java:965) ~[spring-context-6.1.1.jar!/:6.1.1]
	at org.springframework.context.support.AbstractApplicationContext.refresh(AbstractApplicationContext.java:619) ~[spring-context-6.1.1.jar!/:6.1.1]
	at org.springframework.boot.web.servlet.context.ServletWebServerApplicationContext.refresh(ServletWebServerApplicationContext.java:146) ~[spring-boot-3.2.0.jar!/:3.2.0]
	at org.springframework.boot.SpringApplication.refresh(SpringApplication.java:753) ~[spring-boot-3.2.0.jar!/:3.2.0]
	at org.springframework.boot.SpringApplication.refreshContext(SpringApplication.java:455) ~[spring-boot-3.2.0.jar!/:3.2.0]
	at org.springframework.boot.SpringApplication.run(SpringApplication.java:323) ~[spring-boot-3.2.0.jar!/:3.2.0]
	at org.springframework.boot.SpringApplication.run(SpringApplication.java:1342) ~[spring-boot-3.2.0.jar!/:3.2.0]
	at org.springframework.boot.SpringApplication.run(SpringApplication.java:1331) ~[spring-boot-3.2.0.jar!/:3.2.0]
	at com.example.demo.DemoApplication.main(DemoApplication.java:12) ~[!/:0.0.1-SNAPSHOT]
	at java.base/jdk.internal.reflect.NativeMethodAccessorImpl.invoke0(Native Method) ~[na:na]
	at java.base/jdk.internal.reflect.NativeMethodAccessorImpl.invoke(NativeMethodAccessorImpl.java:77) ~[na:na]
	at java.base/jdk.internal.reflect.DelegatingMethodAccessorImpl.invoke(DelegatingMethodAccessorImpl.java:43) ~[na:na]
	at java.base/java.lang.reflect.Method.invoke(Method.java:569) ~[na:na]
	at org.springframework.boot.loader.launch.Launcher.launch(Launcher.java:91) ~[demo-0.0.1-SNAPSHOT.jar:0.0.1-SNAPSHOT]
	at org.springframework.boot.loader.launch.Launcher.launch(Launcher.java:53) ~[demo-0.0.1-SNAPSHOT.jar:0.0.1-SNAPSHOT]
	at org.springframework.boot.loader.launch.JarLauncher.main(JarLauncher.java:58) ~[demo-0.0.1-SNAPSHOT.jar:0.0.1-SNAPSHOT]
Caused by: org.springframework.boot.web.server.WebServerException: Unable to start embedded Tomcat server
	at org.springframework.boot.web.embedded.tomcat.TomcatWebServer.start(TomcatWebServer.java:229) ~[spring-boot-3.2.0.jar!/:3.2.0]
	at org.springframework.boot.web.servlet.context.WebServerStartStopLifecycle.start(WebServerStartStopLifecycle.java:44) ~[spring-boot-3.2.0.jar!/:3.2.0]
	at org.springframework.context.support.DefaultLifecycleProcessor.doStart(DefaultLifecycleProcessor.java:284) ~[spring-context-6.1.1.jar!/:6.1.1]
	... 20 common frames omitted
Caused by: java.lang.IllegalArgumentException: standardService.connector.startFailed
	at org.apache.catalina.core.StandardService.addConnector(StandardService.java:235) ~[tomcat-embed-core-10.1.16.jar!/:na]
	at org.springframework.boot.web.embedded.tomcat.TomcatWebServer.addPreviouslyRemovedConnectors(TomcatWebServer.java:286) ~[spring-boot-3.2.0.jar!/:3.2.0]
	at org.springframework.boot.web.embedded.tomcat.TomcatWebServer.start(TomcatWebServer.java:214) ~[spring-boot-3.2.0.jar!/:3.2.0]
	... 22 common frames omitted
Caused by: org.apache.catalina.LifecycleException: Protocol handler start failed
	at org.apache.catalina.connector.Connector.startInternal(Connector.java:1046) ~[tomcat-embed-core-10.1.16.jar!/:na]
	at org.apache.catalina.util.LifecycleBase.start(LifecycleBase.java:171) ~[tomcat-embed-core-10.1.16.jar!/:na]
	at org.apache.catalina.core.StandardService.addConnector(StandardService.java:232) ~[tomcat-embed-core-10.1.16.jar!/:na]
	... 24 common frames omitted
Caused by: java.net.BindException: 주소가 이미 사용 중입니다
	at java.base/sun.nio.ch.Net.bind0(Native Method) ~[na:na]
	at java.base/sun.nio.ch.Net.bind(Net.java:567) ~[na:na]
	at java.base/sun.nio.ch.ServerSocketChannelImpl.netBind(ServerSocketChannelImpl.java:337) ~[na:na]
	at java.base/sun.nio.ch.ServerSocketChannelImpl.bind(ServerSocketChannelImpl.java:294) ~[na:na]
	at org.apache.tomcat.util.net.NioEndpoint.initServerSocket(NioEndpoint.java:247) ~[tomcat-embed-core-10.1.16.jar!/:na]
	at org.apache.tomcat.util.net.NioEndpoint.bind(NioEndpoint.java:202) ~[tomcat-embed-core-10.1.16.jar!/:na]
	at org.apache.tomcat.util.net.AbstractEndpoint.bindWithCleanup(AbstractEndpoint.java:1280) ~[tomcat-embed-core-10.1.16.jar!/:na]
	at org.apache.tomcat.util.net.AbstractEndpoint.start(AbstractEndpoint.java:1366) ~[tomcat-embed-core-10.1.16.jar!/:na]
	at org.apache.coyote.AbstractProtocol.start(AbstractProtocol.java:635) ~[tomcat-embed-core-10.1.16.jar!/:na]
	at org.apache.catalina.connector.Connector.startInternal(Connector.java:1043) ~[tomcat-embed-core-10.1.16.jar!/:na]
	... 26 common frames omitted


  .   ____          _            __ _ _
 /\\ / ___'_ __ _ _(_)_ __  __ _ \ \ \ \
( ( )\___ | '_ | '_| | '_ \/ _` | \ \ \ \
 \\/  ___)| |_)| | | | | || (_| |  ) ) ) )
  '  |____| .__|_| |_|_| |_\__, | / / / /
 =========|_|==============|___/=/_/_/_/
 :: Spring Boot ::                (v3.2.0)

2026-08-31T19:37:53.180+09:00  INFO 8291 --- [           main] com.example.demo.DemoApplication         : Starting DemoApplication v0.0.1-SNAPSHOT using Java 17.0.20.1 with PID 8291 (/root/admin/target/demo-0.0.1-SNAPSHOT.jar started by root in /root/admin/target)
2026-08-31T19:37:53.187+09:00  INFO 8291 --- [           main] com.example.demo.DemoApplication         : No active profile set, falling back to 1 default profile: "default"
2026-08-31T19:37:54.720+09:00  INFO 8291 --- [           main] .s.d.r.c.RepositoryConfigurationDelegate : Bootstrapping Spring Data JPA repositories in DEFAULT mode.
2026-08-31T19:37:54.788+09:00  INFO 8291 --- [           main] .s.d.r.c.RepositoryConfigurationDelegate : Finished Spring Data repository scanning in 60 ms. Found 5 JPA repository interfaces.
2026-08-31T19:37:55.641+09:00  INFO 8291 --- [           main] o.s.b.w.embedded.tomcat.TomcatWebServer  : Tomcat initialized with port 8080 (http)
2026-08-31T19:37:55.649+09:00  INFO 8291 --- [           main] o.apache.catalina.core.StandardService   : Starting service [Tomcat]
2026-08-31T19:37:55.650+09:00  INFO 8291 --- [           main] o.apache.catalina.core.StandardEngine    : Starting Servlet engine: [Apache Tomcat/10.1.16]
2026-08-31T19:37:55.699+09:00  INFO 8291 --- [           main] o.a.c.c.C.[Tomcat].[localhost].[/]       : Initializing Spring embedded WebApplicationContext
2026-08-31T19:37:55.700+09:00  INFO 8291 --- [           main] w.s.c.ServletWebServerApplicationContext : Root WebApplicationContext: initialization completed in 2390 ms
2026-08-31T19:37:56.001+09:00  INFO 8291 --- [           main] com.zaxxer.hikari.HikariDataSource       : HikariPool-1 - Starting...
2026-08-31T19:37:56.199+09:00  INFO 8291 --- [           main] com.zaxxer.hikari.pool.HikariPool        : HikariPool-1 - Added connection com.mysql.cj.jdbc.ConnectionImpl@1f758e4f
2026-08-31T19:37:56.201+09:00  INFO 8291 --- [           main] com.zaxxer.hikari.HikariDataSource       : HikariPool-1 - Start completed.
2026-08-31T19:37:56.316+09:00  INFO 8291 --- [           main] o.hibernate.jpa.internal.util.LogHelper  : HHH000204: Processing PersistenceUnitInfo [name: default]
2026-08-31T19:37:56.369+09:00  INFO 8291 --- [           main] org.hibernate.Version                    : HHH000412: Hibernate ORM core version 6.3.1.Final
2026-08-31T19:37:56.401+09:00  INFO 8291 --- [           main] o.h.c.internal.RegionFactoryInitiator    : HHH000026: Second-level cache disabled
2026-08-31T19:37:56.603+09:00  INFO 8291 --- [           main] o.s.o.j.p.SpringPersistenceUnitInfo      : No LoadTimeWeaver setup: ignoring JPA class transformer
2026-08-31T19:37:56.670+09:00  WARN 8291 --- [           main] org.hibernate.orm.deprecation            : HHH90000025: MySQLDialect does not need to be specified explicitly using 'hibernate.dialect' (remove the property setting and it will be selected by default)
2026-08-31T19:37:57.387+09:00  INFO 8291 --- [           main] o.h.e.t.j.p.i.JtaPlatformInitiator       : HHH000489: No JTA platform available (set 'hibernate.transaction.jta.platform' to enable JTA platform integration)
2026-08-31T19:37:57.442+09:00  INFO 8291 --- [           main] j.LocalContainerEntityManagerFactoryBean : Initialized JPA EntityManagerFactory for persistence unit 'default'

>>> [PythonRunner] 실행 시작: scripts/excel_to_mysql.py
[Python Log][scripts/excel_to_mysql.py] python3: can't open file '/root/admin/target/scripts/excel_to_mysql.py': [Errno 2] No such file or directory
>>> [PythonRunner] 실행 종료 (scripts/excel_to_mysql.py, 종료 코드: 2)

>>> [PythonRunner] 실행 시작: scripts/airstrike.py
[Python Log][scripts/airstrike.py] python3: can't open file '/root/admin/target/scripts/airstrike.py': [Errno 2] No such file or directory
>>> [PythonRunner] 실행 종료 (scripts/airstrike.py, 종료 코드: 2)

>>> [PythonRunner] 실행 시작: scripts/earthquake.py
[Python Log][scripts/earthquake.py] python3: can't open file '/root/admin/target/scripts/earthquake.py': [Errno 2] No such file or directory
>>> [PythonRunner] 실행 종료 (scripts/earthquake.py, 종료 코드: 2)
2026-08-31T19:37:58.386+09:00  WARN 8291 --- [           main] JpaBaseConfiguration$JpaWebConfiguration : spring.jpa.open-in-view is enabled by default. Therefore, database queries may be performed during view rendering. Explicitly configure spring.jpa.open-in-view to disable this warning
2026-08-31T19:37:58.427+09:00  INFO 8291 --- [           main] o.s.b.a.w.s.WelcomePageHandlerMapping    : Adding welcome page template: index
2026-08-31T19:37:59.238+09:00  INFO 8291 --- [           main] o.s.b.a.e.web.EndpointLinksResolver      : Exposing 1 endpoint(s) beneath base path '/actuator'
2026-08-31T19:37:59.322+09:00  WARN 8291 --- [           main] ConfigServletWebServerApplicationContext : Exception encountered during context initialization - cancelling refresh attempt: org.springframework.context.ApplicationContextException: Failed to start bean 'webServerStartStop'
2026-08-31T19:37:59.324+09:00  INFO 8291 --- [           main] j.LocalContainerEntityManagerFactoryBean : Closing JPA EntityManagerFactory for persistence unit 'default'
2026-08-31T19:37:59.326+09:00  INFO 8291 --- [           main] com.zaxxer.hikari.HikariDataSource       : HikariPool-1 - Shutdown initiated...
2026-08-31T19:37:59.335+09:00  INFO 8291 --- [           main] com.zaxxer.hikari.HikariDataSource       : HikariPool-1 - Shutdown completed.
2026-08-31T19:37:59.355+09:00  INFO 8291 --- [           main] .s.b.a.l.ConditionEvaluationReportLogger : 

Error starting ApplicationContext. To display the condition evaluation report re-run your application with 'debug' enabled.
2026-08-31T19:37:59.372+09:00 ERROR 8291 --- [           main] o.s.boot.SpringApplication               : Application run failed

org.springframework.context.ApplicationContextException: Failed to start bean 'webServerStartStop'
	at org.springframework.context.support.DefaultLifecycleProcessor.doStart(DefaultLifecycleProcessor.java:287) ~[spring-context-6.1.1.jar!/:6.1.1]
	at org.springframework.context.support.DefaultLifecycleProcessor$LifecycleGroup.start(DefaultLifecycleProcessor.java:467) ~[spring-context-6.1.1.jar!/:6.1.1]
	at java.base/java.lang.Iterable.forEach(Iterable.java:75) ~[na:na]
	at org.springframework.context.support.DefaultLifecycleProcessor.startBeans(DefaultLifecycleProcessor.java:256) ~[spring-context-6.1.1.jar!/:6.1.1]
	at org.springframework.context.support.DefaultLifecycleProcessor.onRefresh(DefaultLifecycleProcessor.java:201) ~[spring-context-6.1.1.jar!/:6.1.1]
	at org.springframework.context.support.AbstractApplicationContext.finishRefresh(AbstractApplicationContext.java:965) ~[spring-context-6.1.1.jar!/:6.1.1]
	at org.springframework.context.support.AbstractApplicationContext.refresh(AbstractApplicationContext.java:619) ~[spring-context-6.1.1.jar!/:6.1.1]
	at org.springframework.boot.web.servlet.context.ServletWebServerApplicationContext.refresh(ServletWebServerApplicationContext.java:146) ~[spring-boot-3.2.0.jar!/:3.2.0]
	at org.springframework.boot.SpringApplication.refresh(SpringApplication.java:753) ~[spring-boot-3.2.0.jar!/:3.2.0]
	at org.springframework.boot.SpringApplication.refreshContext(SpringApplication.java:455) ~[spring-boot-3.2.0.jar!/:3.2.0]
	at org.springframework.boot.SpringApplication.run(SpringApplication.java:323) ~[spring-boot-3.2.0.jar!/:3.2.0]
	at org.springframework.boot.SpringApplication.run(SpringApplication.java:1342) ~[spring-boot-3.2.0.jar!/:3.2.0]
	at org.springframework.boot.SpringApplication.run(SpringApplication.java:1331) ~[spring-boot-3.2.0.jar!/:3.2.0]
	at com.example.demo.DemoApplication.main(DemoApplication.java:12) ~[!/:0.0.1-SNAPSHOT]
	at java.base/jdk.internal.reflect.NativeMethodAccessorImpl.invoke0(Native Method) ~[na:na]
	at java.base/jdk.internal.reflect.NativeMethodAccessorImpl.invoke(NativeMethodAccessorImpl.java:77) ~[na:na]
	at java.base/jdk.internal.reflect.DelegatingMethodAccessorImpl.invoke(DelegatingMethodAccessorImpl.java:43) ~[na:na]
	at java.base/java.lang.reflect.Method.invoke(Method.java:569) ~[na:na]
	at org.springframework.boot.loader.launch.Launcher.launch(Launcher.java:91) ~[demo-0.0.1-SNAPSHOT.jar:0.0.1-SNAPSHOT]
	at org.springframework.boot.loader.launch.Launcher.launch(Launcher.java:53) ~[demo-0.0.1-SNAPSHOT.jar:0.0.1-SNAPSHOT]
	at org.springframework.boot.loader.launch.JarLauncher.main(JarLauncher.java:58) ~[demo-0.0.1-SNAPSHOT.jar:0.0.1-SNAPSHOT]
Caused by: org.springframework.boot.web.server.WebServerException: Unable to start embedded Tomcat server
	at org.springframework.boot.web.embedded.tomcat.TomcatWebServer.start(TomcatWebServer.java:229) ~[spring-boot-3.2.0.jar!/:3.2.0]
	at org.springframework.boot.web.servlet.context.WebServerStartStopLifecycle.start(WebServerStartStopLifecycle.java:44) ~[spring-boot-3.2.0.jar!/:3.2.0]
	at org.springframework.context.support.DefaultLifecycleProcessor.doStart(DefaultLifecycleProcessor.java:284) ~[spring-context-6.1.1.jar!/:6.1.1]
	... 20 common frames omitted
Caused by: java.lang.IllegalArgumentException: standardService.connector.startFailed
	at org.apache.catalina.core.StandardService.addConnector(StandardService.java:235) ~[tomcat-embed-core-10.1.16.jar!/:na]
	at org.springframework.boot.web.embedded.tomcat.TomcatWebServer.addPreviouslyRemovedConnectors(TomcatWebServer.java:286) ~[spring-boot-3.2.0.jar!/:3.2.0]
	at org.springframework.boot.web.embedded.tomcat.TomcatWebServer.start(TomcatWebServer.java:214) ~[spring-boot-3.2.0.jar!/:3.2.0]
	... 22 common frames omitted
Caused by: org.apache.catalina.LifecycleException: Protocol handler start failed
	at org.apache.catalina.connector.Connector.startInternal(Connector.java:1046) ~[tomcat-embed-core-10.1.16.jar!/:na]
	at org.apache.catalina.util.LifecycleBase.start(LifecycleBase.java:171) ~[tomcat-embed-core-10.1.16.jar!/:na]
	at org.apache.catalina.core.StandardService.addConnector(StandardService.java:232) ~[tomcat-embed-core-10.1.16.jar!/:na]
	... 24 common frames omitted
Caused by: java.net.BindException: 주소가 이미 사용 중입니다
	at java.base/sun.nio.ch.Net.bind0(Native Method) ~[na:na]
	at java.base/sun.nio.ch.Net.bind(Net.java:567) ~[na:na]
	at java.base/sun.nio.ch.ServerSocketChannelImpl.netBind(ServerSocketChannelImpl.java:337) ~[na:na]
	at java.base/sun.nio.ch.ServerSocketChannelImpl.bind(ServerSocketChannelImpl.java:294) ~[na:na]
	at org.apache.tomcat.util.net.NioEndpoint.initServerSocket(NioEndpoint.java:247) ~[tomcat-embed-core-10.1.16.jar!/:na]
	at org.apache.tomcat.util.net.NioEndpoint.bind(NioEndpoint.java:202) ~[tomcat-embed-core-10.1.16.jar!/:na]
	at org.apache.tomcat.util.net.AbstractEndpoint.bindWithCleanup(AbstractEndpoint.java:1280) ~[tomcat-embed-core-10.1.16.jar!/:na]
	at org.apache.tomcat.util.net.AbstractEndpoint.start(AbstractEndpoint.java:1366) ~[tomcat-embed-core-10.1.16.jar!/:na]
	at org.apache.coyote.AbstractProtocol.start(AbstractProtocol.java:635) ~[tomcat-embed-core-10.1.16.jar!/:na]
	at org.apache.catalina.connector.Connector.startInternal(Connector.java:1043) ~[tomcat-embed-core-10.1.16.jar!/:na]
	... 26 common frames omitted


  .   ____          _            __ _ _
 /\\ / ___'_ __ _ _(_)_ __  __ _ \ \ \ \
( ( )\___ | '_ | '_| | '_ \/ _` | \ \ \ \
 \\/  ___)| |_)| | | | | || (_| |  ) ) ) )
  '  |____| .__|_| |_|_| |_\__, | / / / /
 =========|_|==============|___/=/_/_/_/
 :: Spring Boot ::                (v3.2.0)

2026-08-31T19:39:45.986+09:00  INFO 8324 --- [           main] com.example.demo.DemoApplication         : Starting DemoApplication v0.0.1-SNAPSHOT using Java 17.0.20.1 with PID 8324 (/root/admin/target/demo-0.0.1-SNAPSHOT.jar started by root in /root/admin/target)
2026-08-31T19:39:45.988+09:00  INFO 8324 --- [           main] com.example.demo.DemoApplication         : No active profile set, falling back to 1 default profile: "default"
2026-08-31T19:39:47.260+09:00  INFO 8324 --- [           main] .s.d.r.c.RepositoryConfigurationDelegate : Bootstrapping Spring Data JPA repositories in DEFAULT mode.
2026-08-31T19:39:47.312+09:00  INFO 8324 --- [           main] .s.d.r.c.RepositoryConfigurationDelegate : Finished Spring Data repository scanning in 45 ms. Found 5 JPA repository interfaces.
2026-08-31T19:39:48.083+09:00  INFO 8324 --- [           main] o.s.b.w.embedded.tomcat.TomcatWebServer  : Tomcat initialized with port 8080 (http)
2026-08-31T19:39:48.091+09:00  INFO 8324 --- [           main] o.apache.catalina.core.StandardService   : Starting service [Tomcat]
2026-08-31T19:39:48.092+09:00  INFO 8324 --- [           main] o.apache.catalina.core.StandardEngine    : Starting Servlet engine: [Apache Tomcat/10.1.16]
2026-08-31T19:39:48.129+09:00  INFO 8324 --- [           main] o.a.c.c.C.[Tomcat].[localhost].[/]       : Initializing Spring embedded WebApplicationContext
2026-08-31T19:39:48.130+09:00  INFO 8324 --- [           main] w.s.c.ServletWebServerApplicationContext : Root WebApplicationContext: initialization completed in 2063 ms
2026-08-31T19:39:48.472+09:00  INFO 8324 --- [           main] com.zaxxer.hikari.HikariDataSource       : HikariPool-1 - Starting...
2026-08-31T19:39:48.680+09:00  INFO 8324 --- [           main] com.zaxxer.hikari.pool.HikariPool        : HikariPool-1 - Added connection com.mysql.cj.jdbc.ConnectionImpl@733534f9
2026-08-31T19:39:48.682+09:00  INFO 8324 --- [           main] com.zaxxer.hikari.HikariDataSource       : HikariPool-1 - Start completed.
2026-08-31T19:39:48.799+09:00  INFO 8324 --- [           main] o.hibernate.jpa.internal.util.LogHelper  : HHH000204: Processing PersistenceUnitInfo [name: default]
2026-08-31T19:39:48.860+09:00  INFO 8324 --- [           main] org.hibernate.Version                    : HHH000412: Hibernate ORM core version 6.3.1.Final
2026-08-31T19:39:48.900+09:00  INFO 8324 --- [           main] o.h.c.internal.RegionFactoryInitiator    : HHH000026: Second-level cache disabled
2026-08-31T19:39:49.112+09:00  INFO 8324 --- [           main] o.s.o.j.p.SpringPersistenceUnitInfo      : No LoadTimeWeaver setup: ignoring JPA class transformer
2026-08-31T19:39:49.168+09:00  WARN 8324 --- [           main] org.hibernate.orm.deprecation            : HHH90000025: MySQLDialect does not need to be specified explicitly using 'hibernate.dialect' (remove the property setting and it will be selected by default)
2026-08-31T19:39:49.906+09:00  INFO 8324 --- [           main] o.h.e.t.j.p.i.JtaPlatformInitiator       : HHH000489: No JTA platform available (set 'hibernate.transaction.jta.platform' to enable JTA platform integration)
2026-08-31T19:39:49.963+09:00  INFO 8324 --- [           main] j.LocalContainerEntityManagerFactoryBean : Initialized JPA EntityManagerFactory for persistence unit 'default'

>>> [PythonRunner] 실행 시작: scripts/excel_to_mysql.py
[Python Log][scripts/excel_to_mysql.py] python3: can't open file '/root/admin/target/scripts/excel_to_mysql.py': [Errno 2] No such file or directory
>>> [PythonRunner] 실행 종료 (scripts/excel_to_mysql.py, 종료 코드: 2)

>>> [PythonRunner] 실행 시작: scripts/airstrike.py
[Python Log][scripts/airstrike.py] python3: can't open file '/root/admin/target/scripts/airstrike.py': [Errno 2] No such file or directory
>>> [PythonRunner] 실행 종료 (scripts/airstrike.py, 종료 코드: 2)

>>> [PythonRunner] 실행 시작: scripts/earthquake.py
[Python Log][scripts/earthquake.py] python3: can't open file '/root/admin/target/scripts/earthquake.py': [Errno 2] No such file or directory
>>> [PythonRunner] 실행 종료 (scripts/earthquake.py, 종료 코드: 2)
2026-08-31T19:39:50.913+09:00  WARN 8324 --- [           main] JpaBaseConfiguration$JpaWebConfiguration : spring.jpa.open-in-view is enabled by default. Therefore, database queries may be performed during view rendering. Explicitly configure spring.jpa.open-in-view to disable this warning
2026-08-31T19:39:50.960+09:00  INFO 8324 --- [           main] o.s.b.a.w.s.WelcomePageHandlerMapping    : Adding welcome page template: index
2026-08-31T19:39:51.799+09:00  INFO 8324 --- [           main] o.s.b.a.e.web.EndpointLinksResolver      : Exposing 1 endpoint(s) beneath base path '/actuator'
2026-08-31T19:39:51.893+09:00  INFO 8324 --- [           main] o.s.b.w.embedded.tomcat.TomcatWebServer  : Tomcat started on port 8080 (http) with context path ''
2026-08-31T19:39:51.908+09:00  INFO 8324 --- [           main] com.example.demo.DemoApplication         : Started DemoApplication in 6.495 seconds (process running for 6.996)
Hibernate: select u1_0.id from user u1_0 where u1_0.username=? limit ?
2026-08-31T19:40:26.338+09:00  INFO 8324 --- [nio-8080-exec-1] o.a.c.c.C.[Tomcat].[localhost].[/]       : Initializing Spring DispatcherServlet 'dispatcherServlet'
2026-08-31T19:40:26.338+09:00  INFO 8324 --- [nio-8080-exec-1] o.s.web.servlet.DispatcherServlet        : Initializing Servlet 'dispatcherServlet'
2026-08-31T19:40:26.339+09:00  INFO 8324 --- [nio-8080-exec-1] o.s.web.servlet.DispatcherServlet        : Completed initialization in 1 ms
Hibernate: select es1_0.shlt_id,es1_0.ctpv_nm,es1_0.daddr,es1_0.fclt_nm,es1_0.lat,es1_0.lot,es1_0.mng_dept_nm,es1_0.sgg_nm from earthquake es1_0 where es1_0.shlt_id=?
Hibernate: insert into earthquake (ctpv_nm,daddr,fclt_nm,lat,lot,mng_dept_nm,sgg_nm,shlt_id) values (?,?,?,?,?,?,?,?)
Hibernate: select es1_0.shlt_id,es1_0.ctpv_nm,es1_0.daddr,es1_0.fclt_nm,es1_0.lat,es1_0.lot,es1_0.mng_dept_nm,es1_0.sgg_nm from earthquake es1_0 limit ?,?
Hibernate: select count(es1_0.shlt_id) from earthquake es1_0
Hibernate: select ars1_0.shlt_id,ars1_0.ctpv_nm,ars1_0.daddr,ars1_0.fclt_nm,ars1_0.lat,ars1_0.lot,ars1_0.mng_dept_nm,ars1_0.sgg_nm from airstrike ars1_0 limit ?,?
Hibernate: select count(ars1_0.shlt_id) from airstrike ars1_0
Hibernate: select ars1_0.shlt_id,ars1_0.ctpv_nm,ars1_0.daddr,ars1_0.fclt_nm,ars1_0.lat,ars1_0.lot,ars1_0.mng_dept_nm,ars1_0.sgg_nm from airstrike ars1_0 where ars1_0.shlt_id=?
Hibernate: insert into airstrike (ctpv_nm,daddr,fclt_nm,lat,lot,mng_dept_nm,sgg_nm,shlt_id) values (?,?,?,?,?,?,?,?)
Hibernate: select ars1_0.shlt_id,ars1_0.ctpv_nm,ars1_0.daddr,ars1_0.fclt_nm,ars1_0.lat,ars1_0.lot,ars1_0.mng_dept_nm,ars1_0.sgg_nm from airstrike ars1_0 limit ?,?
Hibernate: select count(ars1_0.shlt_id) from airstrike ars1_0
Hibernate: select fs1_0.shlt_id,fs1_0.ctpv_nm,fs1_0.daddr,fs1_0.fclt_nm,fs1_0.lat,fs1_0.lot,fs1_0.mng_dept_nm,fs1_0.sgg_nm from flood fs1_0 limit ?,?
Hibernate: select count(fs1_0.shlt_id) from flood fs1_0
Hibernate: select fs1_0.shlt_id,fs1_0.ctpv_nm,fs1_0.daddr,fs1_0.fclt_nm,fs1_0.lat,fs1_0.lot,fs1_0.mng_dept_nm,fs1_0.sgg_nm from flood fs1_0 where fs1_0.fclt_nm like ? escape '\\' or fs1_0.daddr like ? escape '\\' limit ?,?
Hibernate: select fs1_0.shlt_id,fs1_0.ctpv_nm,fs1_0.daddr,fs1_0.fclt_nm,fs1_0.lat,fs1_0.lot,fs1_0.mng_dept_nm,fs1_0.sgg_nm from flood fs1_0 where fs1_0.fclt_nm like ? escape '\\' or fs1_0.daddr like ? escape '\\' limit ?,?
Hibernate: select ars1_0.shlt_id,ars1_0.ctpv_nm,ars1_0.daddr,ars1_0.fclt_nm,ars1_0.lat,ars1_0.lot,ars1_0.mng_dept_nm,ars1_0.sgg_nm from airstrike ars1_0 limit ?,?
Hibernate: select count(ars1_0.shlt_id) from airstrike ars1_0
Hibernate: select ars1_0.shlt_id,ars1_0.ctpv_nm,ars1_0.daddr,ars1_0.fclt_nm,ars1_0.lat,ars1_0.lot,ars1_0.mng_dept_nm,ars1_0.sgg_nm from airstrike ars1_0 where ars1_0.fclt_nm like ? escape '\\' or ars1_0.daddr like ? escape '\\' limit ?,?
>>> 공습 대피소 파이썬 DB 연동 실행
python: can't open file '/root/admin/target/scripts/airstrike.py': [Errno 2] No such file or directory
java.lang.RuntimeException: 파이썬 스크립트 실행 실패 (Exit Code: 2)
	at com.example.demo.service.AirRaidShelterService.syncData(AirRaidShelterService.java:67)
	at java.base/jdk.internal.reflect.NativeMethodAccessorImpl.invoke0(Native Method)
	at java.base/jdk.internal.reflect.NativeMethodAccessorImpl.invoke(NativeMethodAccessorImpl.java:77)
	at java.base/jdk.internal.reflect.DelegatingMethodAccessorImpl.invoke(DelegatingMethodAccessorImpl.java:43)
	at java.base/java.lang.reflect.Method.invoke(Method.java:569)
	at org.springframework.aop.support.AopUtils.invokeJoinpointUsingReflection(AopUtils.java:352)
	at org.springframework.aop.framework.ReflectiveMethodInvocation.invokeJoinpoint(ReflectiveMethodInvocation.java:196)
	at org.springframework.aop.framework.ReflectiveMethodInvocation.proceed(ReflectiveMethodInvocation.java:163)
	at org.springframework.aop.framework.CglibAopProxy$CglibMethodInvocation.proceed(CglibAopProxy.java:765)
	at org.springframework.transaction.interceptor.TransactionInterceptor$1.proceedWithInvocation(TransactionInterceptor.java:123)
	at org.springframework.transaction.interceptor.TransactionAspectSupport.invokeWithinTransaction(TransactionAspectSupport.java:385)
	at org.springframework.transaction.interceptor.TransactionInterceptor.invoke(TransactionInterceptor.java:119)
	at org.springframework.aop.framework.ReflectiveMethodInvocation.proceed(ReflectiveMethodInvocation.java:184)
	at org.springframework.aop.framework.CglibAopProxy$CglibMethodInvocation.proceed(CglibAopProxy.java:765)
	at org.springframework.aop.framework.CglibAopProxy$DynamicAdvisedInterceptor.intercept(CglibAopProxy.java:717)
	at com.example.demo.service.AirRaidShelterService$$SpringCGLIB$$0.syncData(<generated>)
	at com.example.demo.controller.AirRaidShelterController.syncAirRaidShelters(AirRaidShelterController.java:111)
	at java.base/jdk.internal.reflect.NativeMethodAccessorImpl.invoke0(Native Method)
	at java.base/jdk.internal.reflect.NativeMethodAccessorImpl.invoke(NativeMethodAccessorImpl.java:77)
	at java.base/jdk.internal.reflect.DelegatingMethodAccessorImpl.invoke(DelegatingMethodAccessorImpl.java:43)
	at java.base/java.lang.reflect.Method.invoke(Method.java:569)
	at org.springframework.web.method.support.InvocableHandlerMethod.doInvoke(InvocableHandlerMethod.java:254)
	at org.springframework.web.method.support.InvocableHandlerMethod.invokeForRequest(InvocableHandlerMethod.java:182)
	at org.springframework.web.servlet.mvc.method.annotation.ServletInvocableHandlerMethod.invokeAndHandle(ServletInvocableHandlerMethod.java:118)
	at org.springframework.web.servlet.mvc.method.annotation.RequestMappingHandlerAdapter.invokeHandlerMethod(RequestMappingHandlerAdapter.java:917)
	at org.springframework.web.servlet.mvc.method.annotation.RequestMappingHandlerAdapter.handleInternal(RequestMappingHandlerAdapter.java:829)
	at org.springframework.web.servlet.mvc.method.AbstractHandlerMethodAdapter.handle(AbstractHandlerMethodAdapter.java:87)
	at org.springframework.web.servlet.DispatcherServlet.doDispatch(DispatcherServlet.java:1089)
	at org.springframework.web.servlet.DispatcherServlet.doService(DispatcherServlet.java:979)
	at org.springframework.web.servlet.FrameworkServlet.processRequest(FrameworkServlet.java:1014)
	at org.springframework.web.servlet.FrameworkServlet.doPost(FrameworkServlet.java:914)
	at jakarta.servlet.http.HttpServlet.service(HttpServlet.java:590)
	at org.springframework.web.servlet.FrameworkServlet.service(FrameworkServlet.java:885)
	at jakarta.servlet.http.HttpServlet.service(HttpServlet.java:658)
	at org.apache.catalina.core.ApplicationFilterChain.internalDoFilter(ApplicationFilterChain.java:205)
	at org.apache.catalina.core.ApplicationFilterChain.doFilter(ApplicationFilterChain.java:149)
	at org.apache.tomcat.websocket.server.WsFilter.doFilter(WsFilter.java:51)
	at org.apache.catalina.core.ApplicationFilterChain.internalDoFilter(ApplicationFilterChain.java:174)
	at org.apache.catalina.core.ApplicationFilterChain.doFilter(ApplicationFilterChain.java:149)
	at org.springframework.web.filter.RequestContextFilter.doFilterInternal(RequestContextFilter.java:100)
	at org.springframework.web.filter.OncePerRequestFilter.doFilter(OncePerRequestFilter.java:116)
	at org.apache.catalina.core.ApplicationFilterChain.internalDoFilter(ApplicationFilterChain.java:174)
	at org.apache.catalina.core.ApplicationFilterChain.doFilter(ApplicationFilterChain.java:149)
	at org.springframework.web.filter.FormContentFilter.doFilterInternal(FormContentFilter.java:93)
	at org.springframework.web.filter.OncePerRequestFilter.doFilter(OncePerRequestFilter.java:116)
	at org.apache.catalina.core.ApplicationFilterChain.internalDoFilter(ApplicationFilterChain.java:174)
	at org.apache.catalina.core.ApplicationFilterChain.doFilter(ApplicationFilterChain.java:149)
	at org.springframework.web.filter.ServerHttpObservationFilter.doFilterInternal(ServerHttpObservationFilter.java:109)
	at org.springframework.web.filter.OncePerRequestFilter.doFilter(OncePerRequestFilter.java:116)
	at org.apache.catalina.core.ApplicationFilterChain.internalDoFilter(ApplicationFilterChain.java:174)
	at org.apache.catalina.core.ApplicationFilterChain.doFilter(ApplicationFilterChain.java:149)
	at org.springframework.web.filter.CharacterEncodingFilter.doFilterInternal(CharacterEncodingFilter.java:201)
	at org.springframework.web.filter.OncePerRequestFilter.doFilter(OncePerRequestFilter.java:116)
	at org.apache.catalina.core.ApplicationFilterChain.internalDoFilter(ApplicationFilterChain.java:174)
	at org.apache.catalina.core.ApplicationFilterChain.doFilter(ApplicationFilterChain.java:149)
	at org.apache.catalina.core.StandardWrapperValve.invoke(StandardWrapperValve.java:167)
	at org.apache.catalina.core.StandardContextValve.invoke(StandardContextValve.java:90)
	at org.apache.catalina.authenticator.AuthenticatorBase.invoke(AuthenticatorBase.java:482)
	at org.apache.catalina.core.StandardHostValve.invoke(StandardHostValve.java:115)
	at org.apache.catalina.valves.ErrorReportValve.invoke(ErrorReportValve.java:93)
	at org.apache.catalina.core.StandardEngineValve.invoke(StandardEngineValve.java:74)
	at org.apache.catalina.connector.CoyoteAdapter.service(CoyoteAdapter.java:340)
	at org.apache.coyote.http11.Http11Processor.service(Http11Processor.java:391)
	at org.apache.coyote.AbstractProcessorLight.process(AbstractProcessorLight.java:63)
	at org.apache.coyote.AbstractProtocol$ConnectionHandler.process(AbstractProtocol.java:896)
	at org.apache.tomcat.util.net.NioEndpoint$SocketProcessor.doRun(NioEndpoint.java:1744)
	at org.apache.tomcat.util.net.SocketProcessorBase.run(SocketProcessorBase.java:52)
	at org.apache.tomcat.util.threads.ThreadPoolExecutor.runWorker(ThreadPoolExecutor.java:1191)
	at org.apache.tomcat.util.threads.ThreadPoolExecutor$Worker.run(ThreadPoolExecutor.java:659)
	at org.apache.tomcat.util.threads.TaskThread$WrappingRunnable.run(TaskThread.java:61)
	at java.base/java.lang.Thread.run(Thread.java:840)
2026-09-01T10:22:54.026+09:00 ERROR 8324 --- [nio-8080-exec-3] o.a.c.c.C.[.[.[/].[dispatcherServlet]    : Servlet.service() for servlet [dispatcherServlet] in context with path [] threw exception [Request processing failed: java.lang.RuntimeException: 공습 DB 연동 중 오류 발생: 파이썬 스크립트 실행 실패 (Exit Code: 2)] with root cause

java.lang.RuntimeException: 공습 DB 연동 중 오류 발생: 파이썬 스크립트 실행 실패 (Exit Code: 2)
	at com.example.demo.service.AirRaidShelterService.syncData(AirRaidShelterService.java:72) ~[!/:0.0.1-SNAPSHOT]
	at java.base/jdk.internal.reflect.NativeMethodAccessorImpl.invoke0(Native Method) ~[na:na]
	at java.base/jdk.internal.reflect.NativeMethodAccessorImpl.invoke(NativeMethodAccessorImpl.java:77) ~[na:na]
	at java.base/jdk.internal.reflect.DelegatingMethodAccessorImpl.invoke(DelegatingMethodAccessorImpl.java:43) ~[na:na]
	at java.base/java.lang.reflect.Method.invoke(Method.java:569) ~[na:na]
	at org.springframework.aop.support.AopUtils.invokeJoinpointUsingReflection(AopUtils.java:352) ~[spring-aop-6.1.1.jar!/:6.1.1]
	at org.springframework.aop.framework.ReflectiveMethodInvocation.invokeJoinpoint(ReflectiveMethodInvocation.java:196) ~[spring-aop-6.1.1.jar!/:6.1.1]
	at org.springframework.aop.framework.ReflectiveMethodInvocation.proceed(ReflectiveMethodInvocation.java:163) ~[spring-aop-6.1.1.jar!/:6.1.1]
	at org.springframework.aop.framework.CglibAopProxy$CglibMethodInvocation.proceed(CglibAopProxy.java:765) ~[spring-aop-6.1.1.jar!/:6.1.1]
	at org.springframework.transaction.interceptor.TransactionInterceptor$1.proceedWithInvocation(TransactionInterceptor.java:123) ~[spring-tx-6.1.1.jar!/:6.1.1]
	at org.springframework.transaction.interceptor.TransactionAspectSupport.invokeWithinTransaction(TransactionAspectSupport.java:385) ~[spring-tx-6.1.1.jar!/:6.1.1]
	at org.springframework.transaction.interceptor.TransactionInterceptor.invoke(TransactionInterceptor.java:119) ~[spring-tx-6.1.1.jar!/:6.1.1]
	at org.springframework.aop.framework.ReflectiveMethodInvocation.proceed(ReflectiveMethodInvocation.java:184) ~[spring-aop-6.1.1.jar!/:6.1.1]
	at org.springframework.aop.framework.CglibAopProxy$CglibMethodInvocation.proceed(CglibAopProxy.java:765) ~[spring-aop-6.1.1.jar!/:6.1.1]
	at org.springframework.aop.framework.CglibAopProxy$DynamicAdvisedInterceptor.intercept(CglibAopProxy.java:717) ~[spring-aop-6.1.1.jar!/:6.1.1]
	at com.example.demo.service.AirRaidShelterService$$SpringCGLIB$$0.syncData(<generated>) ~[!/:0.0.1-SNAPSHOT]
	at com.example.demo.controller.AirRaidShelterController.syncAirRaidShelters(AirRaidShelterController.java:111) ~[!/:0.0.1-SNAPSHOT]
	at java.base/jdk.internal.reflect.NativeMethodAccessorImpl.invoke0(Native Method) ~[na:na]
	at java.base/jdk.internal.reflect.NativeMethodAccessorImpl.invoke(NativeMethodAccessorImpl.java:77) ~[na:na]
	at java.base/jdk.internal.reflect.DelegatingMethodAccessorImpl.invoke(DelegatingMethodAccessorImpl.java:43) ~[na:na]
	at java.base/java.lang.reflect.Method.invoke(Method.java:569) ~[na:na]
	at org.springframework.web.method.support.InvocableHandlerMethod.doInvoke(InvocableHandlerMethod.java:254) ~[spring-web-6.1.1.jar!/:6.1.1]
	at org.springframework.web.method.support.InvocableHandlerMethod.invokeForRequest(InvocableHandlerMethod.java:182) ~[spring-web-6.1.1.jar!/:6.1.1]
	at org.springframework.web.servlet.mvc.method.annotation.ServletInvocableHandlerMethod.invokeAndHandle(ServletInvocableHandlerMethod.java:118) ~[spring-webmvc-6.1.1.jar!/:6.1.1]
	at org.springframework.web.servlet.mvc.method.annotation.RequestMappingHandlerAdapter.invokeHandlerMethod(RequestMappingHandlerAdapter.java:917) ~[spring-webmvc-6.1.1.jar!/:6.1.1]
	at org.springframework.web.servlet.mvc.method.annotation.RequestMappingHandlerAdapter.handleInternal(RequestMappingHandlerAdapter.java:829) ~[spring-webmvc-6.1.1.jar!/:6.1.1]
	at org.springframework.web.servlet.mvc.method.AbstractHandlerMethodAdapter.handle(AbstractHandlerMethodAdapter.java:87) ~[spring-webmvc-6.1.1.jar!/:6.1.1]
	at org.springframework.web.servlet.DispatcherServlet.doDispatch(DispatcherServlet.java:1089) ~[spring-webmvc-6.1.1.jar!/:6.1.1]
	at org.springframework.web.servlet.DispatcherServlet.doService(DispatcherServlet.java:979) ~[spring-webmvc-6.1.1.jar!/:6.1.1]
	at org.springframework.web.servlet.FrameworkServlet.processRequest(FrameworkServlet.java:1014) ~[spring-webmvc-6.1.1.jar!/:6.1.1]
	at org.springframework.web.servlet.FrameworkServlet.doPost(FrameworkServlet.java:914) ~[spring-webmvc-6.1.1.jar!/:6.1.1]
	at jakarta.servlet.http.HttpServlet.service(HttpServlet.java:590) ~[tomcat-embed-core-10.1.16.jar!/:na]
	at org.springframework.web.servlet.FrameworkServlet.service(FrameworkServlet.java:885) ~[spring-webmvc-6.1.1.jar!/:6.1.1]
	at jakarta.servlet.http.HttpServlet.service(HttpServlet.java:658) ~[tomcat-embed-core-10.1.16.jar!/:na]
	at org.apache.catalina.core.ApplicationFilterChain.internalDoFilter(ApplicationFilterChain.java:205) ~[tomcat-embed-core-10.1.16.jar!/:na]
	at org.apache.catalina.core.ApplicationFilterChain.doFilter(ApplicationFilterChain.java:149) ~[tomcat-embed-core-10.1.16.jar!/:na]
	at org.apache.tomcat.websocket.server.WsFilter.doFilter(WsFilter.java:51) ~[tomcat-embed-websocket-10.1.16.jar!/:na]
	at org.apache.catalina.core.ApplicationFilterChain.internalDoFilter(ApplicationFilterChain.java:174) ~[tomcat-embed-core-10.1.16.jar!/:na]
	at org.apache.catalina.core.ApplicationFilterChain.doFilter(ApplicationFilterChain.java:149) ~[tomcat-embed-core-10.1.16.jar!/:na]
	at org.springframework.web.filter.RequestContextFilter.doFilterInternal(RequestContextFilter.java:100) ~[spring-web-6.1.1.jar!/:6.1.1]
	at org.springframework.web.filter.OncePerRequestFilter.doFilter(OncePerRequestFilter.java:116) ~[spring-web-6.1.1.jar!/:6.1.1]
	at org.apache.catalina.core.ApplicationFilterChain.internalDoFilter(ApplicationFilterChain.java:174) ~[tomcat-embed-core-10.1.16.jar!/:na]
	at org.apache.catalina.core.ApplicationFilterChain.doFilter(ApplicationFilterChain.java:149) ~[tomcat-embed-core-10.1.16.jar!/:na]
	at org.springframework.web.filter.FormContentFilter.doFilterInternal(FormContentFilter.java:93) ~[spring-web-6.1.1.jar!/:6.1.1]
	at org.springframework.web.filter.OncePerRequestFilter.doFilter(OncePerRequestFilter.java:116) ~[spring-web-6.1.1.jar!/:6.1.1]
	at org.apache.catalina.core.ApplicationFilterChain.internalDoFilter(ApplicationFilterChain.java:174) ~[tomcat-embed-core-10.1.16.jar!/:na]
	at org.apache.catalina.core.ApplicationFilterChain.doFilter(ApplicationFilterChain.java:149) ~[tomcat-embed-core-10.1.16.jar!/:na]
	at org.springframework.web.filter.ServerHttpObservationFilter.doFilterInternal(ServerHttpObservationFilter.java:109) ~[spring-web-6.1.1.jar!/:6.1.1]
	at org.springframework.web.filter.OncePerRequestFilter.doFilter(OncePerRequestFilter.java:116) ~[spring-web-6.1.1.jar!/:6.1.1]
	at org.apache.catalina.core.ApplicationFilterChain.internalDoFilter(ApplicationFilterChain.java:174) ~[tomcat-embed-core-10.1.16.jar!/:na]
	at org.apache.catalina.core.ApplicationFilterChain.doFilter(ApplicationFilterChain.java:149) ~[tomcat-embed-core-10.1.16.jar!/:na]
	at org.springframework.web.filter.CharacterEncodingFilter.doFilterInternal(CharacterEncodingFilter.java:201) ~[spring-web-6.1.1.jar!/:6.1.1]
	at org.springframework.web.filter.OncePerRequestFilter.doFilter(OncePerRequestFilter.java:116) ~[spring-web-6.1.1.jar!/:6.1.1]
	at org.apache.catalina.core.ApplicationFilterChain.internalDoFilter(ApplicationFilterChain.java:174) ~[tomcat-embed-core-10.1.16.jar!/:na]
	at org.apache.catalina.core.ApplicationFilterChain.doFilter(ApplicationFilterChain.java:149) ~[tomcat-embed-core-10.1.16.jar!/:na]
	at org.apache.catalina.core.StandardWrapperValve.invoke(StandardWrapperValve.java:167) ~[tomcat-embed-core-10.1.16.jar!/:na]
	at org.apache.catalina.core.StandardContextValve.invoke(StandardContextValve.java:90) ~[tomcat-embed-core-10.1.16.jar!/:na]
	at org.apache.catalina.authenticator.AuthenticatorBase.invoke(AuthenticatorBase.java:482) ~[tomcat-embed-core-10.1.16.jar!/:na]
	at org.apache.catalina.core.StandardHostValve.invoke(StandardHostValve.java:115) ~[tomcat-embed-core-10.1.16.jar!/:na]
	at org.apache.catalina.valves.ErrorReportValve.invoke(ErrorReportValve.java:93) ~[tomcat-embed-core-10.1.16.jar!/:na]
	at org.apache.catalina.core.StandardEngineValve.invoke(StandardEngineValve.java:74) ~[tomcat-embed-core-10.1.16.jar!/:na]
	at org.apache.catalina.connector.CoyoteAdapter.service(CoyoteAdapter.java:340) ~[tomcat-embed-core-10.1.16.jar!/:na]
	at org.apache.coyote.http11.Http11Processor.service(Http11Processor.java:391) ~[tomcat-embed-core-10.1.16.jar!/:na]
	at org.apache.coyote.AbstractProcessorLight.process(AbstractProcessorLight.java:63) ~[tomcat-embed-core-10.1.16.jar!/:na]
	at org.apache.coyote.AbstractProtocol$ConnectionHandler.process(AbstractProtocol.java:896) ~[tomcat-embed-core-10.1.16.jar!/:na]
	at org.apache.tomcat.util.net.NioEndpoint$SocketProcessor.doRun(NioEndpoint.java:1744) ~[tomcat-embed-core-10.1.16.jar!/:na]
	at org.apache.tomcat.util.net.SocketProcessorBase.run(SocketProcessorBase.java:52) ~[tomcat-embed-core-10.1.16.jar!/:na]
	at org.apache.tomcat.util.threads.ThreadPoolExecutor.runWorker(ThreadPoolExecutor.java:1191) ~[tomcat-embed-core-10.1.16.jar!/:na]
	at org.apache.tomcat.util.threads.ThreadPoolExecutor$Worker.run(ThreadPoolExecutor.java:659) ~[tomcat-embed-core-10.1.16.jar!/:na]
	at org.apache.tomcat.util.threads.TaskThread$WrappingRunnable.run(TaskThread.java:61) ~[tomcat-embed-core-10.1.16.jar!/:na]
	at java.base/java.lang.Thread.run(Thread.java:840) ~[na:na]

Hibernate: select ars1_0.shlt_id,ars1_0.ctpv_nm,ars1_0.daddr,ars1_0.fclt_nm,ars1_0.lat,ars1_0.lot,ars1_0.mng_dept_nm,ars1_0.sgg_nm from airstrike ars1_0 where ars1_0.fclt_nm like ? escape '\\' or ars1_0.daddr like ? escape '\\' limit ?,?
Hibernate: select u1_0.id,u1_0.email,u1_0.password,u1_0.realname,u1_0.username from user u1_0 where u1_0.username=?
Hibernate: select ars1_0.shlt_id,ars1_0.ctpv_nm,ars1_0.daddr,ars1_0.fclt_nm,ars1_0.lat,ars1_0.lot,ars1_0.mng_dept_nm,ars1_0.sgg_nm from airstrike ars1_0 limit ?,?
Hibernate: select count(ars1_0.shlt_id) from airstrike ars1_0
Hibernate: select ars1_0.shlt_id,ars1_0.ctpv_nm,ars1_0.daddr,ars1_0.fclt_nm,ars1_0.lat,ars1_0.lot,ars1_0.mng_dept_nm,ars1_0.sgg_nm from airstrike ars1_0 where ars1_0.fclt_nm like ? escape '\\' or ars1_0.daddr like ? escape '\\' limit ?,?
Hibernate: select ars1_0.shlt_id,ars1_0.ctpv_nm,ars1_0.daddr,ars1_0.fclt_nm,ars1_0.lat,ars1_0.lot,ars1_0.mng_dept_nm,ars1_0.sgg_nm from airstrike ars1_0 where ars1_0.shlt_id=?
Hibernate: insert into airstrike (ctpv_nm,daddr,fclt_nm,lat,lot,mng_dept_nm,sgg_nm,shlt_id) values (?,?,?,?,?,?,?,?)
Hibernate: select ars1_0.shlt_id,ars1_0.ctpv_nm,ars1_0.daddr,ars1_0.fclt_nm,ars1_0.lat,ars1_0.lot,ars1_0.mng_dept_nm,ars1_0.sgg_nm from airstrike ars1_0 limit ?,?
Hibernate: select count(ars1_0.shlt_id) from airstrike ars1_0
Hibernate: select ars1_0.shlt_id,ars1_0.ctpv_nm,ars1_0.daddr,ars1_0.fclt_nm,ars1_0.lat,ars1_0.lot,ars1_0.mng_dept_nm,ars1_0.sgg_nm from airstrike ars1_0 where ars1_0.fclt_nm like ? escape '\\' or ars1_0.daddr like ? escape '\\' limit ?,?
Hibernate: select fs1_0.shlt_id,fs1_0.ctpv_nm,fs1_0.daddr,fs1_0.fclt_nm,fs1_0.lat,fs1_0.lot,fs1_0.mng_dept_nm,fs1_0.sgg_nm from flood fs1_0 limit ?,?
Hibernate: select count(fs1_0.shlt_id) from flood fs1_0
Hibernate: select es1_0.shlt_id,es1_0.ctpv_nm,es1_0.daddr,es1_0.fclt_nm,es1_0.lat,es1_0.lot,es1_0.mng_dept_nm,es1_0.sgg_nm from earthquake es1_0 limit ?,?
Hibernate: select count(es1_0.shlt_id) from earthquake es1_0
Hibernate: select ars1_0.shlt_id,ars1_0.ctpv_nm,ars1_0.daddr,ars1_0.fclt_nm,ars1_0.lat,ars1_0.lot,ars1_0.mng_dept_nm,ars1_0.sgg_nm from airstrike ars1_0 limit ?,?
Hibernate: select count(ars1_0.shlt_id) from airstrike ars1_0
Hibernate: select ars1_0.shlt_id,ars1_0.ctpv_nm,ars1_0.daddr,ars1_0.fclt_nm,ars1_0.lat,ars1_0.lot,ars1_0.mng_dept_nm,ars1_0.sgg_nm from airstrike ars1_0 where ars1_0.fclt_nm like ? escape '\\' or ars1_0.daddr like ? escape '\\' limit ?,?
Hibernate: select ars1_0.shlt_id,ars1_0.ctpv_nm,ars1_0.daddr,ars1_0.fclt_nm,ars1_0.lat,ars1_0.lot,ars1_0.mng_dept_nm,ars1_0.sgg_nm from airstrike ars1_0 where ars1_0.shlt_id=?
Hibernate: insert into airstrike (ctpv_nm,daddr,fclt_nm,lat,lot,mng_dept_nm,sgg_nm,shlt_id) values (?,?,?,?,?,?,?,?)
Hibernate: select ars1_0.shlt_id,ars1_0.ctpv_nm,ars1_0.daddr,ars1_0.fclt_nm,ars1_0.lat,ars1_0.lot,ars1_0.mng_dept_nm,ars1_0.sgg_nm from airstrike ars1_0 limit ?,?
Hibernate: select count(ars1_0.shlt_id) from airstrike ars1_0
Hibernate: select es1_0.shlt_id,es1_0.ctpv_nm,es1_0.daddr,es1_0.fclt_nm,es1_0.lat,es1_0.lot,es1_0.mng_dept_nm,es1_0.sgg_nm from earthquake es1_0 limit ?,?
Hibernate: select count(es1_0.shlt_id) from earthquake es1_0
Hibernate: select fs1_0.shlt_id,fs1_0.ctpv_nm,fs1_0.daddr,fs1_0.fclt_nm,fs1_0.lat,fs1_0.lot,fs1_0.mng_dept_nm,fs1_0.sgg_nm from flood fs1_0 limit ?,?
Hibernate: select count(fs1_0.shlt_id) from flood fs1_0
Hibernate: select fs1_0.shlt_id,fs1_0.ctpv_nm,fs1_0.daddr,fs1_0.fclt_nm,fs1_0.lat,fs1_0.lot,fs1_0.mng_dept_nm,fs1_0.sgg_nm from flood fs1_0 where fs1_0.fclt_nm like ? escape '\\' or fs1_0.daddr like ? escape '\\' limit ?,?
Hibernate: select fs1_0.shlt_id,fs1_0.ctpv_nm,fs1_0.daddr,fs1_0.fclt_nm,fs1_0.lat,fs1_0.lot,fs1_0.mng_dept_nm,fs1_0.sgg_nm from flood fs1_0 where fs1_0.shlt_id=?
Hibernate: update flood set ctpv_nm=?,daddr=?,fclt_nm=?,lat=?,lot=?,mng_dept_nm=?,sgg_nm=? where shlt_id=?
Hibernate: select fs1_0.shlt_id,fs1_0.ctpv_nm,fs1_0.daddr,fs1_0.fclt_nm,fs1_0.lat,fs1_0.lot,fs1_0.mng_dept_nm,fs1_0.sgg_nm from flood fs1_0 where fs1_0.fclt_nm like ? escape '\\' or fs1_0.daddr like ? escape '\\' limit ?,?
Hibernate: select es1_0.shlt_id,es1_0.ctpv_nm,es1_0.daddr,es1_0.fclt_nm,es1_0.lat,es1_0.lot,es1_0.mng_dept_nm,es1_0.sgg_nm from earthquake es1_0 limit ?,?
Hibernate: select count(es1_0.shlt_id) from earthquake es1_0
>>> 지진 대피소 파이썬 DB 연동 실행
python: can't open file '/root/admin/target/scripts/earthquake.py': [Errno 2] No such file or directory
java.lang.RuntimeException: 지진 파이썬 스크립트 실행 실패 (Exit Code: 2)
	at com.example.demo.service.EarthquakeShelterService.syncData(EarthquakeShelterService.java:62)
	at java.base/jdk.internal.reflect.NativeMethodAccessorImpl.invoke0(Native Method)
	at java.base/jdk.internal.reflect.NativeMethodAccessorImpl.invoke(NativeMethodAccessorImpl.java:77)
	at java.base/jdk.internal.reflect.DelegatingMethodAccessorImpl.invoke(DelegatingMethodAccessorImpl.java:43)
	at java.base/java.lang.reflect.Method.invoke(Method.java:569)
	at org.springframework.aop.support.AopUtils.invokeJoinpointUsingReflection(AopUtils.java:352)
	at org.springframework.aop.framework.ReflectiveMethodInvocation.invokeJoinpoint(ReflectiveMethodInvocation.java:196)
	at org.springframework.aop.framework.ReflectiveMethodInvocation.proceed(ReflectiveMethodInvocation.java:163)
	at org.springframework.aop.framework.CglibAopProxy$CglibMethodInvocation.proceed(CglibAopProxy.java:765)
	at org.springframework.transaction.interceptor.TransactionInterceptor$1.proceedWithInvocation(TransactionInterceptor.java:123)
	at org.springframework.transaction.interceptor.TransactionAspectSupport.invokeWithinTransaction(TransactionAspectSupport.java:385)
	at org.springframework.transaction.interceptor.TransactionInterceptor.invoke(TransactionInterceptor.java:119)
	at org.springframework.aop.framework.ReflectiveMethodInvocation.proceed(ReflectiveMethodInvocation.java:184)
	at org.springframework.aop.framework.CglibAopProxy$CglibMethodInvocation.proceed(CglibAopProxy.java:765)
	at org.springframework.aop.framework.CglibAopProxy$DynamicAdvisedInterceptor.intercept(CglibAopProxy.java:717)
	at com.example.demo.service.EarthquakeShelterService$$SpringCGLIB$$0.syncData(<generated>)
	at com.example.demo.controller.EarthquakeShelterController.syncEarthquakeShelters(EarthquakeShelterController.java:115)
	at java.base/jdk.internal.reflect.NativeMethodAccessorImpl.invoke0(Native Method)
	at java.base/jdk.internal.reflect.NativeMethodAccessorImpl.invoke(NativeMethodAccessorImpl.java:77)
	at java.base/jdk.internal.reflect.DelegatingMethodAccessorImpl.invoke(DelegatingMethodAccessorImpl.java:43)
	at java.base/java.lang.reflect.Method.invoke(Method.java:569)
	at org.springframework.web.method.support.InvocableHandlerMethod.doInvoke(InvocableHandlerMethod.java:254)
	at org.springframework.web.method.support.InvocableHandlerMethod.invokeForRequest(InvocableHandlerMethod.java:182)
	at org.springframework.web.servlet.mvc.method.annotation.ServletInvocableHandlerMethod.invokeAndHandle(ServletInvocableHandlerMethod.java:118)
	at org.springframework.web.servlet.mvc.method.annotation.RequestMappingHandlerAdapter.invokeHandlerMethod(RequestMappingHandlerAdapter.java:917)
	at org.springframework.web.servlet.mvc.method.annotation.RequestMappingHandlerAdapter.handleInternal(RequestMappingHandlerAdapter.java:829)
	at org.springframework.web.servlet.mvc.method.AbstractHandlerMethodAdapter.handle(AbstractHandlerMethodAdapter.java:87)
	at org.springframework.web.servlet.DispatcherServlet.doDispatch(DispatcherServlet.java:1089)
	at org.springframework.web.servlet.DispatcherServlet.doService(DispatcherServlet.java:979)
	at org.springframework.web.servlet.FrameworkServlet.processRequest(FrameworkServlet.java:1014)
	at org.springframework.web.servlet.FrameworkServlet.doPost(FrameworkServlet.java:914)
	at jakarta.servlet.http.HttpServlet.service(HttpServlet.java:590)
	at org.springframework.web.servlet.FrameworkServlet.service(FrameworkServlet.java:885)
	at jakarta.servlet.http.HttpServlet.service(HttpServlet.java:658)
	at org.apache.catalina.core.ApplicationFilterChain.internalDoFilter(ApplicationFilterChain.java:205)
	at org.apache.catalina.core.ApplicationFilterChain.doFilter(ApplicationFilterChain.java:149)
	at org.apache.tomcat.websocket.server.WsFilter.doFilter(WsFilter.java:51)
	at org.apache.catalina.core.ApplicationFilterChain.internalDoFilter(ApplicationFilterChain.java:174)
	at org.apache.catalina.core.ApplicationFilterChain.doFilter(ApplicationFilterChain.java:149)
	at org.springframework.web.filter.RequestContextFilter.doFilterInternal(RequestContextFilter.java:100)
	at org.springframework.web.filter.OncePerRequestFilter.doFilter(OncePerRequestFilter.java:116)
	at org.apache.catalina.core.ApplicationFilterChain.internalDoFilter(ApplicationFilterChain.java:174)
	at org.apache.catalina.core.ApplicationFilterChain.doFilter(ApplicationFilterChain.java:149)
	at org.springframework.web.filter.FormContentFilter.doFilterInternal(FormContentFilter.java:93)
	at org.springframework.web.filter.OncePerRequestFilter.doFilter(OncePerRequestFilter.java:116)
	at org.apache.catalina.core.ApplicationFilterChain.internalDoFilter(ApplicationFilterChain.java:174)
	at org.apache.catalina.core.ApplicationFilterChain.doFilter(ApplicationFilterChain.java:149)
	at org.springframework.web.filter.ServerHttpObservationFilter.doFilterInternal(ServerHttpObservationFilter.java:109)
	at org.springframework.web.filter.OncePerRequestFilter.doFilter(OncePerRequestFilter.java:116)
	at org.apache.catalina.core.ApplicationFilterChain.internalDoFilter(ApplicationFilterChain.java:174)
	at org.apache.catalina.core.ApplicationFilterChain.doFilter(ApplicationFilterChain.java:149)
	at org.springframework.web.filter.CharacterEncodingFilter.doFilterInternal(CharacterEncodingFilter.java:201)
	at org.springframework.web.filter.OncePerRequestFilter.doFilter(OncePerRequestFilter.java:116)
	at org.apache.catalina.core.ApplicationFilterChain.internalDoFilter(ApplicationFilterChain.java:174)
	at org.apache.catalina.core.ApplicationFilterChain.doFilter(ApplicationFilterChain.java:149)
	at org.apache.catalina.core.StandardWrapperValve.invoke(StandardWrapperValve.java:167)
	at org.apache.catalina.core.StandardContextValve.invoke(StandardContextValve.java:90)
	at org.apache.catalina.authenticator.AuthenticatorBase.invoke(AuthenticatorBase.java:482)
	at org.apache.catalina.core.StandardHostValve.invoke(StandardHostValve.java:115)
	at org.apache.catalina.valves.ErrorReportValve.invoke(ErrorReportValve.java:93)
	at org.apache.catalina.core.StandardEngineValve.invoke(StandardEngineValve.java:74)
	at org.apache.catalina.connector.CoyoteAdapter.service(CoyoteAdapter.java:340)
	at org.apache.coyote.http11.Http11Processor.service(Http11Processor.java:391)
	at org.apache.coyote.AbstractProcessorLight.process(AbstractProcessorLight.java:63)
	at org.apache.coyote.AbstractProtocol$ConnectionHandler.process(AbstractProtocol.java:896)
	at org.apache.tomcat.util.net.NioEndpoint$SocketProcessor.doRun(NioEndpoint.java:1744)
	at org.apache.tomcat.util.net.SocketProcessorBase.run(SocketProcessorBase.java:52)
	at org.apache.tomcat.util.threads.ThreadPoolExecutor.runWorker(ThreadPoolExecutor.java:1191)
	at org.apache.tomcat.util.threads.ThreadPoolExecutor$Worker.run(ThreadPoolExecutor.java:659)
	at org.apache.tomcat.util.threads.TaskThread$WrappingRunnable.run(TaskThread.java:61)
	at java.base/java.lang.Thread.run(Thread.java:840)
2026-09-01T10:26:16.120+09:00 ERROR 8324 --- [nio-8080-exec-6] o.a.c.c.C.[.[.[/].[dispatcherServlet]    : Servlet.service() for servlet [dispatcherServlet] in context with path [] threw exception [Request processing failed: java.lang.RuntimeException: 지진 DB 연동 중 오류 발생: 지진 파이썬 스크립트 실행 실패 (Exit Code: 2)] with root cause

java.lang.RuntimeException: 지진 DB 연동 중 오류 발생: 지진 파이썬 스크립트 실행 실패 (Exit Code: 2)
	at com.example.demo.service.EarthquakeShelterService.syncData(EarthquakeShelterService.java:67) ~[!/:0.0.1-SNAPSHOT]
	at java.base/jdk.internal.reflect.NativeMethodAccessorImpl.invoke0(Native Method) ~[na:na]
	at java.base/jdk.internal.reflect.NativeMethodAccessorImpl.invoke(NativeMethodAccessorImpl.java:77) ~[na:na]
	at java.base/jdk.internal.reflect.DelegatingMethodAccessorImpl.invoke(DelegatingMethodAccessorImpl.java:43) ~[na:na]
	at java.base/java.lang.reflect.Method.invoke(Method.java:569) ~[na:na]
	at org.springframework.aop.support.AopUtils.invokeJoinpointUsingReflection(AopUtils.java:352) ~[spring-aop-6.1.1.jar!/:6.1.1]
	at org.springframework.aop.framework.ReflectiveMethodInvocation.invokeJoinpoint(ReflectiveMethodInvocation.java:196) ~[spring-aop-6.1.1.jar!/:6.1.1]
	at org.springframework.aop.framework.ReflectiveMethodInvocation.proceed(ReflectiveMethodInvocation.java:163) ~[spring-aop-6.1.1.jar!/:6.1.1]
	at org.springframework.aop.framework.CglibAopProxy$CglibMethodInvocation.proceed(CglibAopProxy.java:765) ~[spring-aop-6.1.1.jar!/:6.1.1]
	at org.springframework.transaction.interceptor.TransactionInterceptor$1.proceedWithInvocation(TransactionInterceptor.java:123) ~[spring-tx-6.1.1.jar!/:6.1.1]
	at org.springframework.transaction.interceptor.TransactionAspectSupport.invokeWithinTransaction(TransactionAspectSupport.java:385) ~[spring-tx-6.1.1.jar!/:6.1.1]
	at org.springframework.transaction.interceptor.TransactionInterceptor.invoke(TransactionInterceptor.java:119) ~[spring-tx-6.1.1.jar!/:6.1.1]
	at org.springframework.aop.framework.ReflectiveMethodInvocation.proceed(ReflectiveMethodInvocation.java:184) ~[spring-aop-6.1.1.jar!/:6.1.1]
	at org.springframework.aop.framework.CglibAopProxy$CglibMethodInvocation.proceed(CglibAopProxy.java:765) ~[spring-aop-6.1.1.jar!/:6.1.1]
	at org.springframework.aop.framework.CglibAopProxy$DynamicAdvisedInterceptor.intercept(CglibAopProxy.java:717) ~[spring-aop-6.1.1.jar!/:6.1.1]
	at com.example.demo.service.EarthquakeShelterService$$SpringCGLIB$$0.syncData(<generated>) ~[!/:0.0.1-SNAPSHOT]
	at com.example.demo.controller.EarthquakeShelterController.syncEarthquakeShelters(EarthquakeShelterController.java:115) ~[!/:0.0.1-SNAPSHOT]
	at java.base/jdk.internal.reflect.NativeMethodAccessorImpl.invoke0(Native Method) ~[na:na]
	at java.base/jdk.internal.reflect.NativeMethodAccessorImpl.invoke(NativeMethodAccessorImpl.java:77) ~[na:na]
	at java.base/jdk.internal.reflect.DelegatingMethodAccessorImpl.invoke(DelegatingMethodAccessorImpl.java:43) ~[na:na]
	at java.base/java.lang.reflect.Method.invoke(Method.java:569) ~[na:na]
	at org.springframework.web.method.support.InvocableHandlerMethod.doInvoke(InvocableHandlerMethod.java:254) ~[spring-web-6.1.1.jar!/:6.1.1]
	at org.springframework.web.method.support.InvocableHandlerMethod.invokeForRequest(InvocableHandlerMethod.java:182) ~[spring-web-6.1.1.jar!/:6.1.1]
	at org.springframework.web.servlet.mvc.method.annotation.ServletInvocableHandlerMethod.invokeAndHandle(ServletInvocableHandlerMethod.java:118) ~[spring-webmvc-6.1.1.jar!/:6.1.1]
	at org.springframework.web.servlet.mvc.method.annotation.RequestMappingHandlerAdapter.invokeHandlerMethod(RequestMappingHandlerAdapter.java:917) ~[spring-webmvc-6.1.1.jar!/:6.1.1]
	at org.springframework.web.servlet.mvc.method.annotation.RequestMappingHandlerAdapter.handleInternal(RequestMappingHandlerAdapter.java:829) ~[spring-webmvc-6.1.1.jar!/:6.1.1]
	at org.springframework.web.servlet.mvc.method.AbstractHandlerMethodAdapter.handle(AbstractHandlerMethodAdapter.java:87) ~[spring-webmvc-6.1.1.jar!/:6.1.1]
	at org.springframework.web.servlet.DispatcherServlet.doDispatch(DispatcherServlet.java:1089) ~[spring-webmvc-6.1.1.jar!/:6.1.1]
	at org.springframework.web.servlet.DispatcherServlet.doService(DispatcherServlet.java:979) ~[spring-webmvc-6.1.1.jar!/:6.1.1]
	at org.springframework.web.servlet.FrameworkServlet.processRequest(FrameworkServlet.java:1014) ~[spring-webmvc-6.1.1.jar!/:6.1.1]
	at org.springframework.web.servlet.FrameworkServlet.doPost(FrameworkServlet.java:914) ~[spring-webmvc-6.1.1.jar!/:6.1.1]
	at jakarta.servlet.http.HttpServlet.service(HttpServlet.java:590) ~[tomcat-embed-core-10.1.16.jar!/:na]
	at org.springframework.web.servlet.FrameworkServlet.service(FrameworkServlet.java:885) ~[spring-webmvc-6.1.1.jar!/:6.1.1]
	at jakarta.servlet.http.HttpServlet.service(HttpServlet.java:658) ~[tomcat-embed-core-10.1.16.jar!/:na]
	at org.apache.catalina.core.ApplicationFilterChain.internalDoFilter(ApplicationFilterChain.java:205) ~[tomcat-embed-core-10.1.16.jar!/:na]
	at org.apache.catalina.core.ApplicationFilterChain.doFilter(ApplicationFilterChain.java:149) ~[tomcat-embed-core-10.1.16.jar!/:na]
	at org.apache.tomcat.websocket.server.WsFilter.doFilter(WsFilter.java:51) ~[tomcat-embed-websocket-10.1.16.jar!/:na]
	at org.apache.catalina.core.ApplicationFilterChain.internalDoFilter(ApplicationFilterChain.java:174) ~[tomcat-embed-core-10.1.16.jar!/:na]
	at org.apache.catalina.core.ApplicationFilterChain.doFilter(ApplicationFilterChain.java:149) ~[tomcat-embed-core-10.1.16.jar!/:na]
	at org.springframework.web.filter.RequestContextFilter.doFilterInternal(RequestContextFilter.java:100) ~[spring-web-6.1.1.jar!/:6.1.1]
	at org.springframework.web.filter.OncePerRequestFilter.doFilter(OncePerRequestFilter.java:116) ~[spring-web-6.1.1.jar!/:6.1.1]
	at org.apache.catalina.core.ApplicationFilterChain.internalDoFilter(ApplicationFilterChain.java:174) ~[tomcat-embed-core-10.1.16.jar!/:na]
	at org.apache.catalina.core.ApplicationFilterChain.doFilter(ApplicationFilterChain.java:149) ~[tomcat-embed-core-10.1.16.jar!/:na]
	at org.springframework.web.filter.FormContentFilter.doFilterInternal(FormContentFilter.java:93) ~[spring-web-6.1.1.jar!/:6.1.1]
	at org.springframework.web.filter.OncePerRequestFilter.doFilter(OncePerRequestFilter.java:116) ~[spring-web-6.1.1.jar!/:6.1.1]
	at org.apache.catalina.core.ApplicationFilterChain.internalDoFilter(ApplicationFilterChain.java:174) ~[tomcat-embed-core-10.1.16.jar!/:na]
	at org.apache.catalina.core.ApplicationFilterChain.doFilter(ApplicationFilterChain.java:149) ~[tomcat-embed-core-10.1.16.jar!/:na]
	at org.springframework.web.filter.ServerHttpObservationFilter.doFilterInternal(ServerHttpObservationFilter.java:109) ~[spring-web-6.1.1.jar!/:6.1.1]
	at org.springframework.web.filter.OncePerRequestFilter.doFilter(OncePerRequestFilter.java:116) ~[spring-web-6.1.1.jar!/:6.1.1]
	at org.apache.catalina.core.ApplicationFilterChain.internalDoFilter(ApplicationFilterChain.java:174) ~[tomcat-embed-core-10.1.16.jar!/:na]
	at org.apache.catalina.core.ApplicationFilterChain.doFilter(ApplicationFilterChain.java:149) ~[tomcat-embed-core-10.1.16.jar!/:na]
	at org.springframework.web.filter.CharacterEncodingFilter.doFilterInternal(CharacterEncodingFilter.java:201) ~[spring-web-6.1.1.jar!/:6.1.1]
	at org.springframework.web.filter.OncePerRequestFilter.doFilter(OncePerRequestFilter.java:116) ~[spring-web-6.1.1.jar!/:6.1.1]
	at org.apache.catalina.core.ApplicationFilterChain.internalDoFilter(ApplicationFilterChain.java:174) ~[tomcat-embed-core-10.1.16.jar!/:na]
	at org.apache.catalina.core.ApplicationFilterChain.doFilter(ApplicationFilterChain.java:149) ~[tomcat-embed-core-10.1.16.jar!/:na]
	at org.apache.catalina.core.StandardWrapperValve.invoke(StandardWrapperValve.java:167) ~[tomcat-embed-core-10.1.16.jar!/:na]
	at org.apache.catalina.core.StandardContextValve.invoke(StandardContextValve.java:90) ~[tomcat-embed-core-10.1.16.jar!/:na]
	at org.apache.catalina.authenticator.AuthenticatorBase.invoke(AuthenticatorBase.java:482) ~[tomcat-embed-core-10.1.16.jar!/:na]
	at org.apache.catalina.core.StandardHostValve.invoke(StandardHostValve.java:115) ~[tomcat-embed-core-10.1.16.jar!/:na]
	at org.apache.catalina.valves.ErrorReportValve.invoke(ErrorReportValve.java:93) ~[tomcat-embed-core-10.1.16.jar!/:na]
	at org.apache.catalina.core.StandardEngineValve.invoke(StandardEngineValve.java:74) ~[tomcat-embed-core-10.1.16.jar!/:na]
	at org.apache.catalina.connector.CoyoteAdapter.service(CoyoteAdapter.java:340) ~[tomcat-embed-core-10.1.16.jar!/:na]
	at org.apache.coyote.http11.Http11Processor.service(Http11Processor.java:391) ~[tomcat-embed-core-10.1.16.jar!/:na]
	at org.apache.coyote.AbstractProcessorLight.process(AbstractProcessorLight.java:63) ~[tomcat-embed-core-10.1.16.jar!/:na]
	at org.apache.coyote.AbstractProtocol$ConnectionHandler.process(AbstractProtocol.java:896) ~[tomcat-embed-core-10.1.16.jar!/:na]
	at org.apache.tomcat.util.net.NioEndpoint$SocketProcessor.doRun(NioEndpoint.java:1744) ~[tomcat-embed-core-10.1.16.jar!/:na]
	at org.apache.tomcat.util.net.SocketProcessorBase.run(SocketProcessorBase.java:52) ~[tomcat-embed-core-10.1.16.jar!/:na]
	at org.apache.tomcat.util.threads.ThreadPoolExecutor.runWorker(ThreadPoolExecutor.java:1191) ~[tomcat-embed-core-10.1.16.jar!/:na]
	at org.apache.tomcat.util.threads.ThreadPoolExecutor$Worker.run(ThreadPoolExecutor.java:659) ~[tomcat-embed-core-10.1.16.jar!/:na]
	at org.apache.tomcat.util.threads.TaskThread$WrappingRunnable.run(TaskThread.java:61) ~[tomcat-embed-core-10.1.16.jar!/:na]
	at java.base/java.lang.Thread.run(Thread.java:840) ~[na:na]

Hibernate: select ars1_0.shlt_id,ars1_0.ctpv_nm,ars1_0.daddr,ars1_0.fclt_nm,ars1_0.lat,ars1_0.lot,ars1_0.mng_dept_nm,ars1_0.sgg_nm from airstrike ars1_0 limit ?,?
Hibernate: select count(ars1_0.shlt_id) from airstrike ars1_0
Hibernate: select fs1_0.shlt_id,fs1_0.ctpv_nm,fs1_0.daddr,fs1_0.fclt_nm,fs1_0.lat,fs1_0.lot,fs1_0.mng_dept_nm,fs1_0.sgg_nm from flood fs1_0 limit ?,?
Hibernate: select count(fs1_0.shlt_id) from flood fs1_0
Hibernate: select fs1_0.shlt_id,fs1_0.ctpv_nm,fs1_0.daddr,fs1_0.fclt_nm,fs1_0.lat,fs1_0.lot,fs1_0.mng_dept_nm,fs1_0.sgg_nm from flood fs1_0 where fs1_0.fclt_nm like ? escape '\\' or fs1_0.daddr like ? escape '\\' limit ?,?
Hibernate: select fs1_0.shlt_id,fs1_0.ctpv_nm,fs1_0.daddr,fs1_0.fclt_nm,fs1_0.lat,fs1_0.lot,fs1_0.mng_dept_nm,fs1_0.sgg_nm from flood fs1_0 where fs1_0.shlt_id=?
Hibernate: update flood set ctpv_nm=?,daddr=?,fclt_nm=?,lat=?,lot=?,mng_dept_nm=?,sgg_nm=? where shlt_id=?
Hibernate: select fs1_0.shlt_id,fs1_0.ctpv_nm,fs1_0.daddr,fs1_0.fclt_nm,fs1_0.lat,fs1_0.lot,fs1_0.mng_dept_nm,fs1_0.sgg_nm from flood fs1_0 where fs1_0.fclt_nm like ? escape '\\' or fs1_0.daddr like ? escape '\\' limit ?,?
Hibernate: select fs1_0.shlt_id,fs1_0.ctpv_nm,fs1_0.daddr,fs1_0.fclt_nm,fs1_0.lat,fs1_0.lot,fs1_0.mng_dept_nm,fs1_0.sgg_nm from flood fs1_0 where fs1_0.shlt_id=?
Hibernate: update flood set ctpv_nm=?,daddr=?,fclt_nm=?,lat=?,lot=?,mng_dept_nm=?,sgg_nm=? where shlt_id=?
Hibernate: select fs1_0.shlt_id,fs1_0.ctpv_nm,fs1_0.daddr,fs1_0.fclt_nm,fs1_0.lat,fs1_0.lot,fs1_0.mng_dept_nm,fs1_0.sgg_nm from flood fs1_0 where fs1_0.fclt_nm like ? escape '\\' or fs1_0.daddr like ? escape '\\' limit ?,?
Hibernate: select ars1_0.shlt_id,ars1_0.ctpv_nm,ars1_0.daddr,ars1_0.fclt_nm,ars1_0.lat,ars1_0.lot,ars1_0.mng_dept_nm,ars1_0.sgg_nm from airstrike ars1_0 limit ?,?
Hibernate: select count(ars1_0.shlt_id) from airstrike ars1_0
Hibernate: select ars1_0.shlt_id,ars1_0.ctpv_nm,ars1_0.daddr,ars1_0.fclt_nm,ars1_0.lat,ars1_0.lot,ars1_0.mng_dept_nm,ars1_0.sgg_nm from airstrike ars1_0 where ars1_0.shlt_id=?
Hibernate: insert into airstrike (ctpv_nm,daddr,fclt_nm,lat,lot,mng_dept_nm,sgg_nm,shlt_id) values (?,?,?,?,?,?,?,?)
Hibernate: select ars1_0.shlt_id,ars1_0.ctpv_nm,ars1_0.daddr,ars1_0.fclt_nm,ars1_0.lat,ars1_0.lot,ars1_0.mng_dept_nm,ars1_0.sgg_nm from airstrike ars1_0 limit ?,?
Hibernate: select count(ars1_0.shlt_id) from airstrike ars1_0
Hibernate: select es1_0.shlt_id,es1_0.ctpv_nm,es1_0.daddr,es1_0.fclt_nm,es1_0.lat,es1_0.lot,es1_0.mng_dept_nm,es1_0.sgg_nm from earthquake es1_0 limit ?,?
Hibernate: select count(es1_0.shlt_id) from earthquake es1_0
Hibernate: select fs1_0.shlt_id,fs1_0.ctpv_nm,fs1_0.daddr,fs1_0.fclt_nm,fs1_0.lat,fs1_0.lot,fs1_0.mng_dept_nm,fs1_0.sgg_nm from flood fs1_0 limit ?,?
Hibernate: select count(fs1_0.shlt_id) from flood fs1_0
Hibernate: select fs1_0.shlt_id,fs1_0.ctpv_nm,fs1_0.daddr,fs1_0.fclt_nm,fs1_0.lat,fs1_0.lot,fs1_0.mng_dept_nm,fs1_0.sgg_nm from flood fs1_0 where fs1_0.fclt_nm like ? escape '\\' or fs1_0.daddr like ? escape '\\' limit ?,?
Hibernate: select ars1_0.shlt_id,ars1_0.ctpv_nm,ars1_0.daddr,ars1_0.fclt_nm,ars1_0.lat,ars1_0.lot,ars1_0.mng_dept_nm,ars1_0.sgg_nm from airstrike ars1_0 limit ?,?
Hibernate: select count(ars1_0.shlt_id) from airstrike ars1_0
Hibernate: select fs1_0.shlt_id,fs1_0.ctpv_nm,fs1_0.daddr,fs1_0.fclt_nm,fs1_0.lat,fs1_0.lot,fs1_0.mng_dept_nm,fs1_0.sgg_nm from flood fs1_0 limit ?,?
Hibernate: select count(fs1_0.shlt_id) from flood fs1_0
Hibernate: select fs1_0.shlt_id,fs1_0.ctpv_nm,fs1_0.daddr,fs1_0.fclt_nm,fs1_0.lat,fs1_0.lot,fs1_0.mng_dept_nm,fs1_0.sgg_nm from flood fs1_0 where fs1_0.fclt_nm like ? escape '\\' or fs1_0.daddr like ? escape '\\' limit ?,?
Hibernate: select fs1_0.shlt_id,fs1_0.ctpv_nm,fs1_0.daddr,fs1_0.fclt_nm,fs1_0.lat,fs1_0.lot,fs1_0.mng_dept_nm,fs1_0.sgg_nm from flood fs1_0 where fs1_0.fclt_nm like ? escape '\\' or fs1_0.daddr like ? escape '\\' limit ?,?
Hibernate: select fs1_0.shlt_id,fs1_0.ctpv_nm,fs1_0.daddr,fs1_0.fclt_nm,fs1_0.lat,fs1_0.lot,fs1_0.mng_dept_nm,fs1_0.sgg_nm from flood fs1_0 where fs1_0.fclt_nm like ? escape '\\' or fs1_0.daddr like ? escape '\\' limit ?,?
Hibernate: select count(fs1_0.shlt_id) from flood fs1_0 where fs1_0.fclt_nm like ? escape '\\' or fs1_0.daddr like ? escape '\\'
Hibernate: select fs1_0.shlt_id,fs1_0.ctpv_nm,fs1_0.daddr,fs1_0.fclt_nm,fs1_0.lat,fs1_0.lot,fs1_0.mng_dept_nm,fs1_0.sgg_nm from flood fs1_0 where fs1_0.fclt_nm like ? escape '\\' or fs1_0.daddr like ? escape '\\' limit ?,?
Hibernate: select fs1_0.shlt_id,fs1_0.ctpv_nm,fs1_0.daddr,fs1_0.fclt_nm,fs1_0.lat,fs1_0.lot,fs1_0.mng_dept_nm,fs1_0.sgg_nm from flood fs1_0 where fs1_0.fclt_nm like ? escape '\\' or fs1_0.daddr like ? escape '\\' limit ?,?
Hibernate: select count(fs1_0.shlt_id) from flood fs1_0 where fs1_0.fclt_nm like ? escape '\\' or fs1_0.daddr like ? escape '\\'
Hibernate: select fs1_0.shlt_id,fs1_0.ctpv_nm,fs1_0.daddr,fs1_0.fclt_nm,fs1_0.lat,fs1_0.lot,fs1_0.mng_dept_nm,fs1_0.sgg_nm from flood fs1_0 where fs1_0.shlt_id=?
Hibernate: insert into flood (ctpv_nm,daddr,fclt_nm,lat,lot,mng_dept_nm,sgg_nm,shlt_id) values (?,?,?,?,?,?,?,?)
Hibernate: select fs1_0.shlt_id,fs1_0.ctpv_nm,fs1_0.daddr,fs1_0.fclt_nm,fs1_0.lat,fs1_0.lot,fs1_0.mng_dept_nm,fs1_0.sgg_nm from flood fs1_0 limit ?,?
Hibernate: select count(fs1_0.shlt_id) from flood fs1_0
Hibernate: select fs1_0.shlt_id,fs1_0.ctpv_nm,fs1_0.daddr,fs1_0.fclt_nm,fs1_0.lat,fs1_0.lot,fs1_0.mng_dept_nm,fs1_0.sgg_nm from flood fs1_0 where fs1_0.fclt_nm like ? escape '\\' or fs1_0.daddr like ? escape '\\' limit ?,?
Hibernate: select fs1_0.shlt_id,fs1_0.ctpv_nm,fs1_0.daddr,fs1_0.fclt_nm,fs1_0.lat,fs1_0.lot,fs1_0.mng_dept_nm,fs1_0.sgg_nm from flood fs1_0 where fs1_0.shlt_id=?
Hibernate: update flood set ctpv_nm=?,daddr=?,fclt_nm=?,lat=?,lot=?,mng_dept_nm=?,sgg_nm=? where shlt_id=?
Hibernate: select fs1_0.shlt_id,fs1_0.ctpv_nm,fs1_0.daddr,fs1_0.fclt_nm,fs1_0.lat,fs1_0.lot,fs1_0.mng_dept_nm,fs1_0.sgg_nm from flood fs1_0 where fs1_0.fclt_nm like ? escape '\\' or fs1_0.daddr like ? escape '\\' limit ?,?
Hibernate: select fs1_0.shlt_id,fs1_0.ctpv_nm,fs1_0.daddr,fs1_0.fclt_nm,fs1_0.lat,fs1_0.lot,fs1_0.mng_dept_nm,fs1_0.sgg_nm from flood fs1_0 limit ?,?
Hibernate: select count(fs1_0.shlt_id) from flood fs1_0
>>> 홍수 대피소 파이썬 DB 연동 실행
python: can't open file '/root/admin/target/scripts/excel_to_mysql.py': [Errno 2] No such file or directory
java.lang.RuntimeException: 홍수 파이썬 스크립트 실행 실패 (Exit Code: 2)
	at com.example.demo.service.FloodShelterService.syncData(FloodShelterService.java:62)
	at java.base/jdk.internal.reflect.NativeMethodAccessorImpl.invoke0(Native Method)
	at java.base/jdk.internal.reflect.NativeMethodAccessorImpl.invoke(NativeMethodAccessorImpl.java:77)
	at java.base/jdk.internal.reflect.DelegatingMethodAccessorImpl.invoke(DelegatingMethodAccessorImpl.java:43)
	at java.base/java.lang.reflect.Method.invoke(Method.java:569)
	at org.springframework.aop.support.AopUtils.invokeJoinpointUsingReflection(AopUtils.java:352)
	at org.springframework.aop.framework.ReflectiveMethodInvocation.invokeJoinpoint(ReflectiveMethodInvocation.java:196)
	at org.springframework.aop.framework.ReflectiveMethodInvocation.proceed(ReflectiveMethodInvocation.java:163)
	at org.springframework.aop.framework.CglibAopProxy$CglibMethodInvocation.proceed(CglibAopProxy.java:765)
	at org.springframework.transaction.interceptor.TransactionInterceptor$1.proceedWithInvocation(TransactionInterceptor.java:123)
	at org.springframework.transaction.interceptor.TransactionAspectSupport.invokeWithinTransaction(TransactionAspectSupport.java:385)
	at org.springframework.transaction.interceptor.TransactionInterceptor.invoke(TransactionInterceptor.java:119)
	at org.springframework.aop.framework.ReflectiveMethodInvocation.proceed(ReflectiveMethodInvocation.java:184)
	at org.springframework.aop.framework.CglibAopProxy$CglibMethodInvocation.proceed(CglibAopProxy.java:765)
	at org.springframework.aop.framework.CglibAopProxy$DynamicAdvisedInterceptor.intercept(CglibAopProxy.java:717)
	at com.example.demo.service.FloodShelterService$$SpringCGLIB$$0.syncData(<generated>)
	at com.example.demo.controller.FloodShelterController.syncFloodShelters(FloodShelterController.java:111)
	at java.base/jdk.internal.reflect.NativeMethodAccessorImpl.invoke0(Native Method)
	at java.base/jdk.internal.reflect.NativeMethodAccessorImpl.invoke(NativeMethodAccessorImpl.java:77)
	at java.base/jdk.internal.reflect.DelegatingMethodAccessorImpl.invoke(DelegatingMethodAccessorImpl.java:43)
	at java.base/java.lang.reflect.Method.invoke(Method.java:569)
	at org.springframework.web.method.support.InvocableHandlerMethod.doInvoke(InvocableHandlerMethod.java:254)
	at org.springframework.web.method.support.InvocableHandlerMethod.invokeForRequest(InvocableHandlerMethod.java:182)
	at org.springframework.web.servlet.mvc.method.annotation.ServletInvocableHandlerMethod.invokeAndHandle(ServletInvocableHandlerMethod.java:118)
	at org.springframework.web.servlet.mvc.method.annotation.RequestMappingHandlerAdapter.invokeHandlerMethod(RequestMappingHandlerAdapter.java:917)
	at org.springframework.web.servlet.mvc.method.annotation.RequestMappingHandlerAdapter.handleInternal(RequestMappingHandlerAdapter.java:829)
	at org.springframework.web.servlet.mvc.method.AbstractHandlerMethodAdapter.handle(AbstractHandlerMethodAdapter.java:87)
	at org.springframework.web.servlet.DispatcherServlet.doDispatch(DispatcherServlet.java:1089)
	at org.springframework.web.servlet.DispatcherServlet.doService(DispatcherServlet.java:979)
	at org.springframework.web.servlet.FrameworkServlet.processRequest(FrameworkServlet.java:1014)
	at org.springframework.web.servlet.FrameworkServlet.doPost(FrameworkServlet.java:914)
	at jakarta.servlet.http.HttpServlet.service(HttpServlet.java:590)
	at org.springframework.web.servlet.FrameworkServlet.service(FrameworkServlet.java:885)
	at jakarta.servlet.http.HttpServlet.service(HttpServlet.java:658)
	at org.apache.catalina.core.ApplicationFilterChain.internalDoFilter(ApplicationFilterChain.java:205)
	at org.apache.catalina.core.ApplicationFilterChain.doFilter(ApplicationFilterChain.java:149)
	at org.apache.tomcat.websocket.server.WsFilter.doFilter(WsFilter.java:51)
	at org.apache.catalina.core.ApplicationFilterChain.internalDoFilter(ApplicationFilterChain.java:174)
	at org.apache.catalina.core.ApplicationFilterChain.doFilter(ApplicationFilterChain.java:149)
	at org.springframework.web.filter.RequestContextFilter.doFilterInternal(RequestContextFilter.java:100)
	at org.springframework.web.filter.OncePerRequestFilter.doFilter(OncePerRequestFilter.java:116)
	at org.apache.catalina.core.ApplicationFilterChain.internalDoFilter(ApplicationFilterChain.java:174)
	at org.apache.catalina.core.ApplicationFilterChain.doFilter(ApplicationFilterChain.java:149)
	at org.springframework.web.filter.FormContentFilter.doFilterInternal(FormContentFilter.java:93)
	at org.springframework.web.filter.OncePerRequestFilter.doFilter(OncePerRequestFilter.java:116)
	at org.apache.catalina.core.ApplicationFilterChain.internalDoFilter(ApplicationFilterChain.java:174)
	at org.apache.catalina.core.ApplicationFilterChain.doFilter(ApplicationFilterChain.java:149)
	at org.springframework.web.filter.ServerHttpObservationFilter.doFilterInternal(ServerHttpObservationFilter.java:109)
	at org.springframework.web.filter.OncePerRequestFilter.doFilter(OncePerRequestFilter.java:116)
	at org.apache.catalina.core.ApplicationFilterChain.internalDoFilter(ApplicationFilterChain.java:174)
	at org.apache.catalina.core.ApplicationFilterChain.doFilter(ApplicationFilterChain.java:149)
	at org.springframework.web.filter.CharacterEncodingFilter.doFilterInternal(CharacterEncodingFilter.java:201)
	at org.springframework.web.filter.OncePerRequestFilter.doFilter(OncePerRequestFilter.java:116)
	at org.apache.catalina.core.ApplicationFilterChain.internalDoFilter(ApplicationFilterChain.java:174)
	at org.apache.catalina.core.ApplicationFilterChain.doFilter(ApplicationFilterChain.java:149)
	at org.apache.catalina.core.StandardWrapperValve.invoke(StandardWrapperValve.java:167)
	at org.apache.catalina.core.StandardContextValve.invoke(StandardContextValve.java:90)
	at org.apache.catalina.authenticator.AuthenticatorBase.invoke(AuthenticatorBase.java:482)
	at org.apache.catalina.core.StandardHostValve.invoke(StandardHostValve.java:115)
	at org.apache.catalina.valves.ErrorReportValve.invoke(ErrorReportValve.java:93)
	at org.apache.catalina.core.StandardEngineValve.invoke(StandardEngineValve.java:74)
	at org.apache.catalina.connector.CoyoteAdapter.service(CoyoteAdapter.java:340)
	at org.apache.coyote.http11.Http11Processor.service(Http11Processor.java:391)
	at org.apache.coyote.AbstractProcessorLight.process(AbstractProcessorLight.java:63)
	at org.apache.coyote.AbstractProtocol$ConnectionHandler.process(AbstractProtocol.java:896)
	at org.apache.tomcat.util.net.NioEndpoint$SocketProcessor.doRun(NioEndpoint.java:1744)
	at org.apache.tomcat.util.net.SocketProcessorBase.run(SocketProcessorBase.java:52)
	at org.apache.tomcat.util.threads.ThreadPoolExecutor.runWorker(ThreadPoolExecutor.java:1191)
	at org.apache.tomcat.util.threads.ThreadPoolExecutor$Worker.run(ThreadPoolExecutor.java:659)
	at org.apache.tomcat.util.threads.TaskThread$WrappingRunnable.run(TaskThread.java:61)
	at java.base/java.lang.Thread.run(Thread.java:840)
2026-09-01T11:10:51.073+09:00 ERROR 8324 --- [nio-8080-exec-5] o.a.c.c.C.[.[.[/].[dispatcherServlet]    : Servlet.service() for servlet [dispatcherServlet] in context with path [] threw exception [Request processing failed: java.lang.RuntimeException: 홍수 DB 연동 중 오류 발생: 홍수 파이썬 스크립트 실행 실패 (Exit Code: 2)] with root cause

java.lang.RuntimeException: 홍수 DB 연동 중 오류 발생: 홍수 파이썬 스크립트 실행 실패 (Exit Code: 2)
	at com.example.demo.service.FloodShelterService.syncData(FloodShelterService.java:67) ~[!/:0.0.1-SNAPSHOT]
	at java.base/jdk.internal.reflect.NativeMethodAccessorImpl.invoke0(Native Method) ~[na:na]
	at java.base/jdk.internal.reflect.NativeMethodAccessorImpl.invoke(NativeMethodAccessorImpl.java:77) ~[na:na]
	at java.base/jdk.internal.reflect.DelegatingMethodAccessorImpl.invoke(DelegatingMethodAccessorImpl.java:43) ~[na:na]
	at java.base/java.lang.reflect.Method.invoke(Method.java:569) ~[na:na]
	at org.springframework.aop.support.AopUtils.invokeJoinpointUsingReflection(AopUtils.java:352) ~[spring-aop-6.1.1.jar!/:6.1.1]
	at org.springframework.aop.framework.ReflectiveMethodInvocation.invokeJoinpoint(ReflectiveMethodInvocation.java:196) ~[spring-aop-6.1.1.jar!/:6.1.1]
	at org.springframework.aop.framework.ReflectiveMethodInvocation.proceed(ReflectiveMethodInvocation.java:163) ~[spring-aop-6.1.1.jar!/:6.1.1]
	at org.springframework.aop.framework.CglibAopProxy$CglibMethodInvocation.proceed(CglibAopProxy.java:765) ~[spring-aop-6.1.1.jar!/:6.1.1]
	at org.springframework.transaction.interceptor.TransactionInterceptor$1.proceedWithInvocation(TransactionInterceptor.java:123) ~[spring-tx-6.1.1.jar!/:6.1.1]
	at org.springframework.transaction.interceptor.TransactionAspectSupport.invokeWithinTransaction(TransactionAspectSupport.java:385) ~[spring-tx-6.1.1.jar!/:6.1.1]
	at org.springframework.transaction.interceptor.TransactionInterceptor.invoke(TransactionInterceptor.java:119) ~[spring-tx-6.1.1.jar!/:6.1.1]
	at org.springframework.aop.framework.ReflectiveMethodInvocation.proceed(ReflectiveMethodInvocation.java:184) ~[spring-aop-6.1.1.jar!/:6.1.1]
	at org.springframework.aop.framework.CglibAopProxy$CglibMethodInvocation.proceed(CglibAopProxy.java:765) ~[spring-aop-6.1.1.jar!/:6.1.1]
	at org.springframework.aop.framework.CglibAopProxy$DynamicAdvisedInterceptor.intercept(CglibAopProxy.java:717) ~[spring-aop-6.1.1.jar!/:6.1.1]
	at com.example.demo.service.FloodShelterService$$SpringCGLIB$$0.syncData(<generated>) ~[!/:0.0.1-SNAPSHOT]
	at com.example.demo.controller.FloodShelterController.syncFloodShelters(FloodShelterController.java:111) ~[!/:0.0.1-SNAPSHOT]
	at java.base/jdk.internal.reflect.NativeMethodAccessorImpl.invoke0(Native Method) ~[na:na]
	at java.base/jdk.internal.reflect.NativeMethodAccessorImpl.invoke(NativeMethodAccessorImpl.java:77) ~[na:na]
	at java.base/jdk.internal.reflect.DelegatingMethodAccessorImpl.invoke(DelegatingMethodAccessorImpl.java:43) ~[na:na]
	at java.base/java.lang.reflect.Method.invoke(Method.java:569) ~[na:na]
	at org.springframework.web.method.support.InvocableHandlerMethod.doInvoke(InvocableHandlerMethod.java:254) ~[spring-web-6.1.1.jar!/:6.1.1]
	at org.springframework.web.method.support.InvocableHandlerMethod.invokeForRequest(InvocableHandlerMethod.java:182) ~[spring-web-6.1.1.jar!/:6.1.1]
	at org.springframework.web.servlet.mvc.method.annotation.ServletInvocableHandlerMethod.invokeAndHandle(ServletInvocableHandlerMethod.java:118) ~[spring-webmvc-6.1.1.jar!/:6.1.1]
	at org.springframework.web.servlet.mvc.method.annotation.RequestMappingHandlerAdapter.invokeHandlerMethod(RequestMappingHandlerAdapter.java:917) ~[spring-webmvc-6.1.1.jar!/:6.1.1]
	at org.springframework.web.servlet.mvc.method.annotation.RequestMappingHandlerAdapter.handleInternal(RequestMappingHandlerAdapter.java:829) ~[spring-webmvc-6.1.1.jar!/:6.1.1]
	at org.springframework.web.servlet.mvc.method.AbstractHandlerMethodAdapter.handle(AbstractHandlerMethodAdapter.java:87) ~[spring-webmvc-6.1.1.jar!/:6.1.1]
	at org.springframework.web.servlet.DispatcherServlet.doDispatch(DispatcherServlet.java:1089) ~[spring-webmvc-6.1.1.jar!/:6.1.1]
	at org.springframework.web.servlet.DispatcherServlet.doService(DispatcherServlet.java:979) ~[spring-webmvc-6.1.1.jar!/:6.1.1]
	at org.springframework.web.servlet.FrameworkServlet.processRequest(FrameworkServlet.java:1014) ~[spring-webmvc-6.1.1.jar!/:6.1.1]
	at org.springframework.web.servlet.FrameworkServlet.doPost(FrameworkServlet.java:914) ~[spring-webmvc-6.1.1.jar!/:6.1.1]
	at jakarta.servlet.http.HttpServlet.service(HttpServlet.java:590) ~[tomcat-embed-core-10.1.16.jar!/:na]
	at org.springframework.web.servlet.FrameworkServlet.service(FrameworkServlet.java:885) ~[spring-webmvc-6.1.1.jar!/:6.1.1]
	at jakarta.servlet.http.HttpServlet.service(HttpServlet.java:658) ~[tomcat-embed-core-10.1.16.jar!/:na]
	at org.apache.catalina.core.ApplicationFilterChain.internalDoFilter(ApplicationFilterChain.java:205) ~[tomcat-embed-core-10.1.16.jar!/:na]
	at org.apache.catalina.core.ApplicationFilterChain.doFilter(ApplicationFilterChain.java:149) ~[tomcat-embed-core-10.1.16.jar!/:na]
	at org.apache.tomcat.websocket.server.WsFilter.doFilter(WsFilter.java:51) ~[tomcat-embed-websocket-10.1.16.jar!/:na]
	at org.apache.catalina.core.ApplicationFilterChain.internalDoFilter(ApplicationFilterChain.java:174) ~[tomcat-embed-core-10.1.16.jar!/:na]
	at org.apache.catalina.core.ApplicationFilterChain.doFilter(ApplicationFilterChain.java:149) ~[tomcat-embed-core-10.1.16.jar!/:na]
	at org.springframework.web.filter.RequestContextFilter.doFilterInternal(RequestContextFilter.java:100) ~[spring-web-6.1.1.jar!/:6.1.1]
	at org.springframework.web.filter.OncePerRequestFilter.doFilter(OncePerRequestFilter.java:116) ~[spring-web-6.1.1.jar!/:6.1.1]
	at org.apache.catalina.core.ApplicationFilterChain.internalDoFilter(ApplicationFilterChain.java:174) ~[tomcat-embed-core-10.1.16.jar!/:na]
	at org.apache.catalina.core.ApplicationFilterChain.doFilter(ApplicationFilterChain.java:149) ~[tomcat-embed-core-10.1.16.jar!/:na]
	at org.springframework.web.filter.FormContentFilter.doFilterInternal(FormContentFilter.java:93) ~[spring-web-6.1.1.jar!/:6.1.1]
	at org.springframework.web.filter.OncePerRequestFilter.doFilter(OncePerRequestFilter.java:116) ~[spring-web-6.1.1.jar!/:6.1.1]
	at org.apache.catalina.core.ApplicationFilterChain.internalDoFilter(ApplicationFilterChain.java:174) ~[tomcat-embed-core-10.1.16.jar!/:na]
	at org.apache.catalina.core.ApplicationFilterChain.doFilter(ApplicationFilterChain.java:149) ~[tomcat-embed-core-10.1.16.jar!/:na]
	at org.springframework.web.filter.ServerHttpObservationFilter.doFilterInternal(ServerHttpObservationFilter.java:109) ~[spring-web-6.1.1.jar!/:6.1.1]
	at org.springframework.web.filter.OncePerRequestFilter.doFilter(OncePerRequestFilter.java:116) ~[spring-web-6.1.1.jar!/:6.1.1]
	at org.apache.catalina.core.ApplicationFilterChain.internalDoFilter(ApplicationFilterChain.java:174) ~[tomcat-embed-core-10.1.16.jar!/:na]
	at org.apache.catalina.core.ApplicationFilterChain.doFilter(ApplicationFilterChain.java:149) ~[tomcat-embed-core-10.1.16.jar!/:na]
	at org.springframework.web.filter.CharacterEncodingFilter.doFilterInternal(CharacterEncodingFilter.java:201) ~[spring-web-6.1.1.jar!/:6.1.1]
	at org.springframework.web.filter.OncePerRequestFilter.doFilter(OncePerRequestFilter.java:116) ~[spring-web-6.1.1.jar!/:6.1.1]
	at org.apache.catalina.core.ApplicationFilterChain.internalDoFilter(ApplicationFilterChain.java:174) ~[tomcat-embed-core-10.1.16.jar!/:na]
	at org.apache.catalina.core.ApplicationFilterChain.doFilter(ApplicationFilterChain.java:149) ~[tomcat-embed-core-10.1.16.jar!/:na]
	at org.apache.catalina.core.StandardWrapperValve.invoke(StandardWrapperValve.java:167) ~[tomcat-embed-core-10.1.16.jar!/:na]
	at org.apache.catalina.core.StandardContextValve.invoke(StandardContextValve.java:90) ~[tomcat-embed-core-10.1.16.jar!/:na]
	at org.apache.catalina.authenticator.AuthenticatorBase.invoke(AuthenticatorBase.java:482) ~[tomcat-embed-core-10.1.16.jar!/:na]
	at org.apache.catalina.core.StandardHostValve.invoke(StandardHostValve.java:115) ~[tomcat-embed-core-10.1.16.jar!/:na]
	at org.apache.catalina.valves.ErrorReportValve.invoke(ErrorReportValve.java:93) ~[tomcat-embed-core-10.1.16.jar!/:na]
	at org.apache.catalina.core.StandardEngineValve.invoke(StandardEngineValve.java:74) ~[tomcat-embed-core-10.1.16.jar!/:na]
	at org.apache.catalina.connector.CoyoteAdapter.service(CoyoteAdapter.java:340) ~[tomcat-embed-core-10.1.16.jar!/:na]
	at org.apache.coyote.http11.Http11Processor.service(Http11Processor.java:391) ~[tomcat-embed-core-10.1.16.jar!/:na]
	at org.apache.coyote.AbstractProcessorLight.process(AbstractProcessorLight.java:63) ~[tomcat-embed-core-10.1.16.jar!/:na]
	at org.apache.coyote.AbstractProtocol$ConnectionHandler.process(AbstractProtocol.java:896) ~[tomcat-embed-core-10.1.16.jar!/:na]
	at org.apache.tomcat.util.net.NioEndpoint$SocketProcessor.doRun(NioEndpoint.java:1744) ~[tomcat-embed-core-10.1.16.jar!/:na]
	at org.apache.tomcat.util.net.SocketProcessorBase.run(SocketProcessorBase.java:52) ~[tomcat-embed-core-10.1.16.jar!/:na]
	at org.apache.tomcat.util.threads.ThreadPoolExecutor.runWorker(ThreadPoolExecutor.java:1191) ~[tomcat-embed-core-10.1.16.jar!/:na]
	at org.apache.tomcat.util.threads.ThreadPoolExecutor$Worker.run(ThreadPoolExecutor.java:659) ~[tomcat-embed-core-10.1.16.jar!/:na]
	at org.apache.tomcat.util.threads.TaskThread$WrappingRunnable.run(TaskThread.java:61) ~[tomcat-embed-core-10.1.16.jar!/:na]
	at java.base/java.lang.Thread.run(Thread.java:840) ~[na:na]

Hibernate: select fs1_0.shlt_id,fs1_0.ctpv_nm,fs1_0.daddr,fs1_0.fclt_nm,fs1_0.lat,fs1_0.lot,fs1_0.mng_dept_nm,fs1_0.sgg_nm from flood fs1_0 where fs1_0.shlt_id=?
Hibernate: update flood set ctpv_nm=?,daddr=?,fclt_nm=?,lat=?,lot=?,mng_dept_nm=?,sgg_nm=? where shlt_id=?
Hibernate: select fs1_0.shlt_id,fs1_0.ctpv_nm,fs1_0.daddr,fs1_0.fclt_nm,fs1_0.lat,fs1_0.lot,fs1_0.mng_dept_nm,fs1_0.sgg_nm from flood fs1_0 limit ?,?
Hibernate: select count(fs1_0.shlt_id) from flood fs1_0
Hibernate: select fs1_0.shlt_id,fs1_0.ctpv_nm,fs1_0.daddr,fs1_0.fclt_nm,fs1_0.lat,fs1_0.lot,fs1_0.mng_dept_nm,fs1_0.sgg_nm from flood fs1_0 where fs1_0.fclt_nm like ? escape '\\' or fs1_0.daddr like ? escape '\\' limit ?,?
Hibernate: select fs1_0.shlt_id,fs1_0.ctpv_nm,fs1_0.daddr,fs1_0.fclt_nm,fs1_0.lat,fs1_0.lot,fs1_0.mng_dept_nm,fs1_0.sgg_nm from flood fs1_0 where fs1_0.fclt_nm like ? escape '\\' or fs1_0.daddr like ? escape '\\' limit ?,?
Hibernate: select fs1_0.shlt_id,fs1_0.ctpv_nm,fs1_0.daddr,fs1_0.fclt_nm,fs1_0.lat,fs1_0.lot,fs1_0.mng_dept_nm,fs1_0.sgg_nm from flood fs1_0 where fs1_0.shlt_id=?
Hibernate: update flood set ctpv_nm=?,daddr=?,fclt_nm=?,lat=?,lot=?,mng_dept_nm=?,sgg_nm=? where shlt_id=?
Hibernate: select fs1_0.shlt_id,fs1_0.ctpv_nm,fs1_0.daddr,fs1_0.fclt_nm,fs1_0.lat,fs1_0.lot,fs1_0.mng_dept_nm,fs1_0.sgg_nm from flood fs1_0 where fs1_0.fclt_nm like ? escape '\\' or fs1_0.daddr like ? escape '\\' limit ?,?
Hibernate: select fs1_0.shlt_id,fs1_0.ctpv_nm,fs1_0.daddr,fs1_0.fclt_nm,fs1_0.lat,fs1_0.lot,fs1_0.mng_dept_nm,fs1_0.sgg_nm from flood fs1_0 where fs1_0.fclt_nm like ? escape '\\' or fs1_0.daddr like ? escape '\\' limit ?,?
Hibernate: select count(fs1_0.shlt_id) from flood fs1_0 where fs1_0.fclt_nm like ? escape '\\' or fs1_0.daddr like ? escape '\\'
>>> 홍수 대피소 파이썬 DB 연동 실행
python: can't open file '/root/admin/target/scripts/excel_to_mysql.py': [Errno 2] No such file or directory
java.lang.RuntimeException: 홍수 파이썬 스크립트 실행 실패 (Exit Code: 2)
	at com.example.demo.service.FloodShelterService.syncData(FloodShelterService.java:62)
	at java.base/jdk.internal.reflect.NativeMethodAccessorImpl.invoke0(Native Method)
	at java.base/jdk.internal.reflect.NativeMethodAccessorImpl.invoke(NativeMethodAccessorImpl.java:77)
	at java.base/jdk.internal.reflect.DelegatingMethodAccessorImpl.invoke(DelegatingMethodAccessorImpl.java:43)
	at java.base/java.lang.reflect.Method.invoke(Method.java:569)
	at org.springframework.aop.support.AopUtils.invokeJoinpointUsingReflection(AopUtils.java:352)
	at org.springframework.aop.framework.ReflectiveMethodInvocation.invokeJoinpoint(ReflectiveMethodInvocation.java:196)
	at org.springframework.aop.framework.ReflectiveMethodInvocation.proceed(ReflectiveMethodInvocation.java:163)
	at org.springframework.aop.framework.CglibAopProxy$CglibMethodInvocation.proceed(CglibAopProxy.java:765)
	at org.springframework.transaction.interceptor.TransactionInterceptor$1.proceedWithInvocation(TransactionInterceptor.java:123)
	at org.springframework.transaction.interceptor.TransactionAspectSupport.invokeWithinTransaction(TransactionAspectSupport.java:385)
	at org.springframework.transaction.interceptor.TransactionInterceptor.invoke(TransactionInterceptor.java:119)
	at org.springframework.aop.framework.ReflectiveMethodInvocation.proceed(ReflectiveMethodInvocation.java:184)
	at org.springframework.aop.framework.CglibAopProxy$CglibMethodInvocation.proceed(CglibAopProxy.java:765)
	at org.springframework.aop.framework.CglibAopProxy$DynamicAdvisedInterceptor.intercept(CglibAopProxy.java:717)
	at com.example.demo.service.FloodShelterService$$SpringCGLIB$$0.syncData(<generated>)
	at com.example.demo.controller.FloodShelterController.syncFloodShelters(FloodShelterController.java:111)
	at java.base/jdk.internal.reflect.NativeMethodAccessorImpl.invoke0(Native Method)
	at java.base/jdk.internal.reflect.NativeMethodAccessorImpl.invoke(NativeMethodAccessorImpl.java:77)
	at java.base/jdk.internal.reflect.DelegatingMethodAccessorImpl.invoke(DelegatingMethodAccessorImpl.java:43)
	at java.base/java.lang.reflect.Method.invoke(Method.java:569)
	at org.springframework.web.method.support.InvocableHandlerMethod.doInvoke(InvocableHandlerMethod.java:254)
	at org.springframework.web.method.support.InvocableHandlerMethod.invokeForRequest(InvocableHandlerMethod.java:182)
	at org.springframework.web.servlet.mvc.method.annotation.ServletInvocableHandlerMethod.invokeAndHandle(ServletInvocableHandlerMethod.java:118)
	at org.springframework.web.servlet.mvc.method.annotation.RequestMappingHandlerAdapter.invokeHandlerMethod(RequestMappingHandlerAdapter.java:917)
	at org.springframework.web.servlet.mvc.method.annotation.RequestMappingHandlerAdapter.handleInternal(RequestMappingHandlerAdapter.java:829)
	at org.springframework.web.servlet.mvc.method.AbstractHandlerMethodAdapter.handle(AbstractHandlerMethodAdapter.java:87)
	at org.springframework.web.servlet.DispatcherServlet.doDispatch(DispatcherServlet.java:1089)
	at org.springframework.web.servlet.DispatcherServlet.doService(DispatcherServlet.java:979)
	at org.springframework.web.servlet.FrameworkServlet.processRequest(FrameworkServlet.java:1014)
	at org.springframework.web.servlet.FrameworkServlet.doPost(FrameworkServlet.java:914)
	at jakarta.servlet.http.HttpServlet.service(HttpServlet.java:590)
	at org.springframework.web.servlet.FrameworkServlet.service(FrameworkServlet.java:885)
	at jakarta.servlet.http.HttpServlet.service(HttpServlet.java:658)
	at org.apache.catalina.core.ApplicationFilterChain.internalDoFilter(ApplicationFilterChain.java:205)
	at org.apache.catalina.core.ApplicationFilterChain.doFilter(ApplicationFilterChain.java:149)
	at org.apache.tomcat.websocket.server.WsFilter.doFilter(WsFilter.java:51)
	at org.apache.catalina.core.ApplicationFilterChain.internalDoFilter(ApplicationFilterChain.java:174)
	at org.apache.catalina.core.ApplicationFilterChain.doFilter(ApplicationFilterChain.java:149)
	at org.springframework.web.filter.RequestContextFilter.doFilterInternal(RequestContextFilter.java:100)
	at org.springframework.web.filter.OncePerRequestFilter.doFilter(OncePerRequestFilter.java:116)
	at org.apache.catalina.core.ApplicationFilterChain.internalDoFilter(ApplicationFilterChain.java:174)
	at org.apache.catalina.core.ApplicationFilterChain.doFilter(ApplicationFilterChain.java:149)
	at org.springframework.web.filter.FormContentFilter.doFilterInternal(FormContentFilter.java:93)
	at org.springframework.web.filter.OncePerRequestFilter.doFilter(OncePerRequestFilter.java:116)
	at org.apache.catalina.core.ApplicationFilterChain.internalDoFilter(ApplicationFilterChain.java:174)
	at org.apache.catalina.core.ApplicationFilterChain.doFilter(ApplicationFilterChain.java:149)
	at org.springframework.web.filter.ServerHttpObservationFilter.doFilterInternal(ServerHttpObservationFilter.java:109)
	at org.springframework.web.filter.OncePerRequestFilter.doFilter(OncePerRequestFilter.java:116)
	at org.apache.catalina.core.ApplicationFilterChain.internalDoFilter(ApplicationFilterChain.java:174)
	at org.apache.catalina.core.ApplicationFilterChain.doFilter(ApplicationFilterChain.java:149)
	at org.springframework.web.filter.CharacterEncodingFilter.doFilterInternal(CharacterEncodingFilter.java:201)
	at org.springframework.web.filter.OncePerRequestFilter.doFilter(OncePerRequestFilter.java:116)
	at org.apache.catalina.core.ApplicationFilterChain.internalDoFilter(ApplicationFilterChain.java:174)
	at org.apache.catalina.core.ApplicationFilterChain.doFilter(ApplicationFilterChain.java:149)
	at org.apache.catalina.core.StandardWrapperValve.invoke(StandardWrapperValve.java:167)
	at org.apache.catalina.core.StandardContextValve.invoke(StandardContextValve.java:90)
	at org.apache.catalina.authenticator.AuthenticatorBase.invoke(AuthenticatorBase.java:482)
	at org.apache.catalina.core.StandardHostValve.invoke(StandardHostValve.java:115)
	at org.apache.catalina.valves.ErrorReportValve.invoke(ErrorReportValve.java:93)
	at org.apache.catalina.core.StandardEngineValve.invoke(StandardEngineValve.java:74)
	at org.apache.catalina.connector.CoyoteAdapter.service(CoyoteAdapter.java:340)
	at org.apache.coyote.http11.Http11Processor.service(Http11Processor.java:391)
	at org.apache.coyote.AbstractProcessorLight.process(AbstractProcessorLight.java:63)
	at org.apache.coyote.AbstractProtocol$ConnectionHandler.process(AbstractProtocol.java:896)
	at org.apache.tomcat.util.net.NioEndpoint$SocketProcessor.doRun(NioEndpoint.java:1744)
	at org.apache.tomcat.util.net.SocketProcessorBase.run(SocketProcessorBase.java:52)
	at org.apache.tomcat.util.threads.ThreadPoolExecutor.runWorker(ThreadPoolExecutor.java:1191)
	at org.apache.tomcat.util.threads.ThreadPoolExecutor$Worker.run(ThreadPoolExecutor.java:659)
	at org.apache.tomcat.util.threads.TaskThread$WrappingRunnable.run(TaskThread.java:61)
	at java.base/java.lang.Thread.run(Thread.java:840)
2026-09-01T11:14:15.611+09:00 ERROR 8324 --- [nio-8080-exec-1] o.a.c.c.C.[.[.[/].[dispatcherServlet]    : Servlet.service() for servlet [dispatcherServlet] in context with path [] threw exception [Request processing failed: java.lang.RuntimeException: 홍수 DB 연동 중 오류 발생: 홍수 파이썬 스크립트 실행 실패 (Exit Code: 2)] with root cause

java.lang.RuntimeException: 홍수 DB 연동 중 오류 발생: 홍수 파이썬 스크립트 실행 실패 (Exit Code: 2)
	at com.example.demo.service.FloodShelterService.syncData(FloodShelterService.java:67) ~[!/:0.0.1-SNAPSHOT]
	at java.base/jdk.internal.reflect.NativeMethodAccessorImpl.invoke0(Native Method) ~[na:na]
	at java.base/jdk.internal.reflect.NativeMethodAccessorImpl.invoke(NativeMethodAccessorImpl.java:77) ~[na:na]
	at java.base/jdk.internal.reflect.DelegatingMethodAccessorImpl.invoke(DelegatingMethodAccessorImpl.java:43) ~[na:na]
	at java.base/java.lang.reflect.Method.invoke(Method.java:569) ~[na:na]
	at org.springframework.aop.support.AopUtils.invokeJoinpointUsingReflection(AopUtils.java:352) ~[spring-aop-6.1.1.jar!/:6.1.1]
	at org.springframework.aop.framework.ReflectiveMethodInvocation.invokeJoinpoint(ReflectiveMethodInvocation.java:196) ~[spring-aop-6.1.1.jar!/:6.1.1]
	at org.springframework.aop.framework.ReflectiveMethodInvocation.proceed(ReflectiveMethodInvocation.java:163) ~[spring-aop-6.1.1.jar!/:6.1.1]
	at org.springframework.aop.framework.CglibAopProxy$CglibMethodInvocation.proceed(CglibAopProxy.java:765) ~[spring-aop-6.1.1.jar!/:6.1.1]
	at org.springframework.transaction.interceptor.TransactionInterceptor$1.proceedWithInvocation(TransactionInterceptor.java:123) ~[spring-tx-6.1.1.jar!/:6.1.1]
	at org.springframework.transaction.interceptor.TransactionAspectSupport.invokeWithinTransaction(TransactionAspectSupport.java:385) ~[spring-tx-6.1.1.jar!/:6.1.1]
	at org.springframework.transaction.interceptor.TransactionInterceptor.invoke(TransactionInterceptor.java:119) ~[spring-tx-6.1.1.jar!/:6.1.1]
	at org.springframework.aop.framework.ReflectiveMethodInvocation.proceed(ReflectiveMethodInvocation.java:184) ~[spring-aop-6.1.1.jar!/:6.1.1]
	at org.springframework.aop.framework.CglibAopProxy$CglibMethodInvocation.proceed(CglibAopProxy.java:765) ~[spring-aop-6.1.1.jar!/:6.1.1]
	at org.springframework.aop.framework.CglibAopProxy$DynamicAdvisedInterceptor.intercept(CglibAopProxy.java:717) ~[spring-aop-6.1.1.jar!/:6.1.1]
	at com.example.demo.service.FloodShelterService$$SpringCGLIB$$0.syncData(<generated>) ~[!/:0.0.1-SNAPSHOT]
	at com.example.demo.controller.FloodShelterController.syncFloodShelters(FloodShelterController.java:111) ~[!/:0.0.1-SNAPSHOT]
	at java.base/jdk.internal.reflect.NativeMethodAccessorImpl.invoke0(Native Method) ~[na:na]
	at java.base/jdk.internal.reflect.NativeMethodAccessorImpl.invoke(NativeMethodAccessorImpl.java:77) ~[na:na]
	at java.base/jdk.internal.reflect.DelegatingMethodAccessorImpl.invoke(DelegatingMethodAccessorImpl.java:43) ~[na:na]
	at java.base/java.lang.reflect.Method.invoke(Method.java:569) ~[na:na]
	at org.springframework.web.method.support.InvocableHandlerMethod.doInvoke(InvocableHandlerMethod.java:254) ~[spring-web-6.1.1.jar!/:6.1.1]
	at org.springframework.web.method.support.InvocableHandlerMethod.invokeForRequest(InvocableHandlerMethod.java:182) ~[spring-web-6.1.1.jar!/:6.1.1]
	at org.springframework.web.servlet.mvc.method.annotation.ServletInvocableHandlerMethod.invokeAndHandle(ServletInvocableHandlerMethod.java:118) ~[spring-webmvc-6.1.1.jar!/:6.1.1]
	at org.springframework.web.servlet.mvc.method.annotation.RequestMappingHandlerAdapter.invokeHandlerMethod(RequestMappingHandlerAdapter.java:917) ~[spring-webmvc-6.1.1.jar!/:6.1.1]
	at org.springframework.web.servlet.mvc.method.annotation.RequestMappingHandlerAdapter.handleInternal(RequestMappingHandlerAdapter.java:829) ~[spring-webmvc-6.1.1.jar!/:6.1.1]
	at org.springframework.web.servlet.mvc.method.AbstractHandlerMethodAdapter.handle(AbstractHandlerMethodAdapter.java:87) ~[spring-webmvc-6.1.1.jar!/:6.1.1]
	at org.springframework.web.servlet.DispatcherServlet.doDispatch(DispatcherServlet.java:1089) ~[spring-webmvc-6.1.1.jar!/:6.1.1]
	at org.springframework.web.servlet.DispatcherServlet.doService(DispatcherServlet.java:979) ~[spring-webmvc-6.1.1.jar!/:6.1.1]
	at org.springframework.web.servlet.FrameworkServlet.processRequest(FrameworkServlet.java:1014) ~[spring-webmvc-6.1.1.jar!/:6.1.1]
	at org.springframework.web.servlet.FrameworkServlet.doPost(FrameworkServlet.java:914) ~[spring-webmvc-6.1.1.jar!/:6.1.1]
	at jakarta.servlet.http.HttpServlet.service(HttpServlet.java:590) ~[tomcat-embed-core-10.1.16.jar!/:na]
	at org.springframework.web.servlet.FrameworkServlet.service(FrameworkServlet.java:885) ~[spring-webmvc-6.1.1.jar!/:6.1.1]
	at jakarta.servlet.http.HttpServlet.service(HttpServlet.java:658) ~[tomcat-embed-core-10.1.16.jar!/:na]
	at org.apache.catalina.core.ApplicationFilterChain.internalDoFilter(ApplicationFilterChain.java:205) ~[tomcat-embed-core-10.1.16.jar!/:na]
	at org.apache.catalina.core.ApplicationFilterChain.doFilter(ApplicationFilterChain.java:149) ~[tomcat-embed-core-10.1.16.jar!/:na]
	at org.apache.tomcat.websocket.server.WsFilter.doFilter(WsFilter.java:51) ~[tomcat-embed-websocket-10.1.16.jar!/:na]
	at org.apache.catalina.core.ApplicationFilterChain.internalDoFilter(ApplicationFilterChain.java:174) ~[tomcat-embed-core-10.1.16.jar!/:na]
	at org.apache.catalina.core.ApplicationFilterChain.doFilter(ApplicationFilterChain.java:149) ~[tomcat-embed-core-10.1.16.jar!/:na]
	at org.springframework.web.filter.RequestContextFilter.doFilterInternal(RequestContextFilter.java:100) ~[spring-web-6.1.1.jar!/:6.1.1]
	at org.springframework.web.filter.OncePerRequestFilter.doFilter(OncePerRequestFilter.java:116) ~[spring-web-6.1.1.jar!/:6.1.1]
	at org.apache.catalina.core.ApplicationFilterChain.internalDoFilter(ApplicationFilterChain.java:174) ~[tomcat-embed-core-10.1.16.jar!/:na]
	at org.apache.catalina.core.ApplicationFilterChain.doFilter(ApplicationFilterChain.java:149) ~[tomcat-embed-core-10.1.16.jar!/:na]
	at org.springframework.web.filter.FormContentFilter.doFilterInternal(FormContentFilter.java:93) ~[spring-web-6.1.1.jar!/:6.1.1]
	at org.springframework.web.filter.OncePerRequestFilter.doFilter(OncePerRequestFilter.java:116) ~[spring-web-6.1.1.jar!/:6.1.1]
	at org.apache.catalina.core.ApplicationFilterChain.internalDoFilter(ApplicationFilterChain.java:174) ~[tomcat-embed-core-10.1.16.jar!/:na]
	at org.apache.catalina.core.ApplicationFilterChain.doFilter(ApplicationFilterChain.java:149) ~[tomcat-embed-core-10.1.16.jar!/:na]
	at org.springframework.web.filter.ServerHttpObservationFilter.doFilterInternal(ServerHttpObservationFilter.java:109) ~[spring-web-6.1.1.jar!/:6.1.1]
	at org.springframework.web.filter.OncePerRequestFilter.doFilter(OncePerRequestFilter.java:116) ~[spring-web-6.1.1.jar!/:6.1.1]
	at org.apache.catalina.core.ApplicationFilterChain.internalDoFilter(ApplicationFilterChain.java:174) ~[tomcat-embed-core-10.1.16.jar!/:na]
	at org.apache.catalina.core.ApplicationFilterChain.doFilter(ApplicationFilterChain.java:149) ~[tomcat-embed-core-10.1.16.jar!/:na]
	at org.springframework.web.filter.CharacterEncodingFilter.doFilterInternal(CharacterEncodingFilter.java:201) ~[spring-web-6.1.1.jar!/:6.1.1]
	at org.springframework.web.filter.OncePerRequestFilter.doFilter(OncePerRequestFilter.java:116) ~[spring-web-6.1.1.jar!/:6.1.1]
	at org.apache.catalina.core.ApplicationFilterChain.internalDoFilter(ApplicationFilterChain.java:174) ~[tomcat-embed-core-10.1.16.jar!/:na]
	at org.apache.catalina.core.ApplicationFilterChain.doFilter(ApplicationFilterChain.java:149) ~[tomcat-embed-core-10.1.16.jar!/:na]
	at org.apache.catalina.core.StandardWrapperValve.invoke(StandardWrapperValve.java:167) ~[tomcat-embed-core-10.1.16.jar!/:na]
	at org.apache.catalina.core.StandardContextValve.invoke(StandardContextValve.java:90) ~[tomcat-embed-core-10.1.16.jar!/:na]
	at org.apache.catalina.authenticator.AuthenticatorBase.invoke(AuthenticatorBase.java:482) ~[tomcat-embed-core-10.1.16.jar!/:na]
	at org.apache.catalina.core.StandardHostValve.invoke(StandardHostValve.java:115) ~[tomcat-embed-core-10.1.16.jar!/:na]
	at org.apache.catalina.valves.ErrorReportValve.invoke(ErrorReportValve.java:93) ~[tomcat-embed-core-10.1.16.jar!/:na]
	at org.apache.catalina.core.StandardEngineValve.invoke(StandardEngineValve.java:74) ~[tomcat-embed-core-10.1.16.jar!/:na]
	at org.apache.catalina.connector.CoyoteAdapter.service(CoyoteAdapter.java:340) ~[tomcat-embed-core-10.1.16.jar!/:na]
	at org.apache.coyote.http11.Http11Processor.service(Http11Processor.java:391) ~[tomcat-embed-core-10.1.16.jar!/:na]
	at org.apache.coyote.AbstractProcessorLight.process(AbstractProcessorLight.java:63) ~[tomcat-embed-core-10.1.16.jar!/:na]
	at org.apache.coyote.AbstractProtocol$ConnectionHandler.process(AbstractProtocol.java:896) ~[tomcat-embed-core-10.1.16.jar!/:na]
	at org.apache.tomcat.util.net.NioEndpoint$SocketProcessor.doRun(NioEndpoint.java:1744) ~[tomcat-embed-core-10.1.16.jar!/:na]
	at org.apache.tomcat.util.net.SocketProcessorBase.run(SocketProcessorBase.java:52) ~[tomcat-embed-core-10.1.16.jar!/:na]
	at org.apache.tomcat.util.threads.ThreadPoolExecutor.runWorker(ThreadPoolExecutor.java:1191) ~[tomcat-embed-core-10.1.16.jar!/:na]
	at org.apache.tomcat.util.threads.ThreadPoolExecutor$Worker.run(ThreadPoolExecutor.java:659) ~[tomcat-embed-core-10.1.16.jar!/:na]
	at org.apache.tomcat.util.threads.TaskThread$WrappingRunnable.run(TaskThread.java:61) ~[tomcat-embed-core-10.1.16.jar!/:na]
	at java.base/java.lang.Thread.run(Thread.java:840) ~[na:na]

>>> 홍수 대피소 파이썬 DB 연동 실행
python: can't open file '/root/admin/target/scripts/excel_to_mysql.py': [Errno 2] No such file or directory
java.lang.RuntimeException: 홍수 파이썬 스크립트 실행 실패 (Exit Code: 2)
	at com.example.demo.service.FloodShelterService.syncData(FloodShelterService.java:62)
	at java.base/jdk.internal.reflect.NativeMethodAccessorImpl.invoke0(Native Method)
	at java.base/jdk.internal.reflect.NativeMethodAccessorImpl.invoke(NativeMethodAccessorImpl.java:77)
	at java.base/jdk.internal.reflect.DelegatingMethodAccessorImpl.invoke(DelegatingMethodAccessorImpl.java:43)
	at java.base/java.lang.reflect.Method.invoke(Method.java:569)
	at org.springframework.aop.support.AopUtils.invokeJoinpointUsingReflection(AopUtils.java:352)
	at org.springframework.aop.framework.ReflectiveMethodInvocation.invokeJoinpoint(ReflectiveMethodInvocation.java:196)
	at org.springframework.aop.framework.ReflectiveMethodInvocation.proceed(ReflectiveMethodInvocation.java:163)
	at org.springframework.aop.framework.CglibAopProxy$CglibMethodInvocation.proceed(CglibAopProxy.java:765)
	at org.springframework.transaction.interceptor.TransactionInterceptor$1.proceedWithInvocation(TransactionInterceptor.java:123)
	at org.springframework.transaction.interceptor.TransactionAspectSupport.invokeWithinTransaction(TransactionAspectSupport.java:385)
	at org.springframework.transaction.interceptor.TransactionInterceptor.invoke(TransactionInterceptor.java:119)
	at org.springframework.aop.framework.ReflectiveMethodInvocation.proceed(ReflectiveMethodInvocation.java:184)
	at org.springframework.aop.framework.CglibAopProxy$CglibMethodInvocation.proceed(CglibAopProxy.java:765)
	at org.springframework.aop.framework.CglibAopProxy$DynamicAdvisedInterceptor.intercept(CglibAopProxy.java:717)
	at com.example.demo.service.FloodShelterService$$SpringCGLIB$$0.syncData(<generated>)
	at com.example.demo.controller.FloodShelterController.syncFloodShelters(FloodShelterController.java:111)
	at java.base/jdk.internal.reflect.NativeMethodAccessorImpl.invoke0(Native Method)
	at java.base/jdk.internal.reflect.NativeMethodAccessorImpl.invoke(NativeMethodAccessorImpl.java:77)
	at java.base/jdk.internal.reflect.DelegatingMethodAccessorImpl.invoke(DelegatingMethodAccessorImpl.java:43)
	at java.base/java.lang.reflect.Method.invoke(Method.java:569)
	at org.springframework.web.method.support.InvocableHandlerMethod.doInvoke(InvocableHandlerMethod.java:254)
	at org.springframework.web.method.support.InvocableHandlerMethod.invokeForRequest(InvocableHandlerMethod.java:182)
	at org.springframework.web.servlet.mvc.method.annotation.ServletInvocableHandlerMethod.invokeAndHandle(ServletInvocableHandlerMethod.java:118)
	at org.springframework.web.servlet.mvc.method.annotation.RequestMappingHandlerAdapter.invokeHandlerMethod(RequestMappingHandlerAdapter.java:917)
	at org.springframework.web.servlet.mvc.method.annotation.RequestMappingHandlerAdapter.handleInternal(RequestMappingHandlerAdapter.java:829)
	at org.springframework.web.servlet.mvc.method.AbstractHandlerMethodAdapter.handle(AbstractHandlerMethodAdapter.java:87)
	at org.springframework.web.servlet.DispatcherServlet.doDispatch(DispatcherServlet.java:1089)
	at org.springframework.web.servlet.DispatcherServlet.doService(DispatcherServlet.java:979)
	at org.springframework.web.servlet.FrameworkServlet.processRequest(FrameworkServlet.java:1014)
	at org.springframework.web.servlet.FrameworkServlet.doPost(FrameworkServlet.java:914)
	at jakarta.servlet.http.HttpServlet.service(HttpServlet.java:590)
	at org.springframework.web.servlet.FrameworkServlet.service(FrameworkServlet.java:885)
	at jakarta.servlet.http.HttpServlet.service(HttpServlet.java:658)
	at org.apache.catalina.core.ApplicationFilterChain.internalDoFilter(ApplicationFilterChain.java:205)
	at org.apache.catalina.core.ApplicationFilterChain.doFilter(ApplicationFilterChain.java:149)
	at org.apache.tomcat.websocket.server.WsFilter.doFilter(WsFilter.java:51)
	at org.apache.catalina.core.ApplicationFilterChain.internalDoFilter(ApplicationFilterChain.java:174)
	at org.apache.catalina.core.ApplicationFilterChain.doFilter(ApplicationFilterChain.java:149)
	at org.springframework.web.filter.RequestContextFilter.doFilterInternal(RequestContextFilter.java:100)
	at org.springframework.web.filter.OncePerRequestFilter.doFilter(OncePerRequestFilter.java:116)
	at org.apache.catalina.core.ApplicationFilterChain.internalDoFilter(ApplicationFilterChain.java:174)
	at org.apache.catalina.core.ApplicationFilterChain.doFilter(ApplicationFilterChain.java:149)
	at org.springframework.web.filter.FormContentFilter.doFilterInternal(FormContentFilter.java:93)
	at org.springframework.web.filter.OncePerRequestFilter.doFilter(OncePerRequestFilter.java:116)
	at org.apache.catalina.core.ApplicationFilterChain.internalDoFilter(ApplicationFilterChain.java:174)
	at org.apache.catalina.core.ApplicationFilterChain.doFilter(ApplicationFilterChain.java:149)
	at org.springframework.web.filter.ServerHttpObservationFilter.doFilterInternal(ServerHttpObservationFilter.java:109)
	at org.springframework.web.filter.OncePerRequestFilter.doFilter(OncePerRequestFilter.java:116)
	at org.apache.catalina.core.ApplicationFilterChain.internalDoFilter(ApplicationFilterChain.java:174)
	at org.apache.catalina.core.ApplicationFilterChain.doFilter(ApplicationFilterChain.java:149)
	at org.springframework.web.filter.CharacterEncodingFilter.doFilterInternal(CharacterEncodingFilter.java:201)
	at org.springframework.web.filter.OncePerRequestFilter.doFilter(OncePerRequestFilter.java:116)
	at org.apache.catalina.core.ApplicationFilterChain.internalDoFilter(ApplicationFilterChain.java:174)
	at org.apache.catalina.core.ApplicationFilterChain.doFilter(ApplicationFilterChain.java:149)
	at org.apache.catalina.core.StandardWrapperValve.invoke(StandardWrapperValve.java:167)
	at org.apache.catalina.core.StandardContextValve.invoke(StandardContextValve.java:90)
	at org.apache.catalina.authenticator.AuthenticatorBase.invoke(AuthenticatorBase.java:482)
	at org.apache.catalina.core.StandardHostValve.invoke(StandardHostValve.java:115)
	at org.apache.catalina.valves.ErrorReportValve.invoke(ErrorReportValve.java:93)
	at org.apache.catalina.core.StandardEngineValve.invoke(StandardEngineValve.java:74)
	at org.apache.catalina.connector.CoyoteAdapter.service(CoyoteAdapter.java:340)
	at org.apache.coyote.http11.Http11Processor.service(Http11Processor.java:391)
	at org.apache.coyote.AbstractProcessorLight.process(AbstractProcessorLight.java:63)
	at org.apache.coyote.AbstractProtocol$ConnectionHandler.process(AbstractProtocol.java:896)
	at org.apache.tomcat.util.net.NioEndpoint$SocketProcessor.doRun(NioEndpoint.java:1744)
	at org.apache.tomcat.util.net.SocketProcessorBase.run(SocketProcessorBase.java:52)
	at org.apache.tomcat.util.threads.ThreadPoolExecutor.runWorker(ThreadPoolExecutor.java:1191)
	at org.apache.tomcat.util.threads.ThreadPoolExecutor$Worker.run(ThreadPoolExecutor.java:659)
	at org.apache.tomcat.util.threads.TaskThread$WrappingRunnable.run(TaskThread.java:61)
	at java.base/java.lang.Thread.run(Thread.java:840)
2026-09-01T11:15:03.832+09:00 ERROR 8324 --- [nio-8080-exec-5] o.a.c.c.C.[.[.[/].[dispatcherServlet]    : Servlet.service() for servlet [dispatcherServlet] in context with path [] threw exception [Request processing failed: java.lang.RuntimeException: 홍수 DB 연동 중 오류 발생: 홍수 파이썬 스크립트 실행 실패 (Exit Code: 2)] with root cause

java.lang.RuntimeException: 홍수 DB 연동 중 오류 발생: 홍수 파이썬 스크립트 실행 실패 (Exit Code: 2)
	at com.example.demo.service.FloodShelterService.syncData(FloodShelterService.java:67) ~[!/:0.0.1-SNAPSHOT]
	at java.base/jdk.internal.reflect.NativeMethodAccessorImpl.invoke0(Native Method) ~[na:na]
	at java.base/jdk.internal.reflect.NativeMethodAccessorImpl.invoke(NativeMethodAccessorImpl.java:77) ~[na:na]
	at java.base/jdk.internal.reflect.DelegatingMethodAccessorImpl.invoke(DelegatingMethodAccessorImpl.java:43) ~[na:na]
	at java.base/java.lang.reflect.Method.invoke(Method.java:569) ~[na:na]
	at org.springframework.aop.support.AopUtils.invokeJoinpointUsingReflection(AopUtils.java:352) ~[spring-aop-6.1.1.jar!/:6.1.1]
	at org.springframework.aop.framework.ReflectiveMethodInvocation.invokeJoinpoint(ReflectiveMethodInvocation.java:196) ~[spring-aop-6.1.1.jar!/:6.1.1]
	at org.springframework.aop.framework.ReflectiveMethodInvocation.proceed(ReflectiveMethodInvocation.java:163) ~[spring-aop-6.1.1.jar!/:6.1.1]
	at org.springframework.aop.framework.CglibAopProxy$CglibMethodInvocation.proceed(CglibAopProxy.java:765) ~[spring-aop-6.1.1.jar!/:6.1.1]
	at org.springframework.transaction.interceptor.TransactionInterceptor$1.proceedWithInvocation(TransactionInterceptor.java:123) ~[spring-tx-6.1.1.jar!/:6.1.1]
	at org.springframework.transaction.interceptor.TransactionAspectSupport.invokeWithinTransaction(TransactionAspectSupport.java:385) ~[spring-tx-6.1.1.jar!/:6.1.1]
	at org.springframework.transaction.interceptor.TransactionInterceptor.invoke(TransactionInterceptor.java:119) ~[spring-tx-6.1.1.jar!/:6.1.1]
	at org.springframework.aop.framework.ReflectiveMethodInvocation.proceed(ReflectiveMethodInvocation.java:184) ~[spring-aop-6.1.1.jar!/:6.1.1]
	at org.springframework.aop.framework.CglibAopProxy$CglibMethodInvocation.proceed(CglibAopProxy.java:765) ~[spring-aop-6.1.1.jar!/:6.1.1]
	at org.springframework.aop.framework.CglibAopProxy$DynamicAdvisedInterceptor.intercept(CglibAopProxy.java:717) ~[spring-aop-6.1.1.jar!/:6.1.1]
	at com.example.demo.service.FloodShelterService$$SpringCGLIB$$0.syncData(<generated>) ~[!/:0.0.1-SNAPSHOT]
	at com.example.demo.controller.FloodShelterController.syncFloodShelters(FloodShelterController.java:111) ~[!/:0.0.1-SNAPSHOT]
	at java.base/jdk.internal.reflect.NativeMethodAccessorImpl.invoke0(Native Method) ~[na:na]
	at java.base/jdk.internal.reflect.NativeMethodAccessorImpl.invoke(NativeMethodAccessorImpl.java:77) ~[na:na]
	at java.base/jdk.internal.reflect.DelegatingMethodAccessorImpl.invoke(DelegatingMethodAccessorImpl.java:43) ~[na:na]
	at java.base/java.lang.reflect.Method.invoke(Method.java:569) ~[na:na]
	at org.springframework.web.method.support.InvocableHandlerMethod.doInvoke(InvocableHandlerMethod.java:254) ~[spring-web-6.1.1.jar!/:6.1.1]
	at org.springframework.web.method.support.InvocableHandlerMethod.invokeForRequest(InvocableHandlerMethod.java:182) ~[spring-web-6.1.1.jar!/:6.1.1]
	at org.springframework.web.servlet.mvc.method.annotation.ServletInvocableHandlerMethod.invokeAndHandle(ServletInvocableHandlerMethod.java:118) ~[spring-webmvc-6.1.1.jar!/:6.1.1]
	at org.springframework.web.servlet.mvc.method.annotation.RequestMappingHandlerAdapter.invokeHandlerMethod(RequestMappingHandlerAdapter.java:917) ~[spring-webmvc-6.1.1.jar!/:6.1.1]
	at org.springframework.web.servlet.mvc.method.annotation.RequestMappingHandlerAdapter.handleInternal(RequestMappingHandlerAdapter.java:829) ~[spring-webmvc-6.1.1.jar!/:6.1.1]
	at org.springframework.web.servlet.mvc.method.AbstractHandlerMethodAdapter.handle(AbstractHandlerMethodAdapter.java:87) ~[spring-webmvc-6.1.1.jar!/:6.1.1]
	at org.springframework.web.servlet.DispatcherServlet.doDispatch(DispatcherServlet.java:1089) ~[spring-webmvc-6.1.1.jar!/:6.1.1]
	at org.springframework.web.servlet.DispatcherServlet.doService(DispatcherServlet.java:979) ~[spring-webmvc-6.1.1.jar!/:6.1.1]
	at org.springframework.web.servlet.FrameworkServlet.processRequest(FrameworkServlet.java:1014) ~[spring-webmvc-6.1.1.jar!/:6.1.1]
	at org.springframework.web.servlet.FrameworkServlet.doPost(FrameworkServlet.java:914) ~[spring-webmvc-6.1.1.jar!/:6.1.1]
	at jakarta.servlet.http.HttpServlet.service(HttpServlet.java:590) ~[tomcat-embed-core-10.1.16.jar!/:na]
	at org.springframework.web.servlet.FrameworkServlet.service(FrameworkServlet.java:885) ~[spring-webmvc-6.1.1.jar!/:6.1.1]
	at jakarta.servlet.http.HttpServlet.service(HttpServlet.java:658) ~[tomcat-embed-core-10.1.16.jar!/:na]
	at org.apache.catalina.core.ApplicationFilterChain.internalDoFilter(ApplicationFilterChain.java:205) ~[tomcat-embed-core-10.1.16.jar!/:na]
	at org.apache.catalina.core.ApplicationFilterChain.doFilter(ApplicationFilterChain.java:149) ~[tomcat-embed-core-10.1.16.jar!/:na]
	at org.apache.tomcat.websocket.server.WsFilter.doFilter(WsFilter.java:51) ~[tomcat-embed-websocket-10.1.16.jar!/:na]
	at org.apache.catalina.core.ApplicationFilterChain.internalDoFilter(ApplicationFilterChain.java:174) ~[tomcat-embed-core-10.1.16.jar!/:na]
	at org.apache.catalina.core.ApplicationFilterChain.doFilter(ApplicationFilterChain.java:149) ~[tomcat-embed-core-10.1.16.jar!/:na]
	at org.springframework.web.filter.RequestContextFilter.doFilterInternal(RequestContextFilter.java:100) ~[spring-web-6.1.1.jar!/:6.1.1]
	at org.springframework.web.filter.OncePerRequestFilter.doFilter(OncePerRequestFilter.java:116) ~[spring-web-6.1.1.jar!/:6.1.1]
	at org.apache.catalina.core.ApplicationFilterChain.internalDoFilter(ApplicationFilterChain.java:174) ~[tomcat-embed-core-10.1.16.jar!/:na]
	at org.apache.catalina.core.ApplicationFilterChain.doFilter(ApplicationFilterChain.java:149) ~[tomcat-embed-core-10.1.16.jar!/:na]
	at org.springframework.web.filter.FormContentFilter.doFilterInternal(FormContentFilter.java:93) ~[spring-web-6.1.1.jar!/:6.1.1]
	at org.springframework.web.filter.OncePerRequestFilter.doFilter(OncePerRequestFilter.java:116) ~[spring-web-6.1.1.jar!/:6.1.1]
	at org.apache.catalina.core.ApplicationFilterChain.internalDoFilter(ApplicationFilterChain.java:174) ~[tomcat-embed-core-10.1.16.jar!/:na]
	at org.apache.catalina.core.ApplicationFilterChain.doFilter(ApplicationFilterChain.java:149) ~[tomcat-embed-core-10.1.16.jar!/:na]
	at org.springframework.web.filter.ServerHttpObservationFilter.doFilterInternal(ServerHttpObservationFilter.java:109) ~[spring-web-6.1.1.jar!/:6.1.1]
	at org.springframework.web.filter.OncePerRequestFilter.doFilter(OncePerRequestFilter.java:116) ~[spring-web-6.1.1.jar!/:6.1.1]
	at org.apache.catalina.core.ApplicationFilterChain.internalDoFilter(ApplicationFilterChain.java:174) ~[tomcat-embed-core-10.1.16.jar!/:na]
	at org.apache.catalina.core.ApplicationFilterChain.doFilter(ApplicationFilterChain.java:149) ~[tomcat-embed-core-10.1.16.jar!/:na]
	at org.springframework.web.filter.CharacterEncodingFilter.doFilterInternal(CharacterEncodingFilter.java:201) ~[spring-web-6.1.1.jar!/:6.1.1]
	at org.springframework.web.filter.OncePerRequestFilter.doFilter(OncePerRequestFilter.java:116) ~[spring-web-6.1.1.jar!/:6.1.1]
	at org.apache.catalina.core.ApplicationFilterChain.internalDoFilter(ApplicationFilterChain.java:174) ~[tomcat-embed-core-10.1.16.jar!/:na]
	at org.apache.catalina.core.ApplicationFilterChain.doFilter(ApplicationFilterChain.java:149) ~[tomcat-embed-core-10.1.16.jar!/:na]
	at org.apache.catalina.core.StandardWrapperValve.invoke(StandardWrapperValve.java:167) ~[tomcat-embed-core-10.1.16.jar!/:na]
	at org.apache.catalina.core.StandardContextValve.invoke(StandardContextValve.java:90) ~[tomcat-embed-core-10.1.16.jar!/:na]
	at org.apache.catalina.authenticator.AuthenticatorBase.invoke(AuthenticatorBase.java:482) ~[tomcat-embed-core-10.1.16.jar!/:na]
	at org.apache.catalina.core.StandardHostValve.invoke(StandardHostValve.java:115) ~[tomcat-embed-core-10.1.16.jar!/:na]
	at org.apache.catalina.valves.ErrorReportValve.invoke(ErrorReportValve.java:93) ~[tomcat-embed-core-10.1.16.jar!/:na]
	at org.apache.catalina.core.StandardEngineValve.invoke(StandardEngineValve.java:74) ~[tomcat-embed-core-10.1.16.jar!/:na]
	at org.apache.catalina.connector.CoyoteAdapter.service(CoyoteAdapter.java:340) ~[tomcat-embed-core-10.1.16.jar!/:na]
	at org.apache.coyote.http11.Http11Processor.service(Http11Processor.java:391) ~[tomcat-embed-core-10.1.16.jar!/:na]
	at org.apache.coyote.AbstractProcessorLight.process(AbstractProcessorLight.java:63) ~[tomcat-embed-core-10.1.16.jar!/:na]
	at org.apache.coyote.AbstractProtocol$ConnectionHandler.process(AbstractProtocol.java:896) ~[tomcat-embed-core-10.1.16.jar!/:na]
	at org.apache.tomcat.util.net.NioEndpoint$SocketProcessor.doRun(NioEndpoint.java:1744) ~[tomcat-embed-core-10.1.16.jar!/:na]
	at org.apache.tomcat.util.net.SocketProcessorBase.run(SocketProcessorBase.java:52) ~[tomcat-embed-core-10.1.16.jar!/:na]
	at org.apache.tomcat.util.threads.ThreadPoolExecutor.runWorker(ThreadPoolExecutor.java:1191) ~[tomcat-embed-core-10.1.16.jar!/:na]
	at org.apache.tomcat.util.threads.ThreadPoolExecutor$Worker.run(ThreadPoolExecutor.java:659) ~[tomcat-embed-core-10.1.16.jar!/:na]
	at org.apache.tomcat.util.threads.TaskThread$WrappingRunnable.run(TaskThread.java:61) ~[tomcat-embed-core-10.1.16.jar!/:na]
	at java.base/java.lang.Thread.run(Thread.java:840) ~[na:na]

>>> 홍수 대피소 파이썬 DB 연동 실행
python: can't open file '/root/admin/target/scripts/excel_to_mysql.py': [Errno 2] No such file or directory
java.lang.RuntimeException: 홍수 파이썬 스크립트 실행 실패 (Exit Code: 2)
	at com.example.demo.service.FloodShelterService.syncData(FloodShelterService.java:62)
	at java.base/jdk.internal.reflect.NativeMethodAccessorImpl.invoke0(Native Method)
	at java.base/jdk.internal.reflect.NativeMethodAccessorImpl.invoke(NativeMethodAccessorImpl.java:77)
	at java.base/jdk.internal.reflect.DelegatingMethodAccessorImpl.invoke(DelegatingMethodAccessorImpl.java:43)
	at java.base/java.lang.reflect.Method.invoke(Method.java:569)
	at org.springframework.aop.support.AopUtils.invokeJoinpointUsingReflection(AopUtils.java:352)
	at org.springframework.aop.framework.ReflectiveMethodInvocation.invokeJoinpoint(ReflectiveMethodInvocation.java:196)
	at org.springframework.aop.framework.ReflectiveMethodInvocation.proceed(ReflectiveMethodInvocation.java:163)
	at org.springframework.aop.framework.CglibAopProxy$CglibMethodInvocation.proceed(CglibAopProxy.java:765)
	at org.springframework.transaction.interceptor.TransactionInterceptor$1.proceedWithInvocation(TransactionInterceptor.java:123)
	at org.springframework.transaction.interceptor.TransactionAspectSupport.invokeWithinTransaction(TransactionAspectSupport.java:385)
	at org.springframework.transaction.interceptor.TransactionInterceptor.invoke(TransactionInterceptor.java:119)
	at org.springframework.aop.framework.ReflectiveMethodInvocation.proceed(ReflectiveMethodInvocation.java:184)
	at org.springframework.aop.framework.CglibAopProxy$CglibMethodInvocation.proceed(CglibAopProxy.java:765)
	at org.springframework.aop.framework.CglibAopProxy$DynamicAdvisedInterceptor.intercept(CglibAopProxy.java:717)
	at com.example.demo.service.FloodShelterService$$SpringCGLIB$$0.syncData(<generated>)
	at com.example.demo.controller.FloodShelterController.syncFloodShelters(FloodShelterController.java:111)
	at java.base/jdk.internal.reflect.NativeMethodAccessorImpl.invoke0(Native Method)
	at java.base/jdk.internal.reflect.NativeMethodAccessorImpl.invoke(NativeMethodAccessorImpl.java:77)
	at java.base/jdk.internal.reflect.DelegatingMethodAccessorImpl.invoke(DelegatingMethodAccessorImpl.java:43)
	at java.base/java.lang.reflect.Method.invoke(Method.java:569)
	at org.springframework.web.method.support.InvocableHandlerMethod.doInvoke(InvocableHandlerMethod.java:254)
	at org.springframework.web.method.support.InvocableHandlerMethod.invokeForRequest(InvocableHandlerMethod.java:182)
	at org.springframework.web.servlet.mvc.method.annotation.ServletInvocableHandlerMethod.invokeAndHandle(ServletInvocableHandlerMethod.java:118)
	at org.springframework.web.servlet.mvc.method.annotation.RequestMappingHandlerAdapter.invokeHandlerMethod(RequestMappingHandlerAdapter.java:917)
	at org.springframework.web.servlet.mvc.method.annotation.RequestMappingHandlerAdapter.handleInternal(RequestMappingHandlerAdapter.java:829)
	at org.springframework.web.servlet.mvc.method.AbstractHandlerMethodAdapter.handle(AbstractHandlerMethodAdapter.java:87)
	at org.springframework.web.servlet.DispatcherServlet.doDispatch(DispatcherServlet.java:1089)
	at org.springframework.web.servlet.DispatcherServlet.doService(DispatcherServlet.java:979)
	at org.springframework.web.servlet.FrameworkServlet.processRequest(FrameworkServlet.java:1014)
	at org.springframework.web.servlet.FrameworkServlet.doPost(FrameworkServlet.java:914)
	at jakarta.servlet.http.HttpServlet.service(HttpServlet.java:590)
	at org.springframework.web.servlet.FrameworkServlet.service(FrameworkServlet.java:885)
	at jakarta.servlet.http.HttpServlet.service(HttpServlet.java:658)
	at org.apache.catalina.core.ApplicationFilterChain.internalDoFilter(ApplicationFilterChain.java:205)
	at org.apache.catalina.core.ApplicationFilterChain.doFilter(ApplicationFilterChain.java:149)
	at org.apache.tomcat.websocket.server.WsFilter.doFilter(WsFilter.java:51)
	at org.apache.catalina.core.ApplicationFilterChain.internalDoFilter(ApplicationFilterChain.java:174)
	at org.apache.catalina.core.ApplicationFilterChain.doFilter(ApplicationFilterChain.java:149)
	at org.springframework.web.filter.RequestContextFilter.doFilterInternal(RequestContextFilter.java:100)
	at org.springframework.web.filter.OncePerRequestFilter.doFilter(OncePerRequestFilter.java:116)
	at org.apache.catalina.core.ApplicationFilterChain.internalDoFilter(ApplicationFilterChain.java:174)
	at org.apache.catalina.core.ApplicationFilterChain.doFilter(ApplicationFilterChain.java:149)
	at org.springframework.web.filter.FormContentFilter.doFilterInternal(FormContentFilter.java:93)
	at org.springframework.web.filter.OncePerRequestFilter.doFilter(OncePerRequestFilter.java:116)
	at org.apache.catalina.core.ApplicationFilterChain.internalDoFilter(ApplicationFilterChain.java:174)
	at org.apache.catalina.core.ApplicationFilterChain.doFilter(ApplicationFilterChain.java:149)
	at org.springframework.web.filter.ServerHttpObservationFilter.doFilterInternal(ServerHttpObservationFilter.java:109)
	at org.springframework.web.filter.OncePerRequestFilter.doFilter(OncePerRequestFilter.java:116)
	at org.apache.catalina.core.ApplicationFilterChain.internalDoFilter(ApplicationFilterChain.java:174)
	at org.apache.catalina.core.ApplicationFilterChain.doFilter(ApplicationFilterChain.java:149)
	at org.springframework.web.filter.CharacterEncodingFilter.doFilterInternal(CharacterEncodingFilter.java:201)
	at org.springframework.web.filter.OncePerRequestFilter.doFilter(OncePerRequestFilter.java:116)
	at org.apache.catalina.core.ApplicationFilterChain.internalDoFilter(ApplicationFilterChain.java:174)
	at org.apache.catalina.core.ApplicationFilterChain.doFilter(ApplicationFilterChain.java:149)
	at org.apache.catalina.core.StandardWrapperValve.invoke(StandardWrapperValve.java:167)
	at org.apache.catalina.core.StandardContextValve.invoke(StandardContextValve.java:90)
	at org.apache.catalina.authenticator.AuthenticatorBase.invoke(AuthenticatorBase.java:482)
	at org.apache.catalina.core.StandardHostValve.invoke(StandardHostValve.java:115)
	at org.apache.catalina.valves.ErrorReportValve.invoke(ErrorReportValve.java:93)
	at org.apache.catalina.core.StandardEngineValve.invoke(StandardEngineValve.java:74)
	at org.apache.catalina.connector.CoyoteAdapter.service(CoyoteAdapter.java:340)
	at org.apache.coyote.http11.Http11Processor.service(Http11Processor.java:391)
	at org.apache.coyote.AbstractProcessorLight.process(AbstractProcessorLight.java:63)
	at org.apache.coyote.AbstractProtocol$ConnectionHandler.process(AbstractProtocol.java:896)
	at org.apache.tomcat.util.net.NioEndpoint$SocketProcessor.doRun(NioEndpoint.java:1744)
	at org.apache.tomcat.util.net.SocketProcessorBase.run(SocketProcessorBase.java:52)
	at org.apache.tomcat.util.threads.ThreadPoolExecutor.runWorker(ThreadPoolExecutor.java:1191)
	at org.apache.tomcat.util.threads.ThreadPoolExecutor$Worker.run(ThreadPoolExecutor.java:659)
	at org.apache.tomcat.util.threads.TaskThread$WrappingRunnable.run(TaskThread.java:61)
	at java.base/java.lang.Thread.run(Thread.java:840)
2026-09-01T11:15:13.679+09:00 ERROR 8324 --- [nio-8080-exec-6] o.a.c.c.C.[.[.[/].[dispatcherServlet]    : Servlet.service() for servlet [dispatcherServlet] in context with path [] threw exception [Request processing failed: java.lang.RuntimeException: 홍수 DB 연동 중 오류 발생: 홍수 파이썬 스크립트 실행 실패 (Exit Code: 2)] with root cause

java.lang.RuntimeException: 홍수 DB 연동 중 오류 발생: 홍수 파이썬 스크립트 실행 실패 (Exit Code: 2)
	at com.example.demo.service.FloodShelterService.syncData(FloodShelterService.java:67) ~[!/:0.0.1-SNAPSHOT]
	at java.base/jdk.internal.reflect.NativeMethodAccessorImpl.invoke0(Native Method) ~[na:na]
	at java.base/jdk.internal.reflect.NativeMethodAccessorImpl.invoke(NativeMethodAccessorImpl.java:77) ~[na:na]
	at java.base/jdk.internal.reflect.DelegatingMethodAccessorImpl.invoke(DelegatingMethodAccessorImpl.java:43) ~[na:na]
	at java.base/java.lang.reflect.Method.invoke(Method.java:569) ~[na:na]
	at org.springframework.aop.support.AopUtils.invokeJoinpointUsingReflection(AopUtils.java:352) ~[spring-aop-6.1.1.jar!/:6.1.1]
	at org.springframework.aop.framework.ReflectiveMethodInvocation.invokeJoinpoint(ReflectiveMethodInvocation.java:196) ~[spring-aop-6.1.1.jar!/:6.1.1]
	at org.springframework.aop.framework.ReflectiveMethodInvocation.proceed(ReflectiveMethodInvocation.java:163) ~[spring-aop-6.1.1.jar!/:6.1.1]
	at org.springframework.aop.framework.CglibAopProxy$CglibMethodInvocation.proceed(CglibAopProxy.java:765) ~[spring-aop-6.1.1.jar!/:6.1.1]
	at org.springframework.transaction.interceptor.TransactionInterceptor$1.proceedWithInvocation(TransactionInterceptor.java:123) ~[spring-tx-6.1.1.jar!/:6.1.1]
	at org.springframework.transaction.interceptor.TransactionAspectSupport.invokeWithinTransaction(TransactionAspectSupport.java:385) ~[spring-tx-6.1.1.jar!/:6.1.1]
	at org.springframework.transaction.interceptor.TransactionInterceptor.invoke(TransactionInterceptor.java:119) ~[spring-tx-6.1.1.jar!/:6.1.1]
	at org.springframework.aop.framework.ReflectiveMethodInvocation.proceed(ReflectiveMethodInvocation.java:184) ~[spring-aop-6.1.1.jar!/:6.1.1]
	at org.springframework.aop.framework.CglibAopProxy$CglibMethodInvocation.proceed(CglibAopProxy.java:765) ~[spring-aop-6.1.1.jar!/:6.1.1]
	at org.springframework.aop.framework.CglibAopProxy$DynamicAdvisedInterceptor.intercept(CglibAopProxy.java:717) ~[spring-aop-6.1.1.jar!/:6.1.1]
	at com.example.demo.service.FloodShelterService$$SpringCGLIB$$0.syncData(<generated>) ~[!/:0.0.1-SNAPSHOT]
	at com.example.demo.controller.FloodShelterController.syncFloodShelters(FloodShelterController.java:111) ~[!/:0.0.1-SNAPSHOT]
	at java.base/jdk.internal.reflect.NativeMethodAccessorImpl.invoke0(Native Method) ~[na:na]
	at java.base/jdk.internal.reflect.NativeMethodAccessorImpl.invoke(NativeMethodAccessorImpl.java:77) ~[na:na]
	at java.base/jdk.internal.reflect.DelegatingMethodAccessorImpl.invoke(DelegatingMethodAccessorImpl.java:43) ~[na:na]
	at java.base/java.lang.reflect.Method.invoke(Method.java:569) ~[na:na]
	at org.springframework.web.method.support.InvocableHandlerMethod.doInvoke(InvocableHandlerMethod.java:254) ~[spring-web-6.1.1.jar!/:6.1.1]
	at org.springframework.web.method.support.InvocableHandlerMethod.invokeForRequest(InvocableHandlerMethod.java:182) ~[spring-web-6.1.1.jar!/:6.1.1]
	at org.springframework.web.servlet.mvc.method.annotation.ServletInvocableHandlerMethod.invokeAndHandle(ServletInvocableHandlerMethod.java:118) ~[spring-webmvc-6.1.1.jar!/:6.1.1]
	at org.springframework.web.servlet.mvc.method.annotation.RequestMappingHandlerAdapter.invokeHandlerMethod(RequestMappingHandlerAdapter.java:917) ~[spring-webmvc-6.1.1.jar!/:6.1.1]
	at org.springframework.web.servlet.mvc.method.annotation.RequestMappingHandlerAdapter.handleInternal(RequestMappingHandlerAdapter.java:829) ~[spring-webmvc-6.1.1.jar!/:6.1.1]
	at org.springframework.web.servlet.mvc.method.AbstractHandlerMethodAdapter.handle(AbstractHandlerMethodAdapter.java:87) ~[spring-webmvc-6.1.1.jar!/:6.1.1]
	at org.springframework.web.servlet.DispatcherServlet.doDispatch(DispatcherServlet.java:1089) ~[spring-webmvc-6.1.1.jar!/:6.1.1]
	at org.springframework.web.servlet.DispatcherServlet.doService(DispatcherServlet.java:979) ~[spring-webmvc-6.1.1.jar!/:6.1.1]
	at org.springframework.web.servlet.FrameworkServlet.processRequest(FrameworkServlet.java:1014) ~[spring-webmvc-6.1.1.jar!/:6.1.1]
	at org.springframework.web.servlet.FrameworkServlet.doPost(FrameworkServlet.java:914) ~[spring-webmvc-6.1.1.jar!/:6.1.1]
	at jakarta.servlet.http.HttpServlet.service(HttpServlet.java:590) ~[tomcat-embed-core-10.1.16.jar!/:na]
	at org.springframework.web.servlet.FrameworkServlet.service(FrameworkServlet.java:885) ~[spring-webmvc-6.1.1.jar!/:6.1.1]
	at jakarta.servlet.http.HttpServlet.service(HttpServlet.java:658) ~[tomcat-embed-core-10.1.16.jar!/:na]
	at org.apache.catalina.core.ApplicationFilterChain.internalDoFilter(ApplicationFilterChain.java:205) ~[tomcat-embed-core-10.1.16.jar!/:na]
	at org.apache.catalina.core.ApplicationFilterChain.doFilter(ApplicationFilterChain.java:149) ~[tomcat-embed-core-10.1.16.jar!/:na]
	at org.apache.tomcat.websocket.server.WsFilter.doFilter(WsFilter.java:51) ~[tomcat-embed-websocket-10.1.16.jar!/:na]
	at org.apache.catalina.core.ApplicationFilterChain.internalDoFilter(ApplicationFilterChain.java:174) ~[tomcat-embed-core-10.1.16.jar!/:na]
	at org.apache.catalina.core.ApplicationFilterChain.doFilter(ApplicationFilterChain.java:149) ~[tomcat-embed-core-10.1.16.jar!/:na]
	at org.springframework.web.filter.RequestContextFilter.doFilterInternal(RequestContextFilter.java:100) ~[spring-web-6.1.1.jar!/:6.1.1]
	at org.springframework.web.filter.OncePerRequestFilter.doFilter(OncePerRequestFilter.java:116) ~[spring-web-6.1.1.jar!/:6.1.1]
	at org.apache.catalina.core.ApplicationFilterChain.internalDoFilter(ApplicationFilterChain.java:174) ~[tomcat-embed-core-10.1.16.jar!/:na]
	at org.apache.catalina.core.ApplicationFilterChain.doFilter(ApplicationFilterChain.java:149) ~[tomcat-embed-core-10.1.16.jar!/:na]
	at org.springframework.web.filter.FormContentFilter.doFilterInternal(FormContentFilter.java:93) ~[spring-web-6.1.1.jar!/:6.1.1]
	at org.springframework.web.filter.OncePerRequestFilter.doFilter(OncePerRequestFilter.java:116) ~[spring-web-6.1.1.jar!/:6.1.1]
	at org.apache.catalina.core.ApplicationFilterChain.internalDoFilter(ApplicationFilterChain.java:174) ~[tomcat-embed-core-10.1.16.jar!/:na]
	at org.apache.catalina.core.ApplicationFilterChain.doFilter(ApplicationFilterChain.java:149) ~[tomcat-embed-core-10.1.16.jar!/:na]
	at org.springframework.web.filter.ServerHttpObservationFilter.doFilterInternal(ServerHttpObservationFilter.java:109) ~[spring-web-6.1.1.jar!/:6.1.1]
	at org.springframework.web.filter.OncePerRequestFilter.doFilter(OncePerRequestFilter.java:116) ~[spring-web-6.1.1.jar!/:6.1.1]
	at org.apache.catalina.core.ApplicationFilterChain.internalDoFilter(ApplicationFilterChain.java:174) ~[tomcat-embed-core-10.1.16.jar!/:na]
	at org.apache.catalina.core.ApplicationFilterChain.doFilter(ApplicationFilterChain.java:149) ~[tomcat-embed-core-10.1.16.jar!/:na]
	at org.springframework.web.filter.CharacterEncodingFilter.doFilterInternal(CharacterEncodingFilter.java:201) ~[spring-web-6.1.1.jar!/:6.1.1]
	at org.springframework.web.filter.OncePerRequestFilter.doFilter(OncePerRequestFilter.java:116) ~[spring-web-6.1.1.jar!/:6.1.1]
	at org.apache.catalina.core.ApplicationFilterChain.internalDoFilter(ApplicationFilterChain.java:174) ~[tomcat-embed-core-10.1.16.jar!/:na]
	at org.apache.catalina.core.ApplicationFilterChain.doFilter(ApplicationFilterChain.java:149) ~[tomcat-embed-core-10.1.16.jar!/:na]
	at org.apache.catalina.core.StandardWrapperValve.invoke(StandardWrapperValve.java:167) ~[tomcat-embed-core-10.1.16.jar!/:na]
	at org.apache.catalina.core.StandardContextValve.invoke(StandardContextValve.java:90) ~[tomcat-embed-core-10.1.16.jar!/:na]
	at org.apache.catalina.authenticator.AuthenticatorBase.invoke(AuthenticatorBase.java:482) ~[tomcat-embed-core-10.1.16.jar!/:na]
	at org.apache.catalina.core.StandardHostValve.invoke(StandardHostValve.java:115) ~[tomcat-embed-core-10.1.16.jar!/:na]
	at org.apache.catalina.valves.ErrorReportValve.invoke(ErrorReportValve.java:93) ~[tomcat-embed-core-10.1.16.jar!/:na]
	at org.apache.catalina.core.StandardEngineValve.invoke(StandardEngineValve.java:74) ~[tomcat-embed-core-10.1.16.jar!/:na]
	at org.apache.catalina.connector.CoyoteAdapter.service(CoyoteAdapter.java:340) ~[tomcat-embed-core-10.1.16.jar!/:na]
	at org.apache.coyote.http11.Http11Processor.service(Http11Processor.java:391) ~[tomcat-embed-core-10.1.16.jar!/:na]
	at org.apache.coyote.AbstractProcessorLight.process(AbstractProcessorLight.java:63) ~[tomcat-embed-core-10.1.16.jar!/:na]
	at org.apache.coyote.AbstractProtocol$ConnectionHandler.process(AbstractProtocol.java:896) ~[tomcat-embed-core-10.1.16.jar!/:na]
	at org.apache.tomcat.util.net.NioEndpoint$SocketProcessor.doRun(NioEndpoint.java:1744) ~[tomcat-embed-core-10.1.16.jar!/:na]
	at org.apache.tomcat.util.net.SocketProcessorBase.run(SocketProcessorBase.java:52) ~[tomcat-embed-core-10.1.16.jar!/:na]
	at org.apache.tomcat.util.threads.ThreadPoolExecutor.runWorker(ThreadPoolExecutor.java:1191) ~[tomcat-embed-core-10.1.16.jar!/:na]
	at org.apache.tomcat.util.threads.ThreadPoolExecutor$Worker.run(ThreadPoolExecutor.java:659) ~[tomcat-embed-core-10.1.16.jar!/:na]
	at org.apache.tomcat.util.threads.TaskThread$WrappingRunnable.run(TaskThread.java:61) ~[tomcat-embed-core-10.1.16.jar!/:na]
	at java.base/java.lang.Thread.run(Thread.java:840) ~[na:na]

Hibernate: select fs1_0.shlt_id,fs1_0.ctpv_nm,fs1_0.daddr,fs1_0.fclt_nm,fs1_0.lat,fs1_0.lot,fs1_0.mng_dept_nm,fs1_0.sgg_nm from flood fs1_0 where fs1_0.shlt_id=?
Hibernate: insert into flood (ctpv_nm,daddr,fclt_nm,lat,lot,mng_dept_nm,sgg_nm,shlt_id) values (?,?,?,?,?,?,?,?)
Hibernate: select fs1_0.shlt_id,fs1_0.ctpv_nm,fs1_0.daddr,fs1_0.fclt_nm,fs1_0.lat,fs1_0.lot,fs1_0.mng_dept_nm,fs1_0.sgg_nm from flood fs1_0 limit ?,?
Hibernate: select count(fs1_0.shlt_id) from flood fs1_0
Hibernate: select fs1_0.shlt_id,fs1_0.ctpv_nm,fs1_0.daddr,fs1_0.fclt_nm,fs1_0.lat,fs1_0.lot,fs1_0.mng_dept_nm,fs1_0.sgg_nm from flood fs1_0 limit ?,?
Hibernate: select count(fs1_0.shlt_id) from flood fs1_0
Hibernate: select ars1_0.shlt_id,ars1_0.ctpv_nm,ars1_0.daddr,ars1_0.fclt_nm,ars1_0.lat,ars1_0.lot,ars1_0.mng_dept_nm,ars1_0.sgg_nm from airstrike ars1_0 limit ?,?
Hibernate: select count(ars1_0.shlt_id) from airstrike ars1_0
Hibernate: select ars1_0.shlt_id,ars1_0.ctpv_nm,ars1_0.daddr,ars1_0.fclt_nm,ars1_0.lat,ars1_0.lot,ars1_0.mng_dept_nm,ars1_0.sgg_nm from airstrike ars1_0 where ars1_0.fclt_nm like ? escape '\\' or ars1_0.daddr like ? escape '\\' limit ?,?
Hibernate: select ars1_0.shlt_id,ars1_0.ctpv_nm,ars1_0.daddr,ars1_0.fclt_nm,ars1_0.lat,ars1_0.lot,ars1_0.mng_dept_nm,ars1_0.sgg_nm from airstrike ars1_0 where ars1_0.fclt_nm like ? escape '\\' or ars1_0.daddr like ? escape '\\' limit ?,?
Hibernate: select ars1_0.shlt_id,ars1_0.ctpv_nm,ars1_0.daddr,ars1_0.fclt_nm,ars1_0.lat,ars1_0.lot,ars1_0.mng_dept_nm,ars1_0.sgg_nm from airstrike ars1_0 where ars1_0.fclt_nm like ? escape '\\' or ars1_0.daddr like ? escape '\\' limit ?,?
Hibernate: select ars1_0.shlt_id,ars1_0.ctpv_nm,ars1_0.daddr,ars1_0.fclt_nm,ars1_0.lat,ars1_0.lot,ars1_0.mng_dept_nm,ars1_0.sgg_nm from airstrike ars1_0 where ars1_0.shlt_id=?
Hibernate: select ars1_0.shlt_id,ars1_0.ctpv_nm,ars1_0.daddr,ars1_0.fclt_nm,ars1_0.lat,ars1_0.lot,ars1_0.mng_dept_nm,ars1_0.sgg_nm from airstrike ars1_0 where ars1_0.fclt_nm like ? escape '\\' or ars1_0.daddr like ? escape '\\' limit ?,?
Hibernate: select ars1_0.shlt_id,ars1_0.ctpv_nm,ars1_0.daddr,ars1_0.fclt_nm,ars1_0.lat,ars1_0.lot,ars1_0.mng_dept_nm,ars1_0.sgg_nm from airstrike ars1_0 where ars1_0.shlt_id=?
Hibernate: select ars1_0.shlt_id,ars1_0.ctpv_nm,ars1_0.daddr,ars1_0.fclt_nm,ars1_0.lat,ars1_0.lot,ars1_0.mng_dept_nm,ars1_0.sgg_nm from airstrike ars1_0 where ars1_0.fclt_nm like ? escape '\\' or ars1_0.daddr like ? escape '\\' limit ?,?
Hibernate: select es1_0.shlt_id,es1_0.ctpv_nm,es1_0.daddr,es1_0.fclt_nm,es1_0.lat,es1_0.lot,es1_0.mng_dept_nm,es1_0.sgg_nm from earthquake es1_0 limit ?,?
Hibernate: select count(es1_0.shlt_id) from earthquake es1_0
Hibernate: select es1_0.shlt_id,es1_0.ctpv_nm,es1_0.daddr,es1_0.fclt_nm,es1_0.lat,es1_0.lot,es1_0.mng_dept_nm,es1_0.sgg_nm from earthquake es1_0 where es1_0.fclt_nm like ? escape '\\' or es1_0.daddr like ? escape '\\' limit ?,?
Hibernate: select fs1_0.shlt_id,fs1_0.ctpv_nm,fs1_0.daddr,fs1_0.fclt_nm,fs1_0.lat,fs1_0.lot,fs1_0.mng_dept_nm,fs1_0.sgg_nm from flood fs1_0 limit ?,?
Hibernate: select count(fs1_0.shlt_id) from flood fs1_0
Hibernate: select fs1_0.shlt_id,fs1_0.ctpv_nm,fs1_0.daddr,fs1_0.fclt_nm,fs1_0.lat,fs1_0.lot,fs1_0.mng_dept_nm,fs1_0.sgg_nm from flood fs1_0 where fs1_0.fclt_nm like ? escape '\\' or fs1_0.daddr like ? escape '\\' limit ?,?
Hibernate: select ars1_0.shlt_id,ars1_0.ctpv_nm,ars1_0.daddr,ars1_0.fclt_nm,ars1_0.lat,ars1_0.lot,ars1_0.mng_dept_nm,ars1_0.sgg_nm from airstrike ars1_0 limit ?,?
Hibernate: select count(ars1_0.shlt_id) from airstrike ars1_0
Hibernate: select ars1_0.shlt_id,ars1_0.ctpv_nm,ars1_0.daddr,ars1_0.fclt_nm,ars1_0.lat,ars1_0.lot,ars1_0.mng_dept_nm,ars1_0.sgg_nm from airstrike ars1_0 where ars1_0.fclt_nm like ? escape '\\' or ars1_0.daddr like ? escape '\\' limit ?,?
Hibernate: select ars1_0.shlt_id,ars1_0.ctpv_nm,ars1_0.daddr,ars1_0.fclt_nm,ars1_0.lat,ars1_0.lot,ars1_0.mng_dept_nm,ars1_0.sgg_nm from airstrike ars1_0 where ars1_0.fclt_nm like ? escape '\\' or ars1_0.daddr like ? escape '\\' limit ?,?
Hibernate: select ars1_0.shlt_id,ars1_0.ctpv_nm,ars1_0.daddr,ars1_0.fclt_nm,ars1_0.lat,ars1_0.lot,ars1_0.mng_dept_nm,ars1_0.sgg_nm from airstrike ars1_0 where ars1_0.fclt_nm like ? escape '\\' or ars1_0.daddr like ? escape '\\' limit ?,?
Hibernate: select es1_0.shlt_id,es1_0.ctpv_nm,es1_0.daddr,es1_0.fclt_nm,es1_0.lat,es1_0.lot,es1_0.mng_dept_nm,es1_0.sgg_nm from earthquake es1_0 limit ?,?
Hibernate: select count(es1_0.shlt_id) from earthquake es1_0
Hibernate: select fs1_0.shlt_id,fs1_0.ctpv_nm,fs1_0.daddr,fs1_0.fclt_nm,fs1_0.lat,fs1_0.lot,fs1_0.mng_dept_nm,fs1_0.sgg_nm from flood fs1_0 limit ?,?
Hibernate: select count(fs1_0.shlt_id) from flood fs1_0
>>> 홍수 대피소 파이썬 DB 연동 실행
python: can't open file '/root/admin/target/scripts/excel_to_mysql.py': [Errno 2] No such file or directory
java.lang.RuntimeException: 홍수 파이썬 스크립트 실행 실패 (Exit Code: 2)
	at com.example.demo.service.FloodShelterService.syncData(FloodShelterService.java:62)
	at java.base/jdk.internal.reflect.NativeMethodAccessorImpl.invoke0(Native Method)
	at java.base/jdk.internal.reflect.NativeMethodAccessorImpl.invoke(NativeMethodAccessorImpl.java:77)
	at java.base/jdk.internal.reflect.DelegatingMethodAccessorImpl.invoke(DelegatingMethodAccessorImpl.java:43)
	at java.base/java.lang.reflect.Method.invoke(Method.java:569)
	at org.springframework.aop.support.AopUtils.invokeJoinpointUsingReflection(AopUtils.java:352)
	at org.springframework.aop.framework.ReflectiveMethodInvocation.invokeJoinpoint(ReflectiveMethodInvocation.java:196)
	at org.springframework.aop.framework.ReflectiveMethodInvocation.proceed(ReflectiveMethodInvocation.java:163)
	at org.springframework.aop.framework.CglibAopProxy$CglibMethodInvocation.proceed(CglibAopProxy.java:765)
	at org.springframework.transaction.interceptor.TransactionInterceptor$1.proceedWithInvocation(TransactionInterceptor.java:123)
	at org.springframework.transaction.interceptor.TransactionAspectSupport.invokeWithinTransaction(TransactionAspectSupport.java:385)
	at org.springframework.transaction.interceptor.TransactionInterceptor.invoke(TransactionInterceptor.java:119)
	at org.springframework.aop.framework.ReflectiveMethodInvocation.proceed(ReflectiveMethodInvocation.java:184)
	at org.springframework.aop.framework.CglibAopProxy$CglibMethodInvocation.proceed(CglibAopProxy.java:765)
	at org.springframework.aop.framework.CglibAopProxy$DynamicAdvisedInterceptor.intercept(CglibAopProxy.java:717)
	at com.example.demo.service.FloodShelterService$$SpringCGLIB$$0.syncData(<generated>)
	at com.example.demo.controller.FloodShelterController.syncFloodShelters(FloodShelterController.java:111)
	at java.base/jdk.internal.reflect.NativeMethodAccessorImpl.invoke0(Native Method)
	at java.base/jdk.internal.reflect.NativeMethodAccessorImpl.invoke(NativeMethodAccessorImpl.java:77)
	at java.base/jdk.internal.reflect.DelegatingMethodAccessorImpl.invoke(DelegatingMethodAccessorImpl.java:43)
	at java.base/java.lang.reflect.Method.invoke(Method.java:569)
	at org.springframework.web.method.support.InvocableHandlerMethod.doInvoke(InvocableHandlerMethod.java:254)
	at org.springframework.web.method.support.InvocableHandlerMethod.invokeForRequest(InvocableHandlerMethod.java:182)
	at org.springframework.web.servlet.mvc.method.annotation.ServletInvocableHandlerMethod.invokeAndHandle(ServletInvocableHandlerMethod.java:118)
	at org.springframework.web.servlet.mvc.method.annotation.RequestMappingHandlerAdapter.invokeHandlerMethod(RequestMappingHandlerAdapter.java:917)
	at org.springframework.web.servlet.mvc.method.annotation.RequestMappingHandlerAdapter.handleInternal(RequestMappingHandlerAdapter.java:829)
	at org.springframework.web.servlet.mvc.method.AbstractHandlerMethodAdapter.handle(AbstractHandlerMethodAdapter.java:87)
	at org.springframework.web.servlet.DispatcherServlet.doDispatch(DispatcherServlet.java:1089)
	at org.springframework.web.servlet.DispatcherServlet.doService(DispatcherServlet.java:979)
	at org.springframework.web.servlet.FrameworkServlet.processRequest(FrameworkServlet.java:1014)
	at org.springframework.web.servlet.FrameworkServlet.doPost(FrameworkServlet.java:914)
	at jakarta.servlet.http.HttpServlet.service(HttpServlet.java:590)
	at org.springframework.web.servlet.FrameworkServlet.service(FrameworkServlet.java:885)
	at jakarta.servlet.http.HttpServlet.service(HttpServlet.java:658)
	at org.apache.catalina.core.ApplicationFilterChain.internalDoFilter(ApplicationFilterChain.java:205)
	at org.apache.catalina.core.ApplicationFilterChain.doFilter(ApplicationFilterChain.java:149)
	at org.apache.tomcat.websocket.server.WsFilter.doFilter(WsFilter.java:51)
	at org.apache.catalina.core.ApplicationFilterChain.internalDoFilter(ApplicationFilterChain.java:174)
	at org.apache.catalina.core.ApplicationFilterChain.doFilter(ApplicationFilterChain.java:149)
	at org.springframework.web.filter.RequestContextFilter.doFilterInternal(RequestContextFilter.java:100)
	at org.springframework.web.filter.OncePerRequestFilter.doFilter(OncePerRequestFilter.java:116)
	at org.apache.catalina.core.ApplicationFilterChain.internalDoFilter(ApplicationFilterChain.java:174)
	at org.apache.catalina.core.ApplicationFilterChain.doFilter(ApplicationFilterChain.java:149)
	at org.springframework.web.filter.FormContentFilter.doFilterInternal(FormContentFilter.java:93)
	at org.springframework.web.filter.OncePerRequestFilter.doFilter(OncePerRequestFilter.java:116)
	at org.apache.catalina.core.ApplicationFilterChain.internalDoFilter(ApplicationFilterChain.java:174)
	at org.apache.catalina.core.ApplicationFilterChain.doFilter(ApplicationFilterChain.java:149)
	at org.springframework.web.filter.ServerHttpObservationFilter.doFilterInternal(ServerHttpObservationFilter.java:109)
	at org.springframework.web.filter.OncePerRequestFilter.doFilter(OncePerRequestFilter.java:116)
	at org.apache.catalina.core.ApplicationFilterChain.internalDoFilter(ApplicationFilterChain.java:174)
	at org.apache.catalina.core.ApplicationFilterChain.doFilter(ApplicationFilterChain.java:149)
	at org.springframework.web.filter.CharacterEncodingFilter.doFilterInternal(CharacterEncodingFilter.java:201)
	at org.springframework.web.filter.OncePerRequestFilter.doFilter(OncePerRequestFilter.java:116)
	at org.apache.catalina.core.ApplicationFilterChain.internalDoFilter(ApplicationFilterChain.java:174)
	at org.apache.catalina.core.ApplicationFilterChain.doFilter(ApplicationFilterChain.java:149)
	at org.apache.catalina.core.StandardWrapperValve.invoke(StandardWrapperValve.java:167)
	at org.apache.catalina.core.StandardContextValve.invoke(StandardContextValve.java:90)
	at org.apache.catalina.authenticator.AuthenticatorBase.invoke(AuthenticatorBase.java:482)
	at org.apache.catalina.core.StandardHostValve.invoke(StandardHostValve.java:115)
	at org.apache.catalina.valves.ErrorReportValve.invoke(ErrorReportValve.java:93)
	at org.apache.catalina.core.StandardEngineValve.invoke(StandardEngineValve.java:74)
	at org.apache.catalina.connector.CoyoteAdapter.service(CoyoteAdapter.java:340)
	at org.apache.coyote.http11.Http11Processor.service(Http11Processor.java:391)
	at org.apache.coyote.AbstractProcessorLight.process(AbstractProcessorLight.java:63)
	at org.apache.coyote.AbstractProtocol$ConnectionHandler.process(AbstractProtocol.java:896)
	at org.apache.tomcat.util.net.NioEndpoint$SocketProcessor.doRun(NioEndpoint.java:1744)
	at org.apache.tomcat.util.net.SocketProcessorBase.run(SocketProcessorBase.java:52)
	at org.apache.tomcat.util.threads.ThreadPoolExecutor.runWorker(ThreadPoolExecutor.java:1191)
	at org.apache.tomcat.util.threads.ThreadPoolExecutor$Worker.run(ThreadPoolExecutor.java:659)
	at org.apache.tomcat.util.threads.TaskThread$WrappingRunnable.run(TaskThread.java:61)
	at java.base/java.lang.Thread.run(Thread.java:840)
2026-09-01T12:21:44.518+09:00 ERROR 8324 --- [nio-8080-exec-7] o.a.c.c.C.[.[.[/].[dispatcherServlet]    : Servlet.service() for servlet [dispatcherServlet] in context with path [] threw exception [Request processing failed: java.lang.RuntimeException: 홍수 DB 연동 중 오류 발생: 홍수 파이썬 스크립트 실행 실패 (Exit Code: 2)] with root cause

java.lang.RuntimeException: 홍수 DB 연동 중 오류 발생: 홍수 파이썬 스크립트 실행 실패 (Exit Code: 2)
	at com.example.demo.service.FloodShelterService.syncData(FloodShelterService.java:67) ~[!/:0.0.1-SNAPSHOT]
	at java.base/jdk.internal.reflect.NativeMethodAccessorImpl.invoke0(Native Method) ~[na:na]
	at java.base/jdk.internal.reflect.NativeMethodAccessorImpl.invoke(NativeMethodAccessorImpl.java:77) ~[na:na]
	at java.base/jdk.internal.reflect.DelegatingMethodAccessorImpl.invoke(DelegatingMethodAccessorImpl.java:43) ~[na:na]
	at java.base/java.lang.reflect.Method.invoke(Method.java:569) ~[na:na]
	at org.springframework.aop.support.AopUtils.invokeJoinpointUsingReflection(AopUtils.java:352) ~[spring-aop-6.1.1.jar!/:6.1.1]
	at org.springframework.aop.framework.ReflectiveMethodInvocation.invokeJoinpoint(ReflectiveMethodInvocation.java:196) ~[spring-aop-6.1.1.jar!/:6.1.1]
	at org.springframework.aop.framework.ReflectiveMethodInvocation.proceed(ReflectiveMethodInvocation.java:163) ~[spring-aop-6.1.1.jar!/:6.1.1]
	at org.springframework.aop.framework.CglibAopProxy$CglibMethodInvocation.proceed(CglibAopProxy.java:765) ~[spring-aop-6.1.1.jar!/:6.1.1]
	at org.springframework.transaction.interceptor.TransactionInterceptor$1.proceedWithInvocation(TransactionInterceptor.java:123) ~[spring-tx-6.1.1.jar!/:6.1.1]
	at org.springframework.transaction.interceptor.TransactionAspectSupport.invokeWithinTransaction(TransactionAspectSupport.java:385) ~[spring-tx-6.1.1.jar!/:6.1.1]
	at org.springframework.transaction.interceptor.TransactionInterceptor.invoke(TransactionInterceptor.java:119) ~[spring-tx-6.1.1.jar!/:6.1.1]
	at org.springframework.aop.framework.ReflectiveMethodInvocation.proceed(ReflectiveMethodInvocation.java:184) ~[spring-aop-6.1.1.jar!/:6.1.1]
	at org.springframework.aop.framework.CglibAopProxy$CglibMethodInvocation.proceed(CglibAopProxy.java:765) ~[spring-aop-6.1.1.jar!/:6.1.1]
	at org.springframework.aop.framework.CglibAopProxy$DynamicAdvisedInterceptor.intercept(CglibAopProxy.java:717) ~[spring-aop-6.1.1.jar!/:6.1.1]
	at com.example.demo.service.FloodShelterService$$SpringCGLIB$$0.syncData(<generated>) ~[!/:0.0.1-SNAPSHOT]
	at com.example.demo.controller.FloodShelterController.syncFloodShelters(FloodShelterController.java:111) ~[!/:0.0.1-SNAPSHOT]
	at java.base/jdk.internal.reflect.NativeMethodAccessorImpl.invoke0(Native Method) ~[na:na]
	at java.base/jdk.internal.reflect.NativeMethodAccessorImpl.invoke(NativeMethodAccessorImpl.java:77) ~[na:na]
	at java.base/jdk.internal.reflect.DelegatingMethodAccessorImpl.invoke(DelegatingMethodAccessorImpl.java:43) ~[na:na]
	at java.base/java.lang.reflect.Method.invoke(Method.java:569) ~[na:na]
	at org.springframework.web.method.support.InvocableHandlerMethod.doInvoke(InvocableHandlerMethod.java:254) ~[spring-web-6.1.1.jar!/:6.1.1]
	at org.springframework.web.method.support.InvocableHandlerMethod.invokeForRequest(InvocableHandlerMethod.java:182) ~[spring-web-6.1.1.jar!/:6.1.1]
	at org.springframework.web.servlet.mvc.method.annotation.ServletInvocableHandlerMethod.invokeAndHandle(ServletInvocableHandlerMethod.java:118) ~[spring-webmvc-6.1.1.jar!/:6.1.1]
	at org.springframework.web.servlet.mvc.method.annotation.RequestMappingHandlerAdapter.invokeHandlerMethod(RequestMappingHandlerAdapter.java:917) ~[spring-webmvc-6.1.1.jar!/:6.1.1]
	at org.springframework.web.servlet.mvc.method.annotation.RequestMappingHandlerAdapter.handleInternal(RequestMappingHandlerAdapter.java:829) ~[spring-webmvc-6.1.1.jar!/:6.1.1]
	at org.springframework.web.servlet.mvc.method.AbstractHandlerMethodAdapter.handle(AbstractHandlerMethodAdapter.java:87) ~[spring-webmvc-6.1.1.jar!/:6.1.1]
	at org.springframework.web.servlet.DispatcherServlet.doDispatch(DispatcherServlet.java:1089) ~[spring-webmvc-6.1.1.jar!/:6.1.1]
	at org.springframework.web.servlet.DispatcherServlet.doService(DispatcherServlet.java:979) ~[spring-webmvc-6.1.1.jar!/:6.1.1]
	at org.springframework.web.servlet.FrameworkServlet.processRequest(FrameworkServlet.java:1014) ~[spring-webmvc-6.1.1.jar!/:6.1.1]
	at org.springframework.web.servlet.FrameworkServlet.doPost(FrameworkServlet.java:914) ~[spring-webmvc-6.1.1.jar!/:6.1.1]
	at jakarta.servlet.http.HttpServlet.service(HttpServlet.java:590) ~[tomcat-embed-core-10.1.16.jar!/:na]
	at org.springframework.web.servlet.FrameworkServlet.service(FrameworkServlet.java:885) ~[spring-webmvc-6.1.1.jar!/:6.1.1]
	at jakarta.servlet.http.HttpServlet.service(HttpServlet.java:658) ~[tomcat-embed-core-10.1.16.jar!/:na]
	at org.apache.catalina.core.ApplicationFilterChain.internalDoFilter(ApplicationFilterChain.java:205) ~[tomcat-embed-core-10.1.16.jar!/:na]
	at org.apache.catalina.core.ApplicationFilterChain.doFilter(ApplicationFilterChain.java:149) ~[tomcat-embed-core-10.1.16.jar!/:na]
	at org.apache.tomcat.websocket.server.WsFilter.doFilter(WsFilter.java:51) ~[tomcat-embed-websocket-10.1.16.jar!/:na]
	at org.apache.catalina.core.ApplicationFilterChain.internalDoFilter(ApplicationFilterChain.java:174) ~[tomcat-embed-core-10.1.16.jar!/:na]
	at org.apache.catalina.core.ApplicationFilterChain.doFilter(ApplicationFilterChain.java:149) ~[tomcat-embed-core-10.1.16.jar!/:na]
	at org.springframework.web.filter.RequestContextFilter.doFilterInternal(RequestContextFilter.java:100) ~[spring-web-6.1.1.jar!/:6.1.1]
	at org.springframework.web.filter.OncePerRequestFilter.doFilter(OncePerRequestFilter.java:116) ~[spring-web-6.1.1.jar!/:6.1.1]
	at org.apache.catalina.core.ApplicationFilterChain.internalDoFilter(ApplicationFilterChain.java:174) ~[tomcat-embed-core-10.1.16.jar!/:na]
	at org.apache.catalina.core.ApplicationFilterChain.doFilter(ApplicationFilterChain.java:149) ~[tomcat-embed-core-10.1.16.jar!/:na]
	at org.springframework.web.filter.FormContentFilter.doFilterInternal(FormContentFilter.java:93) ~[spring-web-6.1.1.jar!/:6.1.1]
	at org.springframework.web.filter.OncePerRequestFilter.doFilter(OncePerRequestFilter.java:116) ~[spring-web-6.1.1.jar!/:6.1.1]
	at org.apache.catalina.core.ApplicationFilterChain.internalDoFilter(ApplicationFilterChain.java:174) ~[tomcat-embed-core-10.1.16.jar!/:na]
	at org.apache.catalina.core.ApplicationFilterChain.doFilter(ApplicationFilterChain.java:149) ~[tomcat-embed-core-10.1.16.jar!/:na]
	at org.springframework.web.filter.ServerHttpObservationFilter.doFilterInternal(ServerHttpObservationFilter.java:109) ~[spring-web-6.1.1.jar!/:6.1.1]
	at org.springframework.web.filter.OncePerRequestFilter.doFilter(OncePerRequestFilter.java:116) ~[spring-web-6.1.1.jar!/:6.1.1]
	at org.apache.catalina.core.ApplicationFilterChain.internalDoFilter(ApplicationFilterChain.java:174) ~[tomcat-embed-core-10.1.16.jar!/:na]
	at org.apache.catalina.core.ApplicationFilterChain.doFilter(ApplicationFilterChain.java:149) ~[tomcat-embed-core-10.1.16.jar!/:na]
	at org.springframework.web.filter.CharacterEncodingFilter.doFilterInternal(CharacterEncodingFilter.java:201) ~[spring-web-6.1.1.jar!/:6.1.1]
	at org.springframework.web.filter.OncePerRequestFilter.doFilter(OncePerRequestFilter.java:116) ~[spring-web-6.1.1.jar!/:6.1.1]
	at org.apache.catalina.core.ApplicationFilterChain.internalDoFilter(ApplicationFilterChain.java:174) ~[tomcat-embed-core-10.1.16.jar!/:na]
	at org.apache.catalina.core.ApplicationFilterChain.doFilter(ApplicationFilterChain.java:149) ~[tomcat-embed-core-10.1.16.jar!/:na]
	at org.apache.catalina.core.StandardWrapperValve.invoke(StandardWrapperValve.java:167) ~[tomcat-embed-core-10.1.16.jar!/:na]
	at org.apache.catalina.core.StandardContextValve.invoke(StandardContextValve.java:90) ~[tomcat-embed-core-10.1.16.jar!/:na]
	at org.apache.catalina.authenticator.AuthenticatorBase.invoke(AuthenticatorBase.java:482) ~[tomcat-embed-core-10.1.16.jar!/:na]
	at org.apache.catalina.core.StandardHostValve.invoke(StandardHostValve.java:115) ~[tomcat-embed-core-10.1.16.jar!/:na]
	at org.apache.catalina.valves.ErrorReportValve.invoke(ErrorReportValve.java:93) ~[tomcat-embed-core-10.1.16.jar!/:na]
	at org.apache.catalina.core.StandardEngineValve.invoke(StandardEngineValve.java:74) ~[tomcat-embed-core-10.1.16.jar!/:na]
	at org.apache.catalina.connector.CoyoteAdapter.service(CoyoteAdapter.java:340) ~[tomcat-embed-core-10.1.16.jar!/:na]
	at org.apache.coyote.http11.Http11Processor.service(Http11Processor.java:391) ~[tomcat-embed-core-10.1.16.jar!/:na]
	at org.apache.coyote.AbstractProcessorLight.process(AbstractProcessorLight.java:63) ~[tomcat-embed-core-10.1.16.jar!/:na]
	at org.apache.coyote.AbstractProtocol$ConnectionHandler.process(AbstractProtocol.java:896) ~[tomcat-embed-core-10.1.16.jar!/:na]
	at org.apache.tomcat.util.net.NioEndpoint$SocketProcessor.doRun(NioEndpoint.java:1744) ~[tomcat-embed-core-10.1.16.jar!/:na]
	at org.apache.tomcat.util.net.SocketProcessorBase.run(SocketProcessorBase.java:52) ~[tomcat-embed-core-10.1.16.jar!/:na]
	at org.apache.tomcat.util.threads.ThreadPoolExecutor.runWorker(ThreadPoolExecutor.java:1191) ~[tomcat-embed-core-10.1.16.jar!/:na]
	at org.apache.tomcat.util.threads.ThreadPoolExecutor$Worker.run(ThreadPoolExecutor.java:659) ~[tomcat-embed-core-10.1.16.jar!/:na]
	at org.apache.tomcat.util.threads.TaskThread$WrappingRunnable.run(TaskThread.java:61) ~[tomcat-embed-core-10.1.16.jar!/:na]
	at java.base/java.lang.Thread.run(Thread.java:840) ~[na:na]

Hibernate: select es1_0.shlt_id,es1_0.ctpv_nm,es1_0.daddr,es1_0.fclt_nm,es1_0.lat,es1_0.lot,es1_0.mng_dept_nm,es1_0.sgg_nm from earthquake es1_0 limit ?,?
Hibernate: select count(es1_0.shlt_id) from earthquake es1_0
Hibernate: select fs1_0.shlt_id,fs1_0.ctpv_nm,fs1_0.daddr,fs1_0.fclt_nm,fs1_0.lat,fs1_0.lot,fs1_0.mng_dept_nm,fs1_0.sgg_nm from flood fs1_0 limit ?,?
Hibernate: select count(fs1_0.shlt_id) from flood fs1_0
Hibernate: select fs1_0.shlt_id,fs1_0.ctpv_nm,fs1_0.daddr,fs1_0.fclt_nm,fs1_0.lat,fs1_0.lot,fs1_0.mng_dept_nm,fs1_0.sgg_nm from flood fs1_0 where fs1_0.shlt_id=?
Hibernate: insert into flood (ctpv_nm,daddr,fclt_nm,lat,lot,mng_dept_nm,sgg_nm,shlt_id) values (?,?,?,?,?,?,?,?)
Hibernate: select fs1_0.shlt_id,fs1_0.ctpv_nm,fs1_0.daddr,fs1_0.fclt_nm,fs1_0.lat,fs1_0.lot,fs1_0.mng_dept_nm,fs1_0.sgg_nm from flood fs1_0 limit ?,?
Hibernate: select count(fs1_0.shlt_id) from flood fs1_0
Hibernate: select es1_0.shlt_id,es1_0.ctpv_nm,es1_0.daddr,es1_0.fclt_nm,es1_0.lat,es1_0.lot,es1_0.mng_dept_nm,es1_0.sgg_nm from earthquake es1_0 limit ?,?
Hibernate: select count(es1_0.shlt_id) from earthquake es1_0
Hibernate: select es1_0.shlt_id,es1_0.ctpv_nm,es1_0.daddr,es1_0.fclt_nm,es1_0.lat,es1_0.lot,es1_0.mng_dept_nm,es1_0.sgg_nm from earthquake es1_0 where es1_0.fclt_nm like ? escape '\\' or es1_0.daddr like ? escape '\\' limit ?,?
Hibernate: select es1_0.shlt_id,es1_0.ctpv_nm,es1_0.daddr,es1_0.fclt_nm,es1_0.lat,es1_0.lot,es1_0.mng_dept_nm,es1_0.sgg_nm from earthquake es1_0 where es1_0.fclt_nm like ? escape '\\' or es1_0.daddr like ? escape '\\' limit ?,?
Hibernate: select ars1_0.shlt_id,ars1_0.ctpv_nm,ars1_0.daddr,ars1_0.fclt_nm,ars1_0.lat,ars1_0.lot,ars1_0.mng_dept_nm,ars1_0.sgg_nm from airstrike ars1_0 limit ?,?
Hibernate: select count(ars1_0.shlt_id) from airstrike ars1_0
Hibernate: select ars1_0.shlt_id,ars1_0.ctpv_nm,ars1_0.daddr,ars1_0.fclt_nm,ars1_0.lat,ars1_0.lot,ars1_0.mng_dept_nm,ars1_0.sgg_nm from airstrike ars1_0 where ars1_0.fclt_nm like ? escape '\\' or ars1_0.daddr like ? escape '\\' limit ?,?
Hibernate: select ars1_0.shlt_id,ars1_0.ctpv_nm,ars1_0.daddr,ars1_0.fclt_nm,ars1_0.lat,ars1_0.lot,ars1_0.mng_dept_nm,ars1_0.sgg_nm from airstrike ars1_0 where ars1_0.shlt_id=?
Hibernate: delete from airstrike where shlt_id=?
Hibernate: select ars1_0.shlt_id,ars1_0.ctpv_nm,ars1_0.daddr,ars1_0.fclt_nm,ars1_0.lat,ars1_0.lot,ars1_0.mng_dept_nm,ars1_0.sgg_nm from airstrike ars1_0 where ars1_0.fclt_nm like ? escape '\\' or ars1_0.daddr like ? escape '\\' limit ?,?
Hibernate: select ars1_0.shlt_id,ars1_0.ctpv_nm,ars1_0.daddr,ars1_0.fclt_nm,ars1_0.lat,ars1_0.lot,ars1_0.mng_dept_nm,ars1_0.sgg_nm from airstrike ars1_0 where ars1_0.fclt_nm like ? escape '\\' or ars1_0.daddr like ? escape '\\' limit ?,?
Hibernate: select ars1_0.shlt_id,ars1_0.ctpv_nm,ars1_0.daddr,ars1_0.fclt_nm,ars1_0.lat,ars1_0.lot,ars1_0.mng_dept_nm,ars1_0.sgg_nm from airstrike ars1_0 where ars1_0.fclt_nm like ? escape '\\' or ars1_0.daddr like ? escape '\\' limit ?,?
Hibernate: select ars1_0.shlt_id,ars1_0.ctpv_nm,ars1_0.daddr,ars1_0.fclt_nm,ars1_0.lat,ars1_0.lot,ars1_0.mng_dept_nm,ars1_0.sgg_nm from airstrike ars1_0 where ars1_0.fclt_nm like ? escape '\\' or ars1_0.daddr like ? escape '\\' limit ?,?
Hibernate: select p1_0.id,p1_0.content,p1_0.create_date,p1_0.title,p1_0.writer from post p1_0 order by p1_0.id desc limit ?,?
Hibernate: select u1_0.id,u1_0.email,u1_0.password,u1_0.realname,u1_0.username from user u1_0 where u1_0.username=?
Hibernate: select ars1_0.shlt_id,ars1_0.ctpv_nm,ars1_0.daddr,ars1_0.fclt_nm,ars1_0.lat,ars1_0.lot,ars1_0.mng_dept_nm,ars1_0.sgg_nm from airstrike ars1_0 limit ?,?
Hibernate: select count(ars1_0.shlt_id) from airstrike ars1_0
Hibernate: select ars1_0.shlt_id,ars1_0.ctpv_nm,ars1_0.daddr,ars1_0.fclt_nm,ars1_0.lat,ars1_0.lot,ars1_0.mng_dept_nm,ars1_0.sgg_nm from airstrike ars1_0 where ars1_0.fclt_nm like ? escape '\\' or ars1_0.daddr like ? escape '\\' limit ?,?
Hibernate: select ars1_0.shlt_id,ars1_0.ctpv_nm,ars1_0.daddr,ars1_0.fclt_nm,ars1_0.lat,ars1_0.lot,ars1_0.mng_dept_nm,ars1_0.sgg_nm from airstrike ars1_0 limit ?,?
Hibernate: select count(ars1_0.shlt_id) from airstrike ars1_0
Hibernate: select ars1_0.shlt_id,ars1_0.ctpv_nm,ars1_0.daddr,ars1_0.fclt_nm,ars1_0.lat,ars1_0.lot,ars1_0.mng_dept_nm,ars1_0.sgg_nm from airstrike ars1_0 where ars1_0.shlt_id=?
Hibernate: select ars1_0.shlt_id,ars1_0.ctpv_nm,ars1_0.daddr,ars1_0.fclt_nm,ars1_0.lat,ars1_0.lot,ars1_0.mng_dept_nm,ars1_0.sgg_nm from airstrike ars1_0 where ars1_0.fclt_nm like ? escape '\\' or ars1_0.daddr like ? escape '\\' limit ?,?
Hibernate: select ars1_0.shlt_id,ars1_0.ctpv_nm,ars1_0.daddr,ars1_0.fclt_nm,ars1_0.lat,ars1_0.lot,ars1_0.mng_dept_nm,ars1_0.sgg_nm from airstrike ars1_0 limit ?,?
Hibernate: select ars1_0.shlt_id,ars1_0.ctpv_nm,ars1_0.daddr,ars1_0.fclt_nm,ars1_0.lat,ars1_0.lot,ars1_0.mng_dept_nm,ars1_0.sgg_nm from airstrike ars1_0 where ars1_0.shlt_id=?
Hibernate: insert into airstrike (ctpv_nm,daddr,fclt_nm,lat,lot,mng_dept_nm,sgg_nm,shlt_id) values (?,?,?,?,?,?,?,?)
Hibernate: select ars1_0.shlt_id,ars1_0.ctpv_nm,ars1_0.daddr,ars1_0.fclt_nm,ars1_0.lat,ars1_0.lot,ars1_0.mng_dept_nm,ars1_0.sgg_nm from airstrike ars1_0 limit ?,?
>>> 공습 대피소 파이썬 DB 연동 실행
python: can't open file '/root/admin/target/scripts/airstrike.py': [Errno 2] No such file or directory
java.lang.RuntimeException: 파이썬 스크립트 실행 실패 (Exit Code: 2)
	at com.example.demo.service.AirRaidShelterService.syncData(AirRaidShelterService.java:67)
	at java.base/jdk.internal.reflect.NativeMethodAccessorImpl.invoke0(Native Method)
	at java.base/jdk.internal.reflect.NativeMethodAccessorImpl.invoke(NativeMethodAccessorImpl.java:77)
	at java.base/jdk.internal.reflect.DelegatingMethodAccessorImpl.invoke(DelegatingMethodAccessorImpl.java:43)
	at java.base/java.lang.reflect.Method.invoke(Method.java:569)
	at org.springframework.aop.support.AopUtils.invokeJoinpointUsingReflection(AopUtils.java:352)
	at org.springframework.aop.framework.ReflectiveMethodInvocation.invokeJoinpoint(ReflectiveMethodInvocation.java:196)
	at org.springframework.aop.framework.ReflectiveMethodInvocation.proceed(ReflectiveMethodInvocation.java:163)
	at org.springframework.aop.framework.CglibAopProxy$CglibMethodInvocation.proceed(CglibAopProxy.java:765)
	at org.springframework.transaction.interceptor.TransactionInterceptor$1.proceedWithInvocation(TransactionInterceptor.java:123)
	at org.springframework.transaction.interceptor.TransactionAspectSupport.invokeWithinTransaction(TransactionAspectSupport.java:385)
	at org.springframework.transaction.interceptor.TransactionInterceptor.invoke(TransactionInterceptor.java:119)
	at org.springframework.aop.framework.ReflectiveMethodInvocation.proceed(ReflectiveMethodInvocation.java:184)
	at org.springframework.aop.framework.CglibAopProxy$CglibMethodInvocation.proceed(CglibAopProxy.java:765)
	at org.springframework.aop.framework.CglibAopProxy$DynamicAdvisedInterceptor.intercept(CglibAopProxy.java:717)
	at com.example.demo.service.AirRaidShelterService$$SpringCGLIB$$0.syncData(<generated>)
	at com.example.demo.controller.AirRaidShelterController.syncAirRaidShelters(AirRaidShelterController.java:111)
	at java.base/jdk.internal.reflect.NativeMethodAccessorImpl.invoke0(Native Method)
	at java.base/jdk.internal.reflect.NativeMethodAccessorImpl.invoke(NativeMethodAccessorImpl.java:77)
	at java.base/jdk.internal.reflect.DelegatingMethodAccessorImpl.invoke(DelegatingMethodAccessorImpl.java:43)
	at java.base/java.lang.reflect.Method.invoke(Method.java:569)
	at org.springframework.web.method.support.InvocableHandlerMethod.doInvoke(InvocableHandlerMethod.java:254)
	at org.springframework.web.method.support.InvocableHandlerMethod.invokeForRequest(InvocableHandlerMethod.java:182)
	at org.springframework.web.servlet.mvc.method.annotation.ServletInvocableHandlerMethod.invokeAndHandle(ServletInvocableHandlerMethod.java:118)
	at org.springframework.web.servlet.mvc.method.annotation.RequestMappingHandlerAdapter.invokeHandlerMethod(RequestMappingHandlerAdapter.java:917)
	at org.springframework.web.servlet.mvc.method.annotation.RequestMappingHandlerAdapter.handleInternal(RequestMappingHandlerAdapter.java:829)
	at org.springframework.web.servlet.mvc.method.AbstractHandlerMethodAdapter.handle(AbstractHandlerMethodAdapter.java:87)
	at org.springframework.web.servlet.DispatcherServlet.doDispatch(DispatcherServlet.java:1089)
	at org.springframework.web.servlet.DispatcherServlet.doService(DispatcherServlet.java:979)
	at org.springframework.web.servlet.FrameworkServlet.processRequest(FrameworkServlet.java:1014)
	at org.springframework.web.servlet.FrameworkServlet.doPost(FrameworkServlet.java:914)
	at jakarta.servlet.http.HttpServlet.service(HttpServlet.java:590)
	at org.springframework.web.servlet.FrameworkServlet.service(FrameworkServlet.java:885)
	at jakarta.servlet.http.HttpServlet.service(HttpServlet.java:658)
	at org.apache.catalina.core.ApplicationFilterChain.internalDoFilter(ApplicationFilterChain.java:205)
	at org.apache.catalina.core.ApplicationFilterChain.doFilter(ApplicationFilterChain.java:149)
	at org.apache.tomcat.websocket.server.WsFilter.doFilter(WsFilter.java:51)
	at org.apache.catalina.core.ApplicationFilterChain.internalDoFilter(ApplicationFilterChain.java:174)
	at org.apache.catalina.core.ApplicationFilterChain.doFilter(ApplicationFilterChain.java:149)
	at org.springframework.web.filter.RequestContextFilter.doFilterInternal(RequestContextFilter.java:100)
	at org.springframework.web.filter.OncePerRequestFilter.doFilter(OncePerRequestFilter.java:116)
	at org.apache.catalina.core.ApplicationFilterChain.internalDoFilter(ApplicationFilterChain.java:174)
	at org.apache.catalina.core.ApplicationFilterChain.doFilter(ApplicationFilterChain.java:149)
	at org.springframework.web.filter.FormContentFilter.doFilterInternal(FormContentFilter.java:93)
	at org.springframework.web.filter.OncePerRequestFilter.doFilter(OncePerRequestFilter.java:116)
	at org.apache.catalina.core.ApplicationFilterChain.internalDoFilter(ApplicationFilterChain.java:174)
	at org.apache.catalina.core.ApplicationFilterChain.doFilter(ApplicationFilterChain.java:149)
	at org.springframework.web.filter.ServerHttpObservationFilter.doFilterInternal(ServerHttpObservationFilter.java:109)
	at org.springframework.web.filter.OncePerRequestFilter.doFilter(OncePerRequestFilter.java:116)
	at org.apache.catalina.core.ApplicationFilterChain.internalDoFilter(ApplicationFilterChain.java:174)
	at org.apache.catalina.core.ApplicationFilterChain.doFilter(ApplicationFilterChain.java:149)
	at org.springframework.web.filter.CharacterEncodingFilter.doFilterInternal(CharacterEncodingFilter.java:201)
	at org.springframework.web.filter.OncePerRequestFilter.doFilter(OncePerRequestFilter.java:116)
	at org.apache.catalina.core.ApplicationFilterChain.internalDoFilter(ApplicationFilterChain.java:174)
	at org.apache.catalina.core.ApplicationFilterChain.doFilter(ApplicationFilterChain.java:149)
	at org.apache.catalina.core.StandardWrapperValve.invoke(StandardWrapperValve.java:167)
	at org.apache.catalina.core.StandardContextValve.invoke(StandardContextValve.java:90)
	at org.apache.catalina.authenticator.AuthenticatorBase.invoke(AuthenticatorBase.java:482)
	at org.apache.catalina.core.StandardHostValve.invoke(StandardHostValve.java:115)
	at org.apache.catalina.valves.ErrorReportValve.invoke(ErrorReportValve.java:93)
	at org.apache.catalina.core.StandardEngineValve.invoke(StandardEngineValve.java:74)
	at org.apache.catalina.connector.CoyoteAdapter.service(CoyoteAdapter.java:340)
	at org.apache.coyote.http11.Http11Processor.service(Http11Processor.java:391)
	at org.apache.coyote.AbstractProcessorLight.process(AbstractProcessorLight.java:63)
	at org.apache.coyote.AbstractProtocol$ConnectionHandler.process(AbstractProtocol.java:896)
	at org.apache.tomcat.util.net.NioEndpoint$SocketProcessor.doRun(NioEndpoint.java:1744)
	at org.apache.tomcat.util.net.SocketProcessorBase.run(SocketProcessorBase.java:52)
	at org.apache.tomcat.util.threads.ThreadPoolExecutor.runWorker(ThreadPoolExecutor.java:1191)
	at org.apache.tomcat.util.threads.ThreadPoolExecutor$Worker.run(ThreadPoolExecutor.java:659)
	at org.apache.tomcat.util.threads.TaskThread$WrappingRunnable.run(TaskThread.java:61)
	at java.base/java.lang.Thread.run(Thread.java:840)
2026-09-01T14:04:41.052+09:00 ERROR 8324 --- [nio-8080-exec-2] o.a.c.c.C.[.[.[/].[dispatcherServlet]    : Servlet.service() for servlet [dispatcherServlet] in context with path [] threw exception [Request processing failed: java.lang.RuntimeException: 공습 DB 연동 중 오류 발생: 파이썬 스크립트 실행 실패 (Exit Code: 2)] with root cause

java.lang.RuntimeException: 공습 DB 연동 중 오류 발생: 파이썬 스크립트 실행 실패 (Exit Code: 2)
	at com.example.demo.service.AirRaidShelterService.syncData(AirRaidShelterService.java:72) ~[!/:0.0.1-SNAPSHOT]
	at java.base/jdk.internal.reflect.NativeMethodAccessorImpl.invoke0(Native Method) ~[na:na]
	at java.base/jdk.internal.reflect.NativeMethodAccessorImpl.invoke(NativeMethodAccessorImpl.java:77) ~[na:na]
	at java.base/jdk.internal.reflect.DelegatingMethodAccessorImpl.invoke(DelegatingMethodAccessorImpl.java:43) ~[na:na]
	at java.base/java.lang.reflect.Method.invoke(Method.java:569) ~[na:na]
	at org.springframework.aop.support.AopUtils.invokeJoinpointUsingReflection(AopUtils.java:352) ~[spring-aop-6.1.1.jar!/:6.1.1]
	at org.springframework.aop.framework.ReflectiveMethodInvocation.invokeJoinpoint(ReflectiveMethodInvocation.java:196) ~[spring-aop-6.1.1.jar!/:6.1.1]
	at org.springframework.aop.framework.ReflectiveMethodInvocation.proceed(ReflectiveMethodInvocation.java:163) ~[spring-aop-6.1.1.jar!/:6.1.1]
	at org.springframework.aop.framework.CglibAopProxy$CglibMethodInvocation.proceed(CglibAopProxy.java:765) ~[spring-aop-6.1.1.jar!/:6.1.1]
	at org.springframework.transaction.interceptor.TransactionInterceptor$1.proceedWithInvocation(TransactionInterceptor.java:123) ~[spring-tx-6.1.1.jar!/:6.1.1]
	at org.springframework.transaction.interceptor.TransactionAspectSupport.invokeWithinTransaction(TransactionAspectSupport.java:385) ~[spring-tx-6.1.1.jar!/:6.1.1]
	at org.springframework.transaction.interceptor.TransactionInterceptor.invoke(TransactionInterceptor.java:119) ~[spring-tx-6.1.1.jar!/:6.1.1]
	at org.springframework.aop.framework.ReflectiveMethodInvocation.proceed(ReflectiveMethodInvocation.java:184) ~[spring-aop-6.1.1.jar!/:6.1.1]
	at org.springframework.aop.framework.CglibAopProxy$CglibMethodInvocation.proceed(CglibAopProxy.java:765) ~[spring-aop-6.1.1.jar!/:6.1.1]
	at org.springframework.aop.framework.CglibAopProxy$DynamicAdvisedInterceptor.intercept(CglibAopProxy.java:717) ~[spring-aop-6.1.1.jar!/:6.1.1]
	at com.example.demo.service.AirRaidShelterService$$SpringCGLIB$$0.syncData(<generated>) ~[!/:0.0.1-SNAPSHOT]
	at com.example.demo.controller.AirRaidShelterController.syncAirRaidShelters(AirRaidShelterController.java:111) ~[!/:0.0.1-SNAPSHOT]
	at java.base/jdk.internal.reflect.NativeMethodAccessorImpl.invoke0(Native Method) ~[na:na]
	at java.base/jdk.internal.reflect.NativeMethodAccessorImpl.invoke(NativeMethodAccessorImpl.java:77) ~[na:na]
	at java.base/jdk.internal.reflect.DelegatingMethodAccessorImpl.invoke(DelegatingMethodAccessorImpl.java:43) ~[na:na]
	at java.base/java.lang.reflect.Method.invoke(Method.java:569) ~[na:na]
	at org.springframework.web.method.support.InvocableHandlerMethod.doInvoke(InvocableHandlerMethod.java:254) ~[spring-web-6.1.1.jar!/:6.1.1]
	at org.springframework.web.method.support.InvocableHandlerMethod.invokeForRequest(InvocableHandlerMethod.java:182) ~[spring-web-6.1.1.jar!/:6.1.1]
	at org.springframework.web.servlet.mvc.method.annotation.ServletInvocableHandlerMethod.invokeAndHandle(ServletInvocableHandlerMethod.java:118) ~[spring-webmvc-6.1.1.jar!/:6.1.1]
	at org.springframework.web.servlet.mvc.method.annotation.RequestMappingHandlerAdapter.invokeHandlerMethod(RequestMappingHandlerAdapter.java:917) ~[spring-webmvc-6.1.1.jar!/:6.1.1]
	at org.springframework.web.servlet.mvc.method.annotation.RequestMappingHandlerAdapter.handleInternal(RequestMappingHandlerAdapter.java:829) ~[spring-webmvc-6.1.1.jar!/:6.1.1]
	at org.springframework.web.servlet.mvc.method.AbstractHandlerMethodAdapter.handle(AbstractHandlerMethodAdapter.java:87) ~[spring-webmvc-6.1.1.jar!/:6.1.1]
	at org.springframework.web.servlet.DispatcherServlet.doDispatch(DispatcherServlet.java:1089) ~[spring-webmvc-6.1.1.jar!/:6.1.1]
	at org.springframework.web.servlet.DispatcherServlet.doService(DispatcherServlet.java:979) ~[spring-webmvc-6.1.1.jar!/:6.1.1]
	at org.springframework.web.servlet.FrameworkServlet.processRequest(FrameworkServlet.java:1014) ~[spring-webmvc-6.1.1.jar!/:6.1.1]
	at org.springframework.web.servlet.FrameworkServlet.doPost(FrameworkServlet.java:914) ~[spring-webmvc-6.1.1.jar!/:6.1.1]
	at jakarta.servlet.http.HttpServlet.service(HttpServlet.java:590) ~[tomcat-embed-core-10.1.16.jar!/:na]
	at org.springframework.web.servlet.FrameworkServlet.service(FrameworkServlet.java:885) ~[spring-webmvc-6.1.1.jar!/:6.1.1]
	at jakarta.servlet.http.HttpServlet.service(HttpServlet.java:658) ~[tomcat-embed-core-10.1.16.jar!/:na]
	at org.apache.catalina.core.ApplicationFilterChain.internalDoFilter(ApplicationFilterChain.java:205) ~[tomcat-embed-core-10.1.16.jar!/:na]
	at org.apache.catalina.core.ApplicationFilterChain.doFilter(ApplicationFilterChain.java:149) ~[tomcat-embed-core-10.1.16.jar!/:na]
	at org.apache.tomcat.websocket.server.WsFilter.doFilter(WsFilter.java:51) ~[tomcat-embed-websocket-10.1.16.jar!/:na]
	at org.apache.catalina.core.ApplicationFilterChain.internalDoFilter(ApplicationFilterChain.java:174) ~[tomcat-embed-core-10.1.16.jar!/:na]
	at org.apache.catalina.core.ApplicationFilterChain.doFilter(ApplicationFilterChain.java:149) ~[tomcat-embed-core-10.1.16.jar!/:na]
	at org.springframework.web.filter.RequestContextFilter.doFilterInternal(RequestContextFilter.java:100) ~[spring-web-6.1.1.jar!/:6.1.1]
	at org.springframework.web.filter.OncePerRequestFilter.doFilter(OncePerRequestFilter.java:116) ~[spring-web-6.1.1.jar!/:6.1.1]
	at org.apache.catalina.core.ApplicationFilterChain.internalDoFilter(ApplicationFilterChain.java:174) ~[tomcat-embed-core-10.1.16.jar!/:na]
	at org.apache.catalina.core.ApplicationFilterChain.doFilter(ApplicationFilterChain.java:149) ~[tomcat-embed-core-10.1.16.jar!/:na]
	at org.springframework.web.filter.FormContentFilter.doFilterInternal(FormContentFilter.java:93) ~[spring-web-6.1.1.jar!/:6.1.1]
	at org.springframework.web.filter.OncePerRequestFilter.doFilter(OncePerRequestFilter.java:116) ~[spring-web-6.1.1.jar!/:6.1.1]
	at org.apache.catalina.core.ApplicationFilterChain.internalDoFilter(ApplicationFilterChain.java:174) ~[tomcat-embed-core-10.1.16.jar!/:na]
	at org.apache.catalina.core.ApplicationFilterChain.doFilter(ApplicationFilterChain.java:149) ~[tomcat-embed-core-10.1.16.jar!/:na]
	at org.springframework.web.filter.ServerHttpObservationFilter.doFilterInternal(ServerHttpObservationFilter.java:109) ~[spring-web-6.1.1.jar!/:6.1.1]
	at org.springframework.web.filter.OncePerRequestFilter.doFilter(OncePerRequestFilter.java:116) ~[spring-web-6.1.1.jar!/:6.1.1]
	at org.apache.catalina.core.ApplicationFilterChain.internalDoFilter(ApplicationFilterChain.java:174) ~[tomcat-embed-core-10.1.16.jar!/:na]
	at org.apache.catalina.core.ApplicationFilterChain.doFilter(ApplicationFilterChain.java:149) ~[tomcat-embed-core-10.1.16.jar!/:na]
	at org.springframework.web.filter.CharacterEncodingFilter.doFilterInternal(CharacterEncodingFilter.java:201) ~[spring-web-6.1.1.jar!/:6.1.1]
	at org.springframework.web.filter.OncePerRequestFilter.doFilter(OncePerRequestFilter.java:116) ~[spring-web-6.1.1.jar!/:6.1.1]
	at org.apache.catalina.core.ApplicationFilterChain.internalDoFilter(ApplicationFilterChain.java:174) ~[tomcat-embed-core-10.1.16.jar!/:na]
	at org.apache.catalina.core.ApplicationFilterChain.doFilter(ApplicationFilterChain.java:149) ~[tomcat-embed-core-10.1.16.jar!/:na]
	at org.apache.catalina.core.StandardWrapperValve.invoke(StandardWrapperValve.java:167) ~[tomcat-embed-core-10.1.16.jar!/:na]
	at org.apache.catalina.core.StandardContextValve.invoke(StandardContextValve.java:90) ~[tomcat-embed-core-10.1.16.jar!/:na]
	at org.apache.catalina.authenticator.AuthenticatorBase.invoke(AuthenticatorBase.java:482) ~[tomcat-embed-core-10.1.16.jar!/:na]
	at org.apache.catalina.core.StandardHostValve.invoke(StandardHostValve.java:115) ~[tomcat-embed-core-10.1.16.jar!/:na]
	at org.apache.catalina.valves.ErrorReportValve.invoke(ErrorReportValve.java:93) ~[tomcat-embed-core-10.1.16.jar!/:na]
	at org.apache.catalina.core.StandardEngineValve.invoke(StandardEngineValve.java:74) ~[tomcat-embed-core-10.1.16.jar!/:na]
	at org.apache.catalina.connector.CoyoteAdapter.service(CoyoteAdapter.java:340) ~[tomcat-embed-core-10.1.16.jar!/:na]
	at org.apache.coyote.http11.Http11Processor.service(Http11Processor.java:391) ~[tomcat-embed-core-10.1.16.jar!/:na]
	at org.apache.coyote.AbstractProcessorLight.process(AbstractProcessorLight.java:63) ~[tomcat-embed-core-10.1.16.jar!/:na]
	at org.apache.coyote.AbstractProtocol$ConnectionHandler.process(AbstractProtocol.java:896) ~[tomcat-embed-core-10.1.16.jar!/:na]
	at org.apache.tomcat.util.net.NioEndpoint$SocketProcessor.doRun(NioEndpoint.java:1744) ~[tomcat-embed-core-10.1.16.jar!/:na]
	at org.apache.tomcat.util.net.SocketProcessorBase.run(SocketProcessorBase.java:52) ~[tomcat-embed-core-10.1.16.jar!/:na]
	at org.apache.tomcat.util.threads.ThreadPoolExecutor.runWorker(ThreadPoolExecutor.java:1191) ~[tomcat-embed-core-10.1.16.jar!/:na]
	at org.apache.tomcat.util.threads.ThreadPoolExecutor$Worker.run(ThreadPoolExecutor.java:659) ~[tomcat-embed-core-10.1.16.jar!/:na]
	at org.apache.tomcat.util.threads.TaskThread$WrappingRunnable.run(TaskThread.java:61) ~[tomcat-embed-core-10.1.16.jar!/:na]
	at java.base/java.lang.Thread.run(Thread.java:840) ~[na:na]

>>> 공습 대피소 파이썬 DB 연동 실행
python: can't open file '/root/admin/target/scripts/airstrike.py': [Errno 2] No such file or directory
java.lang.RuntimeException: 파이썬 스크립트 실행 실패 (Exit Code: 2)
	at com.example.demo.service.AirRaidShelterService.syncData(AirRaidShelterService.java:67)
	at java.base/jdk.internal.reflect.NativeMethodAccessorImpl.invoke0(Native Method)
	at java.base/jdk.internal.reflect.NativeMethodAccessorImpl.invoke(NativeMethodAccessorImpl.java:77)
	at java.base/jdk.internal.reflect.DelegatingMethodAccessorImpl.invoke(DelegatingMethodAccessorImpl.java:43)
	at java.base/java.lang.reflect.Method.invoke(Method.java:569)
	at org.springframework.aop.support.AopUtils.invokeJoinpointUsingReflection(AopUtils.java:352)
	at org.springframework.aop.framework.ReflectiveMethodInvocation.invokeJoinpoint(ReflectiveMethodInvocation.java:196)
	at org.springframework.aop.framework.ReflectiveMethodInvocation.proceed(ReflectiveMethodInvocation.java:163)
	at org.springframework.aop.framework.CglibAopProxy$CglibMethodInvocation.proceed(CglibAopProxy.java:765)
	at org.springframework.transaction.interceptor.TransactionInterceptor$1.proceedWithInvocation(TransactionInterceptor.java:123)
	at org.springframework.transaction.interceptor.TransactionAspectSupport.invokeWithinTransaction(TransactionAspectSupport.java:385)
	at org.springframework.transaction.interceptor.TransactionInterceptor.invoke(TransactionInterceptor.java:119)
	at org.springframework.aop.framework.ReflectiveMethodInvocation.proceed(ReflectiveMethodInvocation.java:184)
	at org.springframework.aop.framework.CglibAopProxy$CglibMethodInvocation.proceed(CglibAopProxy.java:765)
	at org.springframework.aop.framework.CglibAopProxy$DynamicAdvisedInterceptor.intercept(CglibAopProxy.java:717)
	at com.example.demo.service.AirRaidShelterService$$SpringCGLIB$$0.syncData(<generated>)
	at com.example.demo.controller.AirRaidShelterController.syncAirRaidShelters(AirRaidShelterController.java:111)
	at java.base/jdk.internal.reflect.NativeMethodAccessorImpl.invoke0(Native Method)
	at java.base/jdk.internal.reflect.NativeMethodAccessorImpl.invoke(NativeMethodAccessorImpl.java:77)
	at java.base/jdk.internal.reflect.DelegatingMethodAccessorImpl.invoke(DelegatingMethodAccessorImpl.java:43)
	at java.base/java.lang.reflect.Method.invoke(Method.java:569)
	at org.springframework.web.method.support.InvocableHandlerMethod.doInvoke(InvocableHandlerMethod.java:254)
	at org.springframework.web.method.support.InvocableHandlerMethod.invokeForRequest(InvocableHandlerMethod.java:182)
	at org.springframework.web.servlet.mvc.method.annotation.ServletInvocableHandlerMethod.invokeAndHandle(ServletInvocableHandlerMethod.java:118)
	at org.springframework.web.servlet.mvc.method.annotation.RequestMappingHandlerAdapter.invokeHandlerMethod(RequestMappingHandlerAdapter.java:917)
	at org.springframework.web.servlet.mvc.method.annotation.RequestMappingHandlerAdapter.handleInternal(RequestMappingHandlerAdapter.java:829)
	at org.springframework.web.servlet.mvc.method.AbstractHandlerMethodAdapter.handle(AbstractHandlerMethodAdapter.java:87)
	at org.springframework.web.servlet.DispatcherServlet.doDispatch(DispatcherServlet.java:1089)
	at org.springframework.web.servlet.DispatcherServlet.doService(DispatcherServlet.java:979)
	at org.springframework.web.servlet.FrameworkServlet.processRequest(FrameworkServlet.java:1014)
	at org.springframework.web.servlet.FrameworkServlet.doPost(FrameworkServlet.java:914)
	at jakarta.servlet.http.HttpServlet.service(HttpServlet.java:590)
	at org.springframework.web.servlet.FrameworkServlet.service(FrameworkServlet.java:885)
	at jakarta.servlet.http.HttpServlet.service(HttpServlet.java:658)
	at org.apache.catalina.core.ApplicationFilterChain.internalDoFilter(ApplicationFilterChain.java:205)
	at org.apache.catalina.core.ApplicationFilterChain.doFilter(ApplicationFilterChain.java:149)
	at org.apache.tomcat.websocket.server.WsFilter.doFilter(WsFilter.java:51)
	at org.apache.catalina.core.ApplicationFilterChain.internalDoFilter(ApplicationFilterChain.java:174)
	at org.apache.catalina.core.ApplicationFilterChain.doFilter(ApplicationFilterChain.java:149)
	at org.springframework.web.filter.RequestContextFilter.doFilterInternal(RequestContextFilter.java:100)
	at org.springframework.web.filter.OncePerRequestFilter.doFilter(OncePerRequestFilter.java:116)
	at org.apache.catalina.core.ApplicationFilterChain.internalDoFilter(ApplicationFilterChain.java:174)
	at org.apache.catalina.core.ApplicationFilterChain.doFilter(ApplicationFilterChain.java:149)
	at org.springframework.web.filter.FormContentFilter.doFilterInternal(FormContentFilter.java:93)
	at org.springframework.web.filter.OncePerRequestFilter.doFilter(OncePerRequestFilter.java:116)
	at org.apache.catalina.core.ApplicationFilterChain.internalDoFilter(ApplicationFilterChain.java:174)
	at org.apache.catalina.core.ApplicationFilterChain.doFilter(ApplicationFilterChain.java:149)
	at org.springframework.web.filter.ServerHttpObservationFilter.doFilterInternal(ServerHttpObservationFilter.java:109)
	at org.springframework.web.filter.OncePerRequestFilter.doFilter(OncePerRequestFilter.java:116)
	at org.apache.catalina.core.ApplicationFilterChain.internalDoFilter(ApplicationFilterChain.java:174)
	at org.apache.catalina.core.ApplicationFilterChain.doFilter(ApplicationFilterChain.java:149)
	at org.springframework.web.filter.CharacterEncodingFilter.doFilterInternal(CharacterEncodingFilter.java:201)
	at org.springframework.web.filter.OncePerRequestFilter.doFilter(OncePerRequestFilter.java:116)
	at org.apache.catalina.core.ApplicationFilterChain.internalDoFilter(ApplicationFilterChain.java:174)
	at org.apache.catalina.core.ApplicationFilterChain.doFilter(ApplicationFilterChain.java:149)
	at org.apache.catalina.core.StandardWrapperValve.invoke(StandardWrapperValve.java:167)
	at org.apache.catalina.core.StandardContextValve.invoke(StandardContextValve.java:90)
	at org.apache.catalina.authenticator.AuthenticatorBase.invoke(AuthenticatorBase.java:482)
	at org.apache.catalina.core.StandardHostValve.invoke(StandardHostValve.java:115)
	at org.apache.catalina.valves.ErrorReportValve.invoke(ErrorReportValve.java:93)
	at org.apache.catalina.core.StandardEngineValve.invoke(StandardEngineValve.java:74)
	at org.apache.catalina.connector.CoyoteAdapter.service(CoyoteAdapter.java:340)
	at org.apache.coyote.http11.Http11Processor.service(Http11Processor.java:391)
	at org.apache.coyote.AbstractProcessorLight.process(AbstractProcessorLight.java:63)
	at org.apache.coyote.AbstractProtocol$ConnectionHandler.process(AbstractProtocol.java:896)
	at org.apache.tomcat.util.net.NioEndpoint$SocketProcessor.doRun(NioEndpoint.java:1744)
	at org.apache.tomcat.util.net.SocketProcessorBase.run(SocketProcessorBase.java:52)
	at org.apache.tomcat.util.threads.ThreadPoolExecutor.runWorker(ThreadPoolExecutor.java:1191)
	at org.apache.tomcat.util.threads.ThreadPoolExecutor$Worker.run(ThreadPoolExecutor.java:659)
	at org.apache.tomcat.util.threads.TaskThread$WrappingRunnable.run(TaskThread.java:61)
	at java.base/java.lang.Thread.run(Thread.java:840)
2026-09-01T14:04:45.009+09:00 ERROR 8324 --- [nio-8080-exec-5] o.a.c.c.C.[.[.[/].[dispatcherServlet]    : Servlet.service() for servlet [dispatcherServlet] in context with path [] threw exception [Request processing failed: java.lang.RuntimeException: 공습 DB 연동 중 오류 발생: 파이썬 스크립트 실행 실패 (Exit Code: 2)] with root cause

java.lang.RuntimeException: 공습 DB 연동 중 오류 발생: 파이썬 스크립트 실행 실패 (Exit Code: 2)
	at com.example.demo.service.AirRaidShelterService.syncData(AirRaidShelterService.java:72) ~[!/:0.0.1-SNAPSHOT]
	at java.base/jdk.internal.reflect.NativeMethodAccessorImpl.invoke0(Native Method) ~[na:na]
	at java.base/jdk.internal.reflect.NativeMethodAccessorImpl.invoke(NativeMethodAccessorImpl.java:77) ~[na:na]
	at java.base/jdk.internal.reflect.DelegatingMethodAccessorImpl.invoke(DelegatingMethodAccessorImpl.java:43) ~[na:na]
	at java.base/java.lang.reflect.Method.invoke(Method.java:569) ~[na:na]
	at org.springframework.aop.support.AopUtils.invokeJoinpointUsingReflection(AopUtils.java:352) ~[spring-aop-6.1.1.jar!/:6.1.1]
	at org.springframework.aop.framework.ReflectiveMethodInvocation.invokeJoinpoint(ReflectiveMethodInvocation.java:196) ~[spring-aop-6.1.1.jar!/:6.1.1]
	at org.springframework.aop.framework.ReflectiveMethodInvocation.proceed(ReflectiveMethodInvocation.java:163) ~[spring-aop-6.1.1.jar!/:6.1.1]
	at org.springframework.aop.framework.CglibAopProxy$CglibMethodInvocation.proceed(CglibAopProxy.java:765) ~[spring-aop-6.1.1.jar!/:6.1.1]
	at org.springframework.transaction.interceptor.TransactionInterceptor$1.proceedWithInvocation(TransactionInterceptor.java:123) ~[spring-tx-6.1.1.jar!/:6.1.1]
	at org.springframework.transaction.interceptor.TransactionAspectSupport.invokeWithinTransaction(TransactionAspectSupport.java:385) ~[spring-tx-6.1.1.jar!/:6.1.1]
	at org.springframework.transaction.interceptor.TransactionInterceptor.invoke(TransactionInterceptor.java:119) ~[spring-tx-6.1.1.jar!/:6.1.1]
	at org.springframework.aop.framework.ReflectiveMethodInvocation.proceed(ReflectiveMethodInvocation.java:184) ~[spring-aop-6.1.1.jar!/:6.1.1]
	at org.springframework.aop.framework.CglibAopProxy$CglibMethodInvocation.proceed(CglibAopProxy.java:765) ~[spring-aop-6.1.1.jar!/:6.1.1]
	at org.springframework.aop.framework.CglibAopProxy$DynamicAdvisedInterceptor.intercept(CglibAopProxy.java:717) ~[spring-aop-6.1.1.jar!/:6.1.1]
	at com.example.demo.service.AirRaidShelterService$$SpringCGLIB$$0.syncData(<generated>) ~[!/:0.0.1-SNAPSHOT]
	at com.example.demo.controller.AirRaidShelterController.syncAirRaidShelters(AirRaidShelterController.java:111) ~[!/:0.0.1-SNAPSHOT]
	at java.base/jdk.internal.reflect.NativeMethodAccessorImpl.invoke0(Native Method) ~[na:na]
	at java.base/jdk.internal.reflect.NativeMethodAccessorImpl.invoke(NativeMethodAccessorImpl.java:77) ~[na:na]
	at java.base/jdk.internal.reflect.DelegatingMethodAccessorImpl.invoke(DelegatingMethodAccessorImpl.java:43) ~[na:na]
	at java.base/java.lang.reflect.Method.invoke(Method.java:569) ~[na:na]
	at org.springframework.web.method.support.InvocableHandlerMethod.doInvoke(InvocableHandlerMethod.java:254) ~[spring-web-6.1.1.jar!/:6.1.1]
	at org.springframework.web.method.support.InvocableHandlerMethod.invokeForRequest(InvocableHandlerMethod.java:182) ~[spring-web-6.1.1.jar!/:6.1.1]
	at org.springframework.web.servlet.mvc.method.annotation.ServletInvocableHandlerMethod.invokeAndHandle(ServletInvocableHandlerMethod.java:118) ~[spring-webmvc-6.1.1.jar!/:6.1.1]
	at org.springframework.web.servlet.mvc.method.annotation.RequestMappingHandlerAdapter.invokeHandlerMethod(RequestMappingHandlerAdapter.java:917) ~[spring-webmvc-6.1.1.jar!/:6.1.1]
	at org.springframework.web.servlet.mvc.method.annotation.RequestMappingHandlerAdapter.handleInternal(RequestMappingHandlerAdapter.java:829) ~[spring-webmvc-6.1.1.jar!/:6.1.1]
	at org.springframework.web.servlet.mvc.method.AbstractHandlerMethodAdapter.handle(AbstractHandlerMethodAdapter.java:87) ~[spring-webmvc-6.1.1.jar!/:6.1.1]
	at org.springframework.web.servlet.DispatcherServlet.doDispatch(DispatcherServlet.java:1089) ~[spring-webmvc-6.1.1.jar!/:6.1.1]
	at org.springframework.web.servlet.DispatcherServlet.doService(DispatcherServlet.java:979) ~[spring-webmvc-6.1.1.jar!/:6.1.1]
	at org.springframework.web.servlet.FrameworkServlet.processRequest(FrameworkServlet.java:1014) ~[spring-webmvc-6.1.1.jar!/:6.1.1]
	at org.springframework.web.servlet.FrameworkServlet.doPost(FrameworkServlet.java:914) ~[spring-webmvc-6.1.1.jar!/:6.1.1]
	at jakarta.servlet.http.HttpServlet.service(HttpServlet.java:590) ~[tomcat-embed-core-10.1.16.jar!/:na]
	at org.springframework.web.servlet.FrameworkServlet.service(FrameworkServlet.java:885) ~[spring-webmvc-6.1.1.jar!/:6.1.1]
	at jakarta.servlet.http.HttpServlet.service(HttpServlet.java:658) ~[tomcat-embed-core-10.1.16.jar!/:na]
	at org.apache.catalina.core.ApplicationFilterChain.internalDoFilter(ApplicationFilterChain.java:205) ~[tomcat-embed-core-10.1.16.jar!/:na]
	at org.apache.catalina.core.ApplicationFilterChain.doFilter(ApplicationFilterChain.java:149) ~[tomcat-embed-core-10.1.16.jar!/:na]
	at org.apache.tomcat.websocket.server.WsFilter.doFilter(WsFilter.java:51) ~[tomcat-embed-websocket-10.1.16.jar!/:na]
	at org.apache.catalina.core.ApplicationFilterChain.internalDoFilter(ApplicationFilterChain.java:174) ~[tomcat-embed-core-10.1.16.jar!/:na]
	at org.apache.catalina.core.ApplicationFilterChain.doFilter(ApplicationFilterChain.java:149) ~[tomcat-embed-core-10.1.16.jar!/:na]
	at org.springframework.web.filter.RequestContextFilter.doFilterInternal(RequestContextFilter.java:100) ~[spring-web-6.1.1.jar!/:6.1.1]
	at org.springframework.web.filter.OncePerRequestFilter.doFilter(OncePerRequestFilter.java:116) ~[spring-web-6.1.1.jar!/:6.1.1]
	at org.apache.catalina.core.ApplicationFilterChain.internalDoFilter(ApplicationFilterChain.java:174) ~[tomcat-embed-core-10.1.16.jar!/:na]
	at org.apache.catalina.core.ApplicationFilterChain.doFilter(ApplicationFilterChain.java:149) ~[tomcat-embed-core-10.1.16.jar!/:na]
	at org.springframework.web.filter.FormContentFilter.doFilterInternal(FormContentFilter.java:93) ~[spring-web-6.1.1.jar!/:6.1.1]
	at org.springframework.web.filter.OncePerRequestFilter.doFilter(OncePerRequestFilter.java:116) ~[spring-web-6.1.1.jar!/:6.1.1]
	at org.apache.catalina.core.ApplicationFilterChain.internalDoFilter(ApplicationFilterChain.java:174) ~[tomcat-embed-core-10.1.16.jar!/:na]
	at org.apache.catalina.core.ApplicationFilterChain.doFilter(ApplicationFilterChain.java:149) ~[tomcat-embed-core-10.1.16.jar!/:na]
	at org.springframework.web.filter.ServerHttpObservationFilter.doFilterInternal(ServerHttpObservationFilter.java:109) ~[spring-web-6.1.1.jar!/:6.1.1]
	at org.springframework.web.filter.OncePerRequestFilter.doFilter(OncePerRequestFilter.java:116) ~[spring-web-6.1.1.jar!/:6.1.1]
	at org.apache.catalina.core.ApplicationFilterChain.internalDoFilter(ApplicationFilterChain.java:174) ~[tomcat-embed-core-10.1.16.jar!/:na]
	at org.apache.catalina.core.ApplicationFilterChain.doFilter(ApplicationFilterChain.java:149) ~[tomcat-embed-core-10.1.16.jar!/:na]
	at org.springframework.web.filter.CharacterEncodingFilter.doFilterInternal(CharacterEncodingFilter.java:201) ~[spring-web-6.1.1.jar!/:6.1.1]
	at org.springframework.web.filter.OncePerRequestFilter.doFilter(OncePerRequestFilter.java:116) ~[spring-web-6.1.1.jar!/:6.1.1]
	at org.apache.catalina.core.ApplicationFilterChain.internalDoFilter(ApplicationFilterChain.java:174) ~[tomcat-embed-core-10.1.16.jar!/:na]
	at org.apache.catalina.core.ApplicationFilterChain.doFilter(ApplicationFilterChain.java:149) ~[tomcat-embed-core-10.1.16.jar!/:na]
	at org.apache.catalina.core.StandardWrapperValve.invoke(StandardWrapperValve.java:167) ~[tomcat-embed-core-10.1.16.jar!/:na]
	at org.apache.catalina.core.StandardContextValve.invoke(StandardContextValve.java:90) ~[tomcat-embed-core-10.1.16.jar!/:na]
	at org.apache.catalina.authenticator.AuthenticatorBase.invoke(AuthenticatorBase.java:482) ~[tomcat-embed-core-10.1.16.jar!/:na]
	at org.apache.catalina.core.StandardHostValve.invoke(StandardHostValve.java:115) ~[tomcat-embed-core-10.1.16.jar!/:na]
	at org.apache.catalina.valves.ErrorReportValve.invoke(ErrorReportValve.java:93) ~[tomcat-embed-core-10.1.16.jar!/:na]
	at org.apache.catalina.core.StandardEngineValve.invoke(StandardEngineValve.java:74) ~[tomcat-embed-core-10.1.16.jar!/:na]
	at org.apache.catalina.connector.CoyoteAdapter.service(CoyoteAdapter.java:340) ~[tomcat-embed-core-10.1.16.jar!/:na]
	at org.apache.coyote.http11.Http11Processor.service(Http11Processor.java:391) ~[tomcat-embed-core-10.1.16.jar!/:na]
	at org.apache.coyote.AbstractProcessorLight.process(AbstractProcessorLight.java:63) ~[tomcat-embed-core-10.1.16.jar!/:na]
	at org.apache.coyote.AbstractProtocol$ConnectionHandler.process(AbstractProtocol.java:896) ~[tomcat-embed-core-10.1.16.jar!/:na]
	at org.apache.tomcat.util.net.NioEndpoint$SocketProcessor.doRun(NioEndpoint.java:1744) ~[tomcat-embed-core-10.1.16.jar!/:na]
	at org.apache.tomcat.util.net.SocketProcessorBase.run(SocketProcessorBase.java:52) ~[tomcat-embed-core-10.1.16.jar!/:na]
	at org.apache.tomcat.util.threads.ThreadPoolExecutor.runWorker(ThreadPoolExecutor.java:1191) ~[tomcat-embed-core-10.1.16.jar!/:na]
	at org.apache.tomcat.util.threads.ThreadPoolExecutor$Worker.run(ThreadPoolExecutor.java:659) ~[tomcat-embed-core-10.1.16.jar!/:na]
	at org.apache.tomcat.util.threads.TaskThread$WrappingRunnable.run(TaskThread.java:61) ~[tomcat-embed-core-10.1.16.jar!/:na]
	at java.base/java.lang.Thread.run(Thread.java:840) ~[na:na]

Hibernate: select es1_0.shlt_id,es1_0.ctpv_nm,es1_0.daddr,es1_0.fclt_nm,es1_0.lat,es1_0.lot,es1_0.mng_dept_nm,es1_0.sgg_nm from earthquake es1_0 limit ?,?
Hibernate: select count(es1_0.shlt_id) from earthquake es1_0
>>> 지진 대피소 파이썬 DB 연동 실행
python: can't open file '/root/admin/target/scripts/earthquake.py': [Errno 2] No such file or directory
java.lang.RuntimeException: 지진 파이썬 스크립트 실행 실패 (Exit Code: 2)
	at com.example.demo.service.EarthquakeShelterService.syncData(EarthquakeShelterService.java:62)
	at java.base/jdk.internal.reflect.NativeMethodAccessorImpl.invoke0(Native Method)
	at java.base/jdk.internal.reflect.NativeMethodAccessorImpl.invoke(NativeMethodAccessorImpl.java:77)
	at java.base/jdk.internal.reflect.DelegatingMethodAccessorImpl.invoke(DelegatingMethodAccessorImpl.java:43)
	at java.base/java.lang.reflect.Method.invoke(Method.java:569)
	at org.springframework.aop.support.AopUtils.invokeJoinpointUsingReflection(AopUtils.java:352)
	at org.springframework.aop.framework.ReflectiveMethodInvocation.invokeJoinpoint(ReflectiveMethodInvocation.java:196)
	at org.springframework.aop.framework.ReflectiveMethodInvocation.proceed(ReflectiveMethodInvocation.java:163)
	at org.springframework.aop.framework.CglibAopProxy$CglibMethodInvocation.proceed(CglibAopProxy.java:765)
	at org.springframework.transaction.interceptor.TransactionInterceptor$1.proceedWithInvocation(TransactionInterceptor.java:123)
	at org.springframework.transaction.interceptor.TransactionAspectSupport.invokeWithinTransaction(TransactionAspectSupport.java:385)
	at org.springframework.transaction.interceptor.TransactionInterceptor.invoke(TransactionInterceptor.java:119)
	at org.springframework.aop.framework.ReflectiveMethodInvocation.proceed(ReflectiveMethodInvocation.java:184)
	at org.springframework.aop.framework.CglibAopProxy$CglibMethodInvocation.proceed(CglibAopProxy.java:765)
	at org.springframework.aop.framework.CglibAopProxy$DynamicAdvisedInterceptor.intercept(CglibAopProxy.java:717)
	at com.example.demo.service.EarthquakeShelterService$$SpringCGLIB$$0.syncData(<generated>)
	at com.example.demo.controller.EarthquakeShelterController.syncEarthquakeShelters(EarthquakeShelterController.java:115)
	at java.base/jdk.internal.reflect.NativeMethodAccessorImpl.invoke0(Native Method)
	at java.base/jdk.internal.reflect.NativeMethodAccessorImpl.invoke(NativeMethodAccessorImpl.java:77)
	at java.base/jdk.internal.reflect.DelegatingMethodAccessorImpl.invoke(DelegatingMethodAccessorImpl.java:43)
	at java.base/java.lang.reflect.Method.invoke(Method.java:569)
	at org.springframework.web.method.support.InvocableHandlerMethod.doInvoke(InvocableHandlerMethod.java:254)
	at org.springframework.web.method.support.InvocableHandlerMethod.invokeForRequest(InvocableHandlerMethod.java:182)
	at org.springframework.web.servlet.mvc.method.annotation.ServletInvocableHandlerMethod.invokeAndHandle(ServletInvocableHandlerMethod.java:118)
	at org.springframework.web.servlet.mvc.method.annotation.RequestMappingHandlerAdapter.invokeHandlerMethod(RequestMappingHandlerAdapter.java:917)
	at org.springframework.web.servlet.mvc.method.annotation.RequestMappingHandlerAdapter.handleInternal(RequestMappingHandlerAdapter.java:829)
	at org.springframework.web.servlet.mvc.method.AbstractHandlerMethodAdapter.handle(AbstractHandlerMethodAdapter.java:87)
	at org.springframework.web.servlet.DispatcherServlet.doDispatch(DispatcherServlet.java:1089)
	at org.springframework.web.servlet.DispatcherServlet.doService(DispatcherServlet.java:979)
	at org.springframework.web.servlet.FrameworkServlet.processRequest(FrameworkServlet.java:1014)
	at org.springframework.web.servlet.FrameworkServlet.doPost(FrameworkServlet.java:914)
	at jakarta.servlet.http.HttpServlet.service(HttpServlet.java:590)
	at org.springframework.web.servlet.FrameworkServlet.service(FrameworkServlet.java:885)
	at jakarta.servlet.http.HttpServlet.service(HttpServlet.java:658)
	at org.apache.catalina.core.ApplicationFilterChain.internalDoFilter(ApplicationFilterChain.java:205)
	at org.apache.catalina.core.ApplicationFilterChain.doFilter(ApplicationFilterChain.java:149)
	at org.apache.tomcat.websocket.server.WsFilter.doFilter(WsFilter.java:51)
	at org.apache.catalina.core.ApplicationFilterChain.internalDoFilter(ApplicationFilterChain.java:174)
	at org.apache.catalina.core.ApplicationFilterChain.doFilter(ApplicationFilterChain.java:149)
	at org.springframework.web.filter.RequestContextFilter.doFilterInternal(RequestContextFilter.java:100)
	at org.springframework.web.filter.OncePerRequestFilter.doFilter(OncePerRequestFilter.java:116)
	at org.apache.catalina.core.ApplicationFilterChain.internalDoFilter(ApplicationFilterChain.java:174)
	at org.apache.catalina.core.ApplicationFilterChain.doFilter(ApplicationFilterChain.java:149)
	at org.springframework.web.filter.FormContentFilter.doFilterInternal(FormContentFilter.java:93)
	at org.springframework.web.filter.OncePerRequestFilter.doFilter(OncePerRequestFilter.java:116)
	at org.apache.catalina.core.ApplicationFilterChain.internalDoFilter(ApplicationFilterChain.java:174)
	at org.apache.catalina.core.ApplicationFilterChain.doFilter(ApplicationFilterChain.java:149)
	at org.springframework.web.filter.ServerHttpObservationFilter.doFilterInternal(ServerHttpObservationFilter.java:109)
	at org.springframework.web.filter.OncePerRequestFilter.doFilter(OncePerRequestFilter.java:116)
	at org.apache.catalina.core.ApplicationFilterChain.internalDoFilter(ApplicationFilterChain.java:174)
	at org.apache.catalina.core.ApplicationFilterChain.doFilter(ApplicationFilterChain.java:149)
	at org.springframework.web.filter.CharacterEncodingFilter.doFilterInternal(CharacterEncodingFilter.java:201)
	at org.springframework.web.filter.OncePerRequestFilter.doFilter(OncePerRequestFilter.java:116)
	at org.apache.catalina.core.ApplicationFilterChain.internalDoFilter(ApplicationFilterChain.java:174)
	at org.apache.catalina.core.ApplicationFilterChain.doFilter(ApplicationFilterChain.java:149)
	at org.apache.catalina.core.StandardWrapperValve.invoke(StandardWrapperValve.java:167)
	at org.apache.catalina.core.StandardContextValve.invoke(StandardContextValve.java:90)
	at org.apache.catalina.authenticator.AuthenticatorBase.invoke(AuthenticatorBase.java:482)
	at org.apache.catalina.core.StandardHostValve.invoke(StandardHostValve.java:115)
	at org.apache.catalina.valves.ErrorReportValve.invoke(ErrorReportValve.java:93)
	at org.apache.catalina.core.StandardEngineValve.invoke(StandardEngineValve.java:74)
	at org.apache.catalina.connector.CoyoteAdapter.service(CoyoteAdapter.java:340)
	at org.apache.coyote.http11.Http11Processor.service(Http11Processor.java:391)
	at org.apache.coyote.AbstractProcessorLight.process(AbstractProcessorLight.java:63)
	at org.apache.coyote.AbstractProtocol$ConnectionHandler.process(AbstractProtocol.java:896)
	at org.apache.tomcat.util.net.NioEndpoint$SocketProcessor.doRun(NioEndpoint.java:1744)
	at org.apache.tomcat.util.net.SocketProcessorBase.run(SocketProcessorBase.java:52)
	at org.apache.tomcat.util.threads.ThreadPoolExecutor.runWorker(ThreadPoolExecutor.java:1191)
	at org.apache.tomcat.util.threads.ThreadPoolExecutor$Worker.run(ThreadPoolExecutor.java:659)
	at org.apache.tomcat.util.threads.TaskThread$WrappingRunnable.run(TaskThread.java:61)
	at java.base/java.lang.Thread.run(Thread.java:840)
2026-09-01T14:04:47.723+09:00 ERROR 8324 --- [nio-8080-exec-7] o.a.c.c.C.[.[.[/].[dispatcherServlet]    : Servlet.service() for servlet [dispatcherServlet] in context with path [] threw exception [Request processing failed: java.lang.RuntimeException: 지진 DB 연동 중 오류 발생: 지진 파이썬 스크립트 실행 실패 (Exit Code: 2)] with root cause

java.lang.RuntimeException: 지진 DB 연동 중 오류 발생: 지진 파이썬 스크립트 실행 실패 (Exit Code: 2)
	at com.example.demo.service.EarthquakeShelterService.syncData(EarthquakeShelterService.java:67) ~[!/:0.0.1-SNAPSHOT]
	at java.base/jdk.internal.reflect.NativeMethodAccessorImpl.invoke0(Native Method) ~[na:na]
	at java.base/jdk.internal.reflect.NativeMethodAccessorImpl.invoke(NativeMethodAccessorImpl.java:77) ~[na:na]
	at java.base/jdk.internal.reflect.DelegatingMethodAccessorImpl.invoke(DelegatingMethodAccessorImpl.java:43) ~[na:na]
	at java.base/java.lang.reflect.Method.invoke(Method.java:569) ~[na:na]
	at org.springframework.aop.support.AopUtils.invokeJoinpointUsingReflection(AopUtils.java:352) ~[spring-aop-6.1.1.jar!/:6.1.1]
	at org.springframework.aop.framework.ReflectiveMethodInvocation.invokeJoinpoint(ReflectiveMethodInvocation.java:196) ~[spring-aop-6.1.1.jar!/:6.1.1]
	at org.springframework.aop.framework.ReflectiveMethodInvocation.proceed(ReflectiveMethodInvocation.java:163) ~[spring-aop-6.1.1.jar!/:6.1.1]
	at org.springframework.aop.framework.CglibAopProxy$CglibMethodInvocation.proceed(CglibAopProxy.java:765) ~[spring-aop-6.1.1.jar!/:6.1.1]
	at org.springframework.transaction.interceptor.TransactionInterceptor$1.proceedWithInvocation(TransactionInterceptor.java:123) ~[spring-tx-6.1.1.jar!/:6.1.1]
	at org.springframework.transaction.interceptor.TransactionAspectSupport.invokeWithinTransaction(TransactionAspectSupport.java:385) ~[spring-tx-6.1.1.jar!/:6.1.1]
	at org.springframework.transaction.interceptor.TransactionInterceptor.invoke(TransactionInterceptor.java:119) ~[spring-tx-6.1.1.jar!/:6.1.1]
	at org.springframework.aop.framework.ReflectiveMethodInvocation.proceed(ReflectiveMethodInvocation.java:184) ~[spring-aop-6.1.1.jar!/:6.1.1]
	at org.springframework.aop.framework.CglibAopProxy$CglibMethodInvocation.proceed(CglibAopProxy.java:765) ~[spring-aop-6.1.1.jar!/:6.1.1]
	at org.springframework.aop.framework.CglibAopProxy$DynamicAdvisedInterceptor.intercept(CglibAopProxy.java:717) ~[spring-aop-6.1.1.jar!/:6.1.1]
	at com.example.demo.service.EarthquakeShelterService$$SpringCGLIB$$0.syncData(<generated>) ~[!/:0.0.1-SNAPSHOT]
	at com.example.demo.controller.EarthquakeShelterController.syncEarthquakeShelters(EarthquakeShelterController.java:115) ~[!/:0.0.1-SNAPSHOT]
	at java.base/jdk.internal.reflect.NativeMethodAccessorImpl.invoke0(Native Method) ~[na:na]
	at java.base/jdk.internal.reflect.NativeMethodAccessorImpl.invoke(NativeMethodAccessorImpl.java:77) ~[na:na]
	at java.base/jdk.internal.reflect.DelegatingMethodAccessorImpl.invoke(DelegatingMethodAccessorImpl.java:43) ~[na:na]
	at java.base/java.lang.reflect.Method.invoke(Method.java:569) ~[na:na]
	at org.springframework.web.method.support.InvocableHandlerMethod.doInvoke(InvocableHandlerMethod.java:254) ~[spring-web-6.1.1.jar!/:6.1.1]
	at org.springframework.web.method.support.InvocableHandlerMethod.invokeForRequest(InvocableHandlerMethod.java:182) ~[spring-web-6.1.1.jar!/:6.1.1]
	at org.springframework.web.servlet.mvc.method.annotation.ServletInvocableHandlerMethod.invokeAndHandle(ServletInvocableHandlerMethod.java:118) ~[spring-webmvc-6.1.1.jar!/:6.1.1]
	at org.springframework.web.servlet.mvc.method.annotation.RequestMappingHandlerAdapter.invokeHandlerMethod(RequestMappingHandlerAdapter.java:917) ~[spring-webmvc-6.1.1.jar!/:6.1.1]
	at org.springframework.web.servlet.mvc.method.annotation.RequestMappingHandlerAdapter.handleInternal(RequestMappingHandlerAdapter.java:829) ~[spring-webmvc-6.1.1.jar!/:6.1.1]
	at org.springframework.web.servlet.mvc.method.AbstractHandlerMethodAdapter.handle(AbstractHandlerMethodAdapter.java:87) ~[spring-webmvc-6.1.1.jar!/:6.1.1]
	at org.springframework.web.servlet.DispatcherServlet.doDispatch(DispatcherServlet.java:1089) ~[spring-webmvc-6.1.1.jar!/:6.1.1]
	at org.springframework.web.servlet.DispatcherServlet.doService(DispatcherServlet.java:979) ~[spring-webmvc-6.1.1.jar!/:6.1.1]
	at org.springframework.web.servlet.FrameworkServlet.processRequest(FrameworkServlet.java:1014) ~[spring-webmvc-6.1.1.jar!/:6.1.1]
	at org.springframework.web.servlet.FrameworkServlet.doPost(FrameworkServlet.java:914) ~[spring-webmvc-6.1.1.jar!/:6.1.1]
	at jakarta.servlet.http.HttpServlet.service(HttpServlet.java:590) ~[tomcat-embed-core-10.1.16.jar!/:na]
	at org.springframework.web.servlet.FrameworkServlet.service(FrameworkServlet.java:885) ~[spring-webmvc-6.1.1.jar!/:6.1.1]
	at jakarta.servlet.http.HttpServlet.service(HttpServlet.java:658) ~[tomcat-embed-core-10.1.16.jar!/:na]
	at org.apache.catalina.core.ApplicationFilterChain.internalDoFilter(ApplicationFilterChain.java:205) ~[tomcat-embed-core-10.1.16.jar!/:na]
	at org.apache.catalina.core.ApplicationFilterChain.doFilter(ApplicationFilterChain.java:149) ~[tomcat-embed-core-10.1.16.jar!/:na]
	at org.apache.tomcat.websocket.server.WsFilter.doFilter(WsFilter.java:51) ~[tomcat-embed-websocket-10.1.16.jar!/:na]
	at org.apache.catalina.core.ApplicationFilterChain.internalDoFilter(ApplicationFilterChain.java:174) ~[tomcat-embed-core-10.1.16.jar!/:na]
	at org.apache.catalina.core.ApplicationFilterChain.doFilter(ApplicationFilterChain.java:149) ~[tomcat-embed-core-10.1.16.jar!/:na]
	at org.springframework.web.filter.RequestContextFilter.doFilterInternal(RequestContextFilter.java:100) ~[spring-web-6.1.1.jar!/:6.1.1]
	at org.springframework.web.filter.OncePerRequestFilter.doFilter(OncePerRequestFilter.java:116) ~[spring-web-6.1.1.jar!/:6.1.1]
	at org.apache.catalina.core.ApplicationFilterChain.internalDoFilter(ApplicationFilterChain.java:174) ~[tomcat-embed-core-10.1.16.jar!/:na]
	at org.apache.catalina.core.ApplicationFilterChain.doFilter(ApplicationFilterChain.java:149) ~[tomcat-embed-core-10.1.16.jar!/:na]
	at org.springframework.web.filter.FormContentFilter.doFilterInternal(FormContentFilter.java:93) ~[spring-web-6.1.1.jar!/:6.1.1]
	at org.springframework.web.filter.OncePerRequestFilter.doFilter(OncePerRequestFilter.java:116) ~[spring-web-6.1.1.jar!/:6.1.1]
	at org.apache.catalina.core.ApplicationFilterChain.internalDoFilter(ApplicationFilterChain.java:174) ~[tomcat-embed-core-10.1.16.jar!/:na]
	at org.apache.catalina.core.ApplicationFilterChain.doFilter(ApplicationFilterChain.java:149) ~[tomcat-embed-core-10.1.16.jar!/:na]
	at org.springframework.web.filter.ServerHttpObservationFilter.doFilterInternal(ServerHttpObservationFilter.java:109) ~[spring-web-6.1.1.jar!/:6.1.1]
	at org.springframework.web.filter.OncePerRequestFilter.doFilter(OncePerRequestFilter.java:116) ~[spring-web-6.1.1.jar!/:6.1.1]
	at org.apache.catalina.core.ApplicationFilterChain.internalDoFilter(ApplicationFilterChain.java:174) ~[tomcat-embed-core-10.1.16.jar!/:na]
	at org.apache.catalina.core.ApplicationFilterChain.doFilter(ApplicationFilterChain.java:149) ~[tomcat-embed-core-10.1.16.jar!/:na]
	at org.springframework.web.filter.CharacterEncodingFilter.doFilterInternal(CharacterEncodingFilter.java:201) ~[spring-web-6.1.1.jar!/:6.1.1]
	at org.springframework.web.filter.OncePerRequestFilter.doFilter(OncePerRequestFilter.java:116) ~[spring-web-6.1.1.jar!/:6.1.1]
	at org.apache.catalina.core.ApplicationFilterChain.internalDoFilter(ApplicationFilterChain.java:174) ~[tomcat-embed-core-10.1.16.jar!/:na]
	at org.apache.catalina.core.ApplicationFilterChain.doFilter(ApplicationFilterChain.java:149) ~[tomcat-embed-core-10.1.16.jar!/:na]
	at org.apache.catalina.core.StandardWrapperValve.invoke(StandardWrapperValve.java:167) ~[tomcat-embed-core-10.1.16.jar!/:na]
	at org.apache.catalina.core.StandardContextValve.invoke(StandardContextValve.java:90) ~[tomcat-embed-core-10.1.16.jar!/:na]
	at org.apache.catalina.authenticator.AuthenticatorBase.invoke(AuthenticatorBase.java:482) ~[tomcat-embed-core-10.1.16.jar!/:na]
	at org.apache.catalina.core.StandardHostValve.invoke(StandardHostValve.java:115) ~[tomcat-embed-core-10.1.16.jar!/:na]
	at org.apache.catalina.valves.ErrorReportValve.invoke(ErrorReportValve.java:93) ~[tomcat-embed-core-10.1.16.jar!/:na]
	at org.apache.catalina.core.StandardEngineValve.invoke(StandardEngineValve.java:74) ~[tomcat-embed-core-10.1.16.jar!/:na]
	at org.apache.catalina.connector.CoyoteAdapter.service(CoyoteAdapter.java:340) ~[tomcat-embed-core-10.1.16.jar!/:na]
	at org.apache.coyote.http11.Http11Processor.service(Http11Processor.java:391) ~[tomcat-embed-core-10.1.16.jar!/:na]
	at org.apache.coyote.AbstractProcessorLight.process(AbstractProcessorLight.java:63) ~[tomcat-embed-core-10.1.16.jar!/:na]
	at org.apache.coyote.AbstractProtocol$ConnectionHandler.process(AbstractProtocol.java:896) ~[tomcat-embed-core-10.1.16.jar!/:na]
	at org.apache.tomcat.util.net.NioEndpoint$SocketProcessor.doRun(NioEndpoint.java:1744) ~[tomcat-embed-core-10.1.16.jar!/:na]
	at org.apache.tomcat.util.net.SocketProcessorBase.run(SocketProcessorBase.java:52) ~[tomcat-embed-core-10.1.16.jar!/:na]
	at org.apache.tomcat.util.threads.ThreadPoolExecutor.runWorker(ThreadPoolExecutor.java:1191) ~[tomcat-embed-core-10.1.16.jar!/:na]
	at org.apache.tomcat.util.threads.ThreadPoolExecutor$Worker.run(ThreadPoolExecutor.java:659) ~[tomcat-embed-core-10.1.16.jar!/:na]
	at org.apache.tomcat.util.threads.TaskThread$WrappingRunnable.run(TaskThread.java:61) ~[tomcat-embed-core-10.1.16.jar!/:na]
	at java.base/java.lang.Thread.run(Thread.java:840) ~[na:na]

Hibernate: select fs1_0.shlt_id,fs1_0.ctpv_nm,fs1_0.daddr,fs1_0.fclt_nm,fs1_0.lat,fs1_0.lot,fs1_0.mng_dept_nm,fs1_0.sgg_nm from flood fs1_0 limit ?,?
Hibernate: select count(fs1_0.shlt_id) from flood fs1_0
>>> 홍수 대피소 파이썬 DB 연동 실행
python: can't open file '/root/admin/target/scripts/excel_to_mysql.py': [Errno 2] No such file or directory
java.lang.RuntimeException: 홍수 파이썬 스크립트 실행 실패 (Exit Code: 2)
	at com.example.demo.service.FloodShelterService.syncData(FloodShelterService.java:62)
	at java.base/jdk.internal.reflect.NativeMethodAccessorImpl.invoke0(Native Method)
	at java.base/jdk.internal.reflect.NativeMethodAccessorImpl.invoke(NativeMethodAccessorImpl.java:77)
	at java.base/jdk.internal.reflect.DelegatingMethodAccessorImpl.invoke(DelegatingMethodAccessorImpl.java:43)
	at java.base/java.lang.reflect.Method.invoke(Method.java:569)
	at org.springframework.aop.support.AopUtils.invokeJoinpointUsingReflection(AopUtils.java:352)
	at org.springframework.aop.framework.ReflectiveMethodInvocation.invokeJoinpoint(ReflectiveMethodInvocation.java:196)
	at org.springframework.aop.framework.ReflectiveMethodInvocation.proceed(ReflectiveMethodInvocation.java:163)
	at org.springframework.aop.framework.CglibAopProxy$CglibMethodInvocation.proceed(CglibAopProxy.java:765)
	at org.springframework.transaction.interceptor.TransactionInterceptor$1.proceedWithInvocation(TransactionInterceptor.java:123)
	at org.springframework.transaction.interceptor.TransactionAspectSupport.invokeWithinTransaction(TransactionAspectSupport.java:385)
	at org.springframework.transaction.interceptor.TransactionInterceptor.invoke(TransactionInterceptor.java:119)
	at org.springframework.aop.framework.ReflectiveMethodInvocation.proceed(ReflectiveMethodInvocation.java:184)
	at org.springframework.aop.framework.CglibAopProxy$CglibMethodInvocation.proceed(CglibAopProxy.java:765)
	at org.springframework.aop.framework.CglibAopProxy$DynamicAdvisedInterceptor.intercept(CglibAopProxy.java:717)
	at com.example.demo.service.FloodShelterService$$SpringCGLIB$$0.syncData(<generated>)
	at com.example.demo.controller.FloodShelterController.syncFloodShelters(FloodShelterController.java:111)
	at java.base/jdk.internal.reflect.NativeMethodAccessorImpl.invoke0(Native Method)
	at java.base/jdk.internal.reflect.NativeMethodAccessorImpl.invoke(NativeMethodAccessorImpl.java:77)
	at java.base/jdk.internal.reflect.DelegatingMethodAccessorImpl.invoke(DelegatingMethodAccessorImpl.java:43)
	at java.base/java.lang.reflect.Method.invoke(Method.java:569)
	at org.springframework.web.method.support.InvocableHandlerMethod.doInvoke(InvocableHandlerMethod.java:254)
	at org.springframework.web.method.support.InvocableHandlerMethod.invokeForRequest(InvocableHandlerMethod.java:182)
	at org.springframework.web.servlet.mvc.method.annotation.ServletInvocableHandlerMethod.invokeAndHandle(ServletInvocableHandlerMethod.java:118)
	at org.springframework.web.servlet.mvc.method.annotation.RequestMappingHandlerAdapter.invokeHandlerMethod(RequestMappingHandlerAdapter.java:917)
	at org.springframework.web.servlet.mvc.method.annotation.RequestMappingHandlerAdapter.handleInternal(RequestMappingHandlerAdapter.java:829)
	at org.springframework.web.servlet.mvc.method.AbstractHandlerMethodAdapter.handle(AbstractHandlerMethodAdapter.java:87)
	at org.springframework.web.servlet.DispatcherServlet.doDispatch(DispatcherServlet.java:1089)
	at org.springframework.web.servlet.DispatcherServlet.doService(DispatcherServlet.java:979)
	at org.springframework.web.servlet.FrameworkServlet.processRequest(FrameworkServlet.java:1014)
	at org.springframework.web.servlet.FrameworkServlet.doPost(FrameworkServlet.java:914)
	at jakarta.servlet.http.HttpServlet.service(HttpServlet.java:590)
	at org.springframework.web.servlet.FrameworkServlet.service(FrameworkServlet.java:885)
	at jakarta.servlet.http.HttpServlet.service(HttpServlet.java:658)
	at org.apache.catalina.core.ApplicationFilterChain.internalDoFilter(ApplicationFilterChain.java:205)
	at org.apache.catalina.core.ApplicationFilterChain.doFilter(ApplicationFilterChain.java:149)
	at org.apache.tomcat.websocket.server.WsFilter.doFilter(WsFilter.java:51)
	at org.apache.catalina.core.ApplicationFilterChain.internalDoFilter(ApplicationFilterChain.java:174)
	at org.apache.catalina.core.ApplicationFilterChain.doFilter(ApplicationFilterChain.java:149)
	at org.springframework.web.filter.RequestContextFilter.doFilterInternal(RequestContextFilter.java:100)
	at org.springframework.web.filter.OncePerRequestFilter.doFilter(OncePerRequestFilter.java:116)
	at org.apache.catalina.core.ApplicationFilterChain.internalDoFilter(ApplicationFilterChain.java:174)
	at org.apache.catalina.core.ApplicationFilterChain.doFilter(ApplicationFilterChain.java:149)
	at org.springframework.web.filter.FormContentFilter.doFilterInternal(FormContentFilter.java:93)
	at org.springframework.web.filter.OncePerRequestFilter.doFilter(OncePerRequestFilter.java:116)
	at org.apache.catalina.core.ApplicationFilterChain.internalDoFilter(ApplicationFilterChain.java:174)
	at org.apache.catalina.core.ApplicationFilterChain.doFilter(ApplicationFilterChain.java:149)
	at org.springframework.web.filter.ServerHttpObservationFilter.doFilterInternal(ServerHttpObservationFilter.java:109)
	at org.springframework.web.filter.OncePerRequestFilter.doFilter(OncePerRequestFilter.java:116)
	at org.apache.catalina.core.ApplicationFilterChain.internalDoFilter(ApplicationFilterChain.java:174)
	at org.apache.catalina.core.ApplicationFilterChain.doFilter(ApplicationFilterChain.java:149)
	at org.springframework.web.filter.CharacterEncodingFilter.doFilterInternal(CharacterEncodingFilter.java:201)
	at org.springframework.web.filter.OncePerRequestFilter.doFilter(OncePerRequestFilter.java:116)
	at org.apache.catalina.core.ApplicationFilterChain.internalDoFilter(ApplicationFilterChain.java:174)
	at org.apache.catalina.core.ApplicationFilterChain.doFilter(ApplicationFilterChain.java:149)
	at org.apache.catalina.core.StandardWrapperValve.invoke(StandardWrapperValve.java:167)
	at org.apache.catalina.core.StandardContextValve.invoke(StandardContextValve.java:90)
	at org.apache.catalina.authenticator.AuthenticatorBase.invoke(AuthenticatorBase.java:482)
	at org.apache.catalina.core.StandardHostValve.invoke(StandardHostValve.java:115)
	at org.apache.catalina.valves.ErrorReportValve.invoke(ErrorReportValve.java:93)
	at org.apache.catalina.core.StandardEngineValve.invoke(StandardEngineValve.java:74)
	at org.apache.catalina.connector.CoyoteAdapter.service(CoyoteAdapter.java:340)
	at org.apache.coyote.http11.Http11Processor.service(Http11Processor.java:391)
	at org.apache.coyote.AbstractProcessorLight.process(AbstractProcessorLight.java:63)
	at org.apache.coyote.AbstractProtocol$ConnectionHandler.process(AbstractProtocol.java:896)
	at org.apache.tomcat.util.net.NioEndpoint$SocketProcessor.doRun(NioEndpoint.java:1744)
	at org.apache.tomcat.util.net.SocketProcessorBase.run(SocketProcessorBase.java:52)
	at org.apache.tomcat.util.threads.ThreadPoolExecutor.runWorker(ThreadPoolExecutor.java:1191)
	at org.apache.tomcat.util.threads.ThreadPoolExecutor$Worker.run(ThreadPoolExecutor.java:659)
	at org.apache.tomcat.util.threads.TaskThread$WrappingRunnable.run(TaskThread.java:61)
	at java.base/java.lang.Thread.run(Thread.java:840)
2026-09-01T14:04:50.557+09:00 ERROR 8324 --- [nio-8080-exec-9] o.a.c.c.C.[.[.[/].[dispatcherServlet]    : Servlet.service() for servlet [dispatcherServlet] in context with path [] threw exception [Request processing failed: java.lang.RuntimeException: 홍수 DB 연동 중 오류 발생: 홍수 파이썬 스크립트 실행 실패 (Exit Code: 2)] with root cause

java.lang.RuntimeException: 홍수 DB 연동 중 오류 발생: 홍수 파이썬 스크립트 실행 실패 (Exit Code: 2)
	at com.example.demo.service.FloodShelterService.syncData(FloodShelterService.java:67) ~[!/:0.0.1-SNAPSHOT]
	at java.base/jdk.internal.reflect.NativeMethodAccessorImpl.invoke0(Native Method) ~[na:na]
	at java.base/jdk.internal.reflect.NativeMethodAccessorImpl.invoke(NativeMethodAccessorImpl.java:77) ~[na:na]
	at java.base/jdk.internal.reflect.DelegatingMethodAccessorImpl.invoke(DelegatingMethodAccessorImpl.java:43) ~[na:na]
	at java.base/java.lang.reflect.Method.invoke(Method.java:569) ~[na:na]
	at org.springframework.aop.support.AopUtils.invokeJoinpointUsingReflection(AopUtils.java:352) ~[spring-aop-6.1.1.jar!/:6.1.1]
	at org.springframework.aop.framework.ReflectiveMethodInvocation.invokeJoinpoint(ReflectiveMethodInvocation.java:196) ~[spring-aop-6.1.1.jar!/:6.1.1]
	at org.springframework.aop.framework.ReflectiveMethodInvocation.proceed(ReflectiveMethodInvocation.java:163) ~[spring-aop-6.1.1.jar!/:6.1.1]
	at org.springframework.aop.framework.CglibAopProxy$CglibMethodInvocation.proceed(CglibAopProxy.java:765) ~[spring-aop-6.1.1.jar!/:6.1.1]
	at org.springframework.transaction.interceptor.TransactionInterceptor$1.proceedWithInvocation(TransactionInterceptor.java:123) ~[spring-tx-6.1.1.jar!/:6.1.1]
	at org.springframework.transaction.interceptor.TransactionAspectSupport.invokeWithinTransaction(TransactionAspectSupport.java:385) ~[spring-tx-6.1.1.jar!/:6.1.1]
	at org.springframework.transaction.interceptor.TransactionInterceptor.invoke(TransactionInterceptor.java:119) ~[spring-tx-6.1.1.jar!/:6.1.1]
	at org.springframework.aop.framework.ReflectiveMethodInvocation.proceed(ReflectiveMethodInvocation.java:184) ~[spring-aop-6.1.1.jar!/:6.1.1]
	at org.springframework.aop.framework.CglibAopProxy$CglibMethodInvocation.proceed(CglibAopProxy.java:765) ~[spring-aop-6.1.1.jar!/:6.1.1]
	at org.springframework.aop.framework.CglibAopProxy$DynamicAdvisedInterceptor.intercept(CglibAopProxy.java:717) ~[spring-aop-6.1.1.jar!/:6.1.1]
	at com.example.demo.service.FloodShelterService$$SpringCGLIB$$0.syncData(<generated>) ~[!/:0.0.1-SNAPSHOT]
	at com.example.demo.controller.FloodShelterController.syncFloodShelters(FloodShelterController.java:111) ~[!/:0.0.1-SNAPSHOT]
	at java.base/jdk.internal.reflect.NativeMethodAccessorImpl.invoke0(Native Method) ~[na:na]
	at java.base/jdk.internal.reflect.NativeMethodAccessorImpl.invoke(NativeMethodAccessorImpl.java:77) ~[na:na]
	at java.base/jdk.internal.reflect.DelegatingMethodAccessorImpl.invoke(DelegatingMethodAccessorImpl.java:43) ~[na:na]
	at java.base/java.lang.reflect.Method.invoke(Method.java:569) ~[na:na]
	at org.springframework.web.method.support.InvocableHandlerMethod.doInvoke(InvocableHandlerMethod.java:254) ~[spring-web-6.1.1.jar!/:6.1.1]
	at org.springframework.web.method.support.InvocableHandlerMethod.invokeForRequest(InvocableHandlerMethod.java:182) ~[spring-web-6.1.1.jar!/:6.1.1]
	at org.springframework.web.servlet.mvc.method.annotation.ServletInvocableHandlerMethod.invokeAndHandle(ServletInvocableHandlerMethod.java:118) ~[spring-webmvc-6.1.1.jar!/:6.1.1]
	at org.springframework.web.servlet.mvc.method.annotation.RequestMappingHandlerAdapter.invokeHandlerMethod(RequestMappingHandlerAdapter.java:917) ~[spring-webmvc-6.1.1.jar!/:6.1.1]
	at org.springframework.web.servlet.mvc.method.annotation.RequestMappingHandlerAdapter.handleInternal(RequestMappingHandlerAdapter.java:829) ~[spring-webmvc-6.1.1.jar!/:6.1.1]
	at org.springframework.web.servlet.mvc.method.AbstractHandlerMethodAdapter.handle(AbstractHandlerMethodAdapter.java:87) ~[spring-webmvc-6.1.1.jar!/:6.1.1]
	at org.springframework.web.servlet.DispatcherServlet.doDispatch(DispatcherServlet.java:1089) ~[spring-webmvc-6.1.1.jar!/:6.1.1]
	at org.springframework.web.servlet.DispatcherServlet.doService(DispatcherServlet.java:979) ~[spring-webmvc-6.1.1.jar!/:6.1.1]
	at org.springframework.web.servlet.FrameworkServlet.processRequest(FrameworkServlet.java:1014) ~[spring-webmvc-6.1.1.jar!/:6.1.1]
	at org.springframework.web.servlet.FrameworkServlet.doPost(FrameworkServlet.java:914) ~[spring-webmvc-6.1.1.jar!/:6.1.1]
	at jakarta.servlet.http.HttpServlet.service(HttpServlet.java:590) ~[tomcat-embed-core-10.1.16.jar!/:na]
	at org.springframework.web.servlet.FrameworkServlet.service(FrameworkServlet.java:885) ~[spring-webmvc-6.1.1.jar!/:6.1.1]
	at jakarta.servlet.http.HttpServlet.service(HttpServlet.java:658) ~[tomcat-embed-core-10.1.16.jar!/:na]
	at org.apache.catalina.core.ApplicationFilterChain.internalDoFilter(ApplicationFilterChain.java:205) ~[tomcat-embed-core-10.1.16.jar!/:na]
	at org.apache.catalina.core.ApplicationFilterChain.doFilter(ApplicationFilterChain.java:149) ~[tomcat-embed-core-10.1.16.jar!/:na]
	at org.apache.tomcat.websocket.server.WsFilter.doFilter(WsFilter.java:51) ~[tomcat-embed-websocket-10.1.16.jar!/:na]
	at org.apache.catalina.core.ApplicationFilterChain.internalDoFilter(ApplicationFilterChain.java:174) ~[tomcat-embed-core-10.1.16.jar!/:na]
	at org.apache.catalina.core.ApplicationFilterChain.doFilter(ApplicationFilterChain.java:149) ~[tomcat-embed-core-10.1.16.jar!/:na]
	at org.springframework.web.filter.RequestContextFilter.doFilterInternal(RequestContextFilter.java:100) ~[spring-web-6.1.1.jar!/:6.1.1]
	at org.springframework.web.filter.OncePerRequestFilter.doFilter(OncePerRequestFilter.java:116) ~[spring-web-6.1.1.jar!/:6.1.1]
	at org.apache.catalina.core.ApplicationFilterChain.internalDoFilter(ApplicationFilterChain.java:174) ~[tomcat-embed-core-10.1.16.jar!/:na]
	at org.apache.catalina.core.ApplicationFilterChain.doFilter(ApplicationFilterChain.java:149) ~[tomcat-embed-core-10.1.16.jar!/:na]
	at org.springframework.web.filter.FormContentFilter.doFilterInternal(FormContentFilter.java:93) ~[spring-web-6.1.1.jar!/:6.1.1]
	at org.springframework.web.filter.OncePerRequestFilter.doFilter(OncePerRequestFilter.java:116) ~[spring-web-6.1.1.jar!/:6.1.1]
	at org.apache.catalina.core.ApplicationFilterChain.internalDoFilter(ApplicationFilterChain.java:174) ~[tomcat-embed-core-10.1.16.jar!/:na]
	at org.apache.catalina.core.ApplicationFilterChain.doFilter(ApplicationFilterChain.java:149) ~[tomcat-embed-core-10.1.16.jar!/:na]
	at org.springframework.web.filter.ServerHttpObservationFilter.doFilterInternal(ServerHttpObservationFilter.java:109) ~[spring-web-6.1.1.jar!/:6.1.1]
	at org.springframework.web.filter.OncePerRequestFilter.doFilter(OncePerRequestFilter.java:116) ~[spring-web-6.1.1.jar!/:6.1.1]
	at org.apache.catalina.core.ApplicationFilterChain.internalDoFilter(ApplicationFilterChain.java:174) ~[tomcat-embed-core-10.1.16.jar!/:na]
	at org.apache.catalina.core.ApplicationFilterChain.doFilter(ApplicationFilterChain.java:149) ~[tomcat-embed-core-10.1.16.jar!/:na]
	at org.springframework.web.filter.CharacterEncodingFilter.doFilterInternal(CharacterEncodingFilter.java:201) ~[spring-web-6.1.1.jar!/:6.1.1]
	at org.springframework.web.filter.OncePerRequestFilter.doFilter(OncePerRequestFilter.java:116) ~[spring-web-6.1.1.jar!/:6.1.1]
	at org.apache.catalina.core.ApplicationFilterChain.internalDoFilter(ApplicationFilterChain.java:174) ~[tomcat-embed-core-10.1.16.jar!/:na]
	at org.apache.catalina.core.ApplicationFilterChain.doFilter(ApplicationFilterChain.java:149) ~[tomcat-embed-core-10.1.16.jar!/:na]
	at org.apache.catalina.core.StandardWrapperValve.invoke(StandardWrapperValve.java:167) ~[tomcat-embed-core-10.1.16.jar!/:na]
	at org.apache.catalina.core.StandardContextValve.invoke(StandardContextValve.java:90) ~[tomcat-embed-core-10.1.16.jar!/:na]
	at org.apache.catalina.authenticator.AuthenticatorBase.invoke(AuthenticatorBase.java:482) ~[tomcat-embed-core-10.1.16.jar!/:na]
	at org.apache.catalina.core.StandardHostValve.invoke(StandardHostValve.java:115) ~[tomcat-embed-core-10.1.16.jar!/:na]
	at org.apache.catalina.valves.ErrorReportValve.invoke(ErrorReportValve.java:93) ~[tomcat-embed-core-10.1.16.jar!/:na]
	at org.apache.catalina.core.StandardEngineValve.invoke(StandardEngineValve.java:74) ~[tomcat-embed-core-10.1.16.jar!/:na]
	at org.apache.catalina.connector.CoyoteAdapter.service(CoyoteAdapter.java:340) ~[tomcat-embed-core-10.1.16.jar!/:na]
	at org.apache.coyote.http11.Http11Processor.service(Http11Processor.java:391) ~[tomcat-embed-core-10.1.16.jar!/:na]
	at org.apache.coyote.AbstractProcessorLight.process(AbstractProcessorLight.java:63) ~[tomcat-embed-core-10.1.16.jar!/:na]
	at org.apache.coyote.AbstractProtocol$ConnectionHandler.process(AbstractProtocol.java:896) ~[tomcat-embed-core-10.1.16.jar!/:na]
	at org.apache.tomcat.util.net.NioEndpoint$SocketProcessor.doRun(NioEndpoint.java:1744) ~[tomcat-embed-core-10.1.16.jar!/:na]
	at org.apache.tomcat.util.net.SocketProcessorBase.run(SocketProcessorBase.java:52) ~[tomcat-embed-core-10.1.16.jar!/:na]
	at org.apache.tomcat.util.threads.ThreadPoolExecutor.runWorker(ThreadPoolExecutor.java:1191) ~[tomcat-embed-core-10.1.16.jar!/:na]
	at org.apache.tomcat.util.threads.ThreadPoolExecutor$Worker.run(ThreadPoolExecutor.java:659) ~[tomcat-embed-core-10.1.16.jar!/:na]
	at org.apache.tomcat.util.threads.TaskThread$WrappingRunnable.run(TaskThread.java:61) ~[tomcat-embed-core-10.1.16.jar!/:na]
	at java.base/java.lang.Thread.run(Thread.java:840) ~[na:na]

Hibernate: select ars1_0.shlt_id,ars1_0.ctpv_nm,ars1_0.daddr,ars1_0.fclt_nm,ars1_0.lat,ars1_0.lot,ars1_0.mng_dept_nm,ars1_0.sgg_nm from airstrike ars1_0 limit ?,?
Hibernate: select es1_0.shlt_id,es1_0.ctpv_nm,es1_0.daddr,es1_0.fclt_nm,es1_0.lat,es1_0.lot,es1_0.mng_dept_nm,es1_0.sgg_nm from earthquake es1_0 limit ?,?
Hibernate: select count(es1_0.shlt_id) from earthquake es1_0
Hibernate: select ars1_0.shlt_id,ars1_0.ctpv_nm,ars1_0.daddr,ars1_0.fclt_nm,ars1_0.lat,ars1_0.lot,ars1_0.mng_dept_nm,ars1_0.sgg_nm from airstrike ars1_0 limit ?,?
Hibernate: select es1_0.shlt_id,es1_0.ctpv_nm,es1_0.daddr,es1_0.fclt_nm,es1_0.lat,es1_0.lot,es1_0.mng_dept_nm,es1_0.sgg_nm from earthquake es1_0 limit ?,?
Hibernate: select count(es1_0.shlt_id) from earthquake es1_0
Hibernate: select fs1_0.shlt_id,fs1_0.ctpv_nm,fs1_0.daddr,fs1_0.fclt_nm,fs1_0.lat,fs1_0.lot,fs1_0.mng_dept_nm,fs1_0.sgg_nm from flood fs1_0 limit ?,?
Hibernate: select count(fs1_0.shlt_id) from flood fs1_0
Hibernate: select ars1_0.shlt_id,ars1_0.ctpv_nm,ars1_0.daddr,ars1_0.fclt_nm,ars1_0.lat,ars1_0.lot,ars1_0.mng_dept_nm,ars1_0.sgg_nm from airstrike ars1_0 limit ?,?
Hibernate: select ars1_0.shlt_id,ars1_0.ctpv_nm,ars1_0.daddr,ars1_0.fclt_nm,ars1_0.lat,ars1_0.lot,ars1_0.mng_dept_nm,ars1_0.sgg_nm from airstrike ars1_0 limit ?,?
Hibernate: select count(ars1_0.shlt_id) from airstrike ars1_0
Hibernate: select ars1_0.shlt_id,ars1_0.ctpv_nm,ars1_0.daddr,ars1_0.fclt_nm,ars1_0.lat,ars1_0.lot,ars1_0.mng_dept_nm,ars1_0.sgg_nm from airstrike ars1_0 where ars1_0.fclt_nm like ? escape '\\' or ars1_0.daddr like ? escape '\\' limit ?,?
Hibernate: select ars1_0.shlt_id,ars1_0.ctpv_nm,ars1_0.daddr,ars1_0.fclt_nm,ars1_0.lat,ars1_0.lot,ars1_0.mng_dept_nm,ars1_0.sgg_nm from airstrike ars1_0 where ars1_0.fclt_nm like ? escape '\\' or ars1_0.daddr like ? escape '\\' limit ?,?
Hibernate: select ars1_0.shlt_id,ars1_0.ctpv_nm,ars1_0.daddr,ars1_0.fclt_nm,ars1_0.lat,ars1_0.lot,ars1_0.mng_dept_nm,ars1_0.sgg_nm from airstrike ars1_0 where ars1_0.shlt_id=?
Hibernate: insert into airstrike (ctpv_nm,daddr,fclt_nm,lat,lot,mng_dept_nm,sgg_nm,shlt_id) values (?,?,?,?,?,?,?,?)
Hibernate: select ars1_0.shlt_id,ars1_0.ctpv_nm,ars1_0.daddr,ars1_0.fclt_nm,ars1_0.lat,ars1_0.lot,ars1_0.mng_dept_nm,ars1_0.sgg_nm from airstrike ars1_0 limit ?,?
Hibernate: select count(ars1_0.shlt_id) from airstrike ars1_0
Hibernate: select ars1_0.shlt_id,ars1_0.ctpv_nm,ars1_0.daddr,ars1_0.fclt_nm,ars1_0.lat,ars1_0.lot,ars1_0.mng_dept_nm,ars1_0.sgg_nm from airstrike ars1_0 where ars1_0.fclt_nm like ? escape '\\' or ars1_0.daddr like ? escape '\\' limit ?,?
Hibernate: select ars1_0.shlt_id,ars1_0.ctpv_nm,ars1_0.daddr,ars1_0.fclt_nm,ars1_0.lat,ars1_0.lot,ars1_0.mng_dept_nm,ars1_0.sgg_nm from airstrike ars1_0 where ars1_0.fclt_nm like ? escape '\\' or ars1_0.daddr like ? escape '\\' limit ?,?
Hibernate: select ars1_0.shlt_id,ars1_0.ctpv_nm,ars1_0.daddr,ars1_0.fclt_nm,ars1_0.lat,ars1_0.lot,ars1_0.mng_dept_nm,ars1_0.sgg_nm from airstrike ars1_0 where ars1_0.shlt_id=?
Hibernate: insert into airstrike (ctpv_nm,daddr,fclt_nm,lat,lot,mng_dept_nm,sgg_nm,shlt_id) values (?,?,?,?,?,?,?,?)
Hibernate: select ars1_0.shlt_id,ars1_0.ctpv_nm,ars1_0.daddr,ars1_0.fclt_nm,ars1_0.lat,ars1_0.lot,ars1_0.mng_dept_nm,ars1_0.sgg_nm from airstrike ars1_0 limit ?,?
Hibernate: select count(ars1_0.shlt_id) from airstrike ars1_0
Hibernate: select fs1_0.shlt_id,fs1_0.ctpv_nm,fs1_0.daddr,fs1_0.fclt_nm,fs1_0.lat,fs1_0.lot,fs1_0.mng_dept_nm,fs1_0.sgg_nm from flood fs1_0 limit ?,?
Hibernate: select count(fs1_0.shlt_id) from flood fs1_0
Hibernate: select fs1_0.shlt_id,fs1_0.ctpv_nm,fs1_0.daddr,fs1_0.fclt_nm,fs1_0.lat,fs1_0.lot,fs1_0.mng_dept_nm,fs1_0.sgg_nm from flood fs1_0 where fs1_0.fclt_nm like ? escape '\\' or fs1_0.daddr like ? escape '\\' limit ?,?
Hibernate: select ars1_0.shlt_id,ars1_0.ctpv_nm,ars1_0.daddr,ars1_0.fclt_nm,ars1_0.lat,ars1_0.lot,ars1_0.mng_dept_nm,ars1_0.sgg_nm from airstrike ars1_0 limit ?,?
Hibernate: select count(ars1_0.shlt_id) from airstrike ars1_0
Hibernate: select es1_0.shlt_id,es1_0.ctpv_nm,es1_0.daddr,es1_0.fclt_nm,es1_0.lat,es1_0.lot,es1_0.mng_dept_nm,es1_0.sgg_nm from earthquake es1_0 limit ?,?
Hibernate: select count(es1_0.shlt_id) from earthquake es1_0
Hibernate: select es1_0.shlt_id,es1_0.ctpv_nm,es1_0.daddr,es1_0.fclt_nm,es1_0.lat,es1_0.lot,es1_0.mng_dept_nm,es1_0.sgg_nm from earthquake es1_0 limit ?,?
Hibernate: select count(es1_0.shlt_id) from earthquake es1_0
Hibernate: select es1_0.shlt_id,es1_0.ctpv_nm,es1_0.daddr,es1_0.fclt_nm,es1_0.lat,es1_0.lot,es1_0.mng_dept_nm,es1_0.sgg_nm from earthquake es1_0 limit ?,?
Hibernate: select count(es1_0.shlt_id) from earthquake es1_0
Hibernate: select fs1_0.shlt_id,fs1_0.ctpv_nm,fs1_0.daddr,fs1_0.fclt_nm,fs1_0.lat,fs1_0.lot,fs1_0.mng_dept_nm,fs1_0.sgg_nm from flood fs1_0 limit ?,?
Hibernate: select count(fs1_0.shlt_id) from flood fs1_0
Hibernate: select fs1_0.shlt_id,fs1_0.ctpv_nm,fs1_0.daddr,fs1_0.fclt_nm,fs1_0.lat,fs1_0.lot,fs1_0.mng_dept_nm,fs1_0.sgg_nm from flood fs1_0 where fs1_0.shlt_id=?
Hibernate: insert into flood (ctpv_nm,daddr,fclt_nm,lat,lot,mng_dept_nm,sgg_nm,shlt_id) values (?,?,?,?,?,?,?,?)
2026-09-01T15:03:12.458+09:00  WARN 8324 --- [nio-8080-exec-2] o.h.engine.jdbc.spi.SqlExceptionHelper   : SQL Error: 1366, SQLState: HY000
2026-09-01T15:03:12.458+09:00 ERROR 8324 --- [nio-8080-exec-2] o.h.engine.jdbc.spi.SqlExceptionHelper   : Incorrect integer value: 'FL_1baa7fae-27b3-47b0-abfc-0a414209853a' for column 'shlt_id' at row 1
2026-09-01T15:03:12.473+09:00 ERROR 8324 --- [nio-8080-exec-2] o.a.c.c.C.[.[.[/].[dispatcherServlet]    : Servlet.service() for servlet [dispatcherServlet] in context with path [] threw exception [Request processing failed: org.springframework.orm.jpa.JpaSystemException: could not execute statement [Incorrect integer value: 'FL_1baa7fae-27b3-47b0-abfc-0a414209853a' for column 'shlt_id' at row 1] [insert into flood (ctpv_nm,daddr,fclt_nm,lat,lot,mng_dept_nm,sgg_nm,shlt_id) values (?,?,?,?,?,?,?,?)]] with root cause

java.sql.SQLException: Incorrect integer value: 'FL_1baa7fae-27b3-47b0-abfc-0a414209853a' for column 'shlt_id' at row 1
	at com.mysql.cj.jdbc.exceptions.SQLError.createSQLException(SQLError.java:130) ~[mysql-connector-j-8.1.0.jar!/:8.1.0]
	at com.mysql.cj.jdbc.exceptions.SQLExceptionsMapping.translateException(SQLExceptionsMapping.java:122) ~[mysql-connector-j-8.1.0.jar!/:8.1.0]
	at com.mysql.cj.jdbc.ClientPreparedStatement.executeInternal(ClientPreparedStatement.java:916) ~[mysql-connector-j-8.1.0.jar!/:8.1.0]
	at com.mysql.cj.jdbc.ClientPreparedStatement.executeUpdateInternal(ClientPreparedStatement.java:1061) ~[mysql-connector-j-8.1.0.jar!/:8.1.0]
	at com.mysql.cj.jdbc.ClientPreparedStatement.executeUpdateInternal(ClientPreparedStatement.java:1009) ~[mysql-connector-j-8.1.0.jar!/:8.1.0]
	at com.mysql.cj.jdbc.ClientPreparedStatement.executeLargeUpdate(ClientPreparedStatement.java:1320) ~[mysql-connector-j-8.1.0.jar!/:8.1.0]
	at com.mysql.cj.jdbc.ClientPreparedStatement.executeUpdate(ClientPreparedStatement.java:994) ~[mysql-connector-j-8.1.0.jar!/:8.1.0]
	at com.zaxxer.hikari.pool.ProxyPreparedStatement.executeUpdate(ProxyPreparedStatement.java:61) ~[HikariCP-5.0.1.jar!/:na]
	at com.zaxxer.hikari.pool.HikariProxyPreparedStatement.executeUpdate(HikariProxyPreparedStatement.java) ~[HikariCP-5.0.1.jar!/:na]
	at org.hibernate.engine.jdbc.internal.ResultSetReturnImpl.executeUpdate(ResultSetReturnImpl.java:280) ~[hibernate-core-6.3.1.Final.jar!/:6.3.1.Final]
	at org.hibernate.engine.jdbc.mutation.internal.AbstractMutationExecutor.performNonBatchedMutation(AbstractMutationExecutor.java:107) ~[hibernate-core-6.3.1.Final.jar!/:6.3.1.Final]
	at org.hibernate.engine.jdbc.mutation.internal.MutationExecutorSingleNonBatched.performNonBatchedOperations(MutationExecutorSingleNonBatched.java:40) ~[hibernate-core-6.3.1.Final.jar!/:6.3.1.Final]
	at org.hibernate.engine.jdbc.mutation.internal.AbstractMutationExecutor.execute(AbstractMutationExecutor.java:52) ~[hibernate-core-6.3.1.Final.jar!/:6.3.1.Final]
	at org.hibernate.persister.entity.mutation.InsertCoordinator.doStaticInserts(InsertCoordinator.java:171) ~[hibernate-core-6.3.1.Final.jar!/:6.3.1.Final]
	at org.hibernate.persister.entity.mutation.InsertCoordinator.coordinateInsert(InsertCoordinator.java:112) ~[hibernate-core-6.3.1.Final.jar!/:6.3.1.Final]
	at org.hibernate.persister.entity.AbstractEntityPersister.insert(AbstractEntityPersister.java:2865) ~[hibernate-core-6.3.1.Final.jar!/:6.3.1.Final]
	at org.hibernate.action.internal.EntityInsertAction.execute(EntityInsertAction.java:102) ~[hibernate-core-6.3.1.Final.jar!/:6.3.1.Final]
	at org.hibernate.engine.spi.ActionQueue.executeActions(ActionQueue.java:631) ~[hibernate-core-6.3.1.Final.jar!/:6.3.1.Final]
	at org.hibernate.engine.spi.ActionQueue.executeActions(ActionQueue.java:498) ~[hibernate-core-6.3.1.Final.jar!/:6.3.1.Final]
	at org.hibernate.event.internal.AbstractFlushingEventListener.performExecutions(AbstractFlushingEventListener.java:363) ~[hibernate-core-6.3.1.Final.jar!/:6.3.1.Final]
	at org.hibernate.event.internal.DefaultFlushEventListener.onFlush(DefaultFlushEventListener.java:39) ~[hibernate-core-6.3.1.Final.jar!/:6.3.1.Final]
	at org.hibernate.event.service.internal.EventListenerGroupImpl.fireEventOnEachListener(EventListenerGroupImpl.java:127) ~[hibernate-core-6.3.1.Final.jar!/:6.3.1.Final]
	at org.hibernate.internal.SessionImpl.doFlush(SessionImpl.java:1415) ~[hibernate-core-6.3.1.Final.jar!/:6.3.1.Final]
	at org.hibernate.internal.SessionImpl.managedFlush(SessionImpl.java:496) ~[hibernate-core-6.3.1.Final.jar!/:6.3.1.Final]
	at org.hibernate.internal.SessionImpl.flushBeforeTransactionCompletion(SessionImpl.java:2325) ~[hibernate-core-6.3.1.Final.jar!/:6.3.1.Final]
	at org.hibernate.internal.SessionImpl.beforeTransactionCompletion(SessionImpl.java:1988) ~[hibernate-core-6.3.1.Final.jar!/:6.3.1.Final]
	at org.hibernate.engine.jdbc.internal.JdbcCoordinatorImpl.beforeTransactionCompletion(JdbcCoordinatorImpl.java:439) ~[hibernate-core-6.3.1.Final.jar!/:6.3.1.Final]
	at org.hibernate.resource.transaction.backend.jdbc.internal.JdbcResourceLocalTransactionCoordinatorImpl.beforeCompletionCallback(JdbcResourceLocalTransactionCoordinatorImpl.java:169) ~[hibernate-core-6.3.1.Final.jar!/:6.3.1.Final]
	at org.hibernate.resource.transaction.backend.jdbc.internal.JdbcResourceLocalTransactionCoordinatorImpl$TransactionDriverControlImpl.commit(JdbcResourceLocalTransactionCoordinatorImpl.java:267) ~[hibernate-core-6.3.1.Final.jar!/:6.3.1.Final]
	at org.hibernate.engine.transaction.internal.TransactionImpl.commit(TransactionImpl.java:101) ~[hibernate-core-6.3.1.Final.jar!/:6.3.1.Final]
	at org.springframework.orm.jpa.JpaTransactionManager.doCommit(JpaTransactionManager.java:561) ~[spring-orm-6.1.1.jar!/:6.1.1]
	at org.springframework.transaction.support.AbstractPlatformTransactionManager.processCommit(AbstractPlatformTransactionManager.java:794) ~[spring-tx-6.1.1.jar!/:6.1.1]
	at org.springframework.transaction.support.AbstractPlatformTransactionManager.commit(AbstractPlatformTransactionManager.java:757) ~[spring-tx-6.1.1.jar!/:6.1.1]
	at org.springframework.transaction.interceptor.TransactionAspectSupport.commitTransactionAfterReturning(TransactionAspectSupport.java:669) ~[spring-tx-6.1.1.jar!/:6.1.1]
	at org.springframework.transaction.interceptor.TransactionAspectSupport.invokeWithinTransaction(TransactionAspectSupport.java:419) ~[spring-tx-6.1.1.jar!/:6.1.1]
	at org.springframework.transaction.interceptor.TransactionInterceptor.invoke(TransactionInterceptor.java:119) ~[spring-tx-6.1.1.jar!/:6.1.1]
	at org.springframework.aop.framework.ReflectiveMethodInvocation.proceed(ReflectiveMethodInvocation.java:184) ~[spring-aop-6.1.1.jar!/:6.1.1]
	at org.springframework.aop.framework.CglibAopProxy$CglibMethodInvocation.proceed(CglibAopProxy.java:765) ~[spring-aop-6.1.1.jar!/:6.1.1]
	at org.springframework.aop.framework.CglibAopProxy$DynamicAdvisedInterceptor.intercept(CglibAopProxy.java:717) ~[spring-aop-6.1.1.jar!/:6.1.1]
	at com.example.demo.service.FloodShelterService$$SpringCGLIB$$0.save(<generated>) ~[!/:0.0.1-SNAPSHOT]
	at com.example.demo.controller.FloodShelterController.writeFloodShelter(FloodShelterController.java:54) ~[!/:0.0.1-SNAPSHOT]
	at java.base/jdk.internal.reflect.NativeMethodAccessorImpl.invoke0(Native Method) ~[na:na]
	at java.base/jdk.internal.reflect.NativeMethodAccessorImpl.invoke(NativeMethodAccessorImpl.java:77) ~[na:na]
	at java.base/jdk.internal.reflect.DelegatingMethodAccessorImpl.invoke(DelegatingMethodAccessorImpl.java:43) ~[na:na]
	at java.base/java.lang.reflect.Method.invoke(Method.java:569) ~[na:na]
	at org.springframework.web.method.support.InvocableHandlerMethod.doInvoke(InvocableHandlerMethod.java:254) ~[spring-web-6.1.1.jar!/:6.1.1]
	at org.springframework.web.method.support.InvocableHandlerMethod.invokeForRequest(InvocableHandlerMethod.java:182) ~[spring-web-6.1.1.jar!/:6.1.1]
	at org.springframework.web.servlet.mvc.method.annotation.ServletInvocableHandlerMethod.invokeAndHandle(ServletInvocableHandlerMethod.java:118) ~[spring-webmvc-6.1.1.jar!/:6.1.1]
	at org.springframework.web.servlet.mvc.method.annotation.RequestMappingHandlerAdapter.invokeHandlerMethod(RequestMappingHandlerAdapter.java:917) ~[spring-webmvc-6.1.1.jar!/:6.1.1]
	at org.springframework.web.servlet.mvc.method.annotation.RequestMappingHandlerAdapter.handleInternal(RequestMappingHandlerAdapter.java:829) ~[spring-webmvc-6.1.1.jar!/:6.1.1]
	at org.springframework.web.servlet.mvc.method.AbstractHandlerMethodAdapter.handle(AbstractHandlerMethodAdapter.java:87) ~[spring-webmvc-6.1.1.jar!/:6.1.1]
	at org.springframework.web.servlet.DispatcherServlet.doDispatch(DispatcherServlet.java:1089) ~[spring-webmvc-6.1.1.jar!/:6.1.1]
	at org.springframework.web.servlet.DispatcherServlet.doService(DispatcherServlet.java:979) ~[spring-webmvc-6.1.1.jar!/:6.1.1]
	at org.springframework.web.servlet.FrameworkServlet.processRequest(FrameworkServlet.java:1014) ~[spring-webmvc-6.1.1.jar!/:6.1.1]
	at org.springframework.web.servlet.FrameworkServlet.doPost(FrameworkServlet.java:914) ~[spring-webmvc-6.1.1.jar!/:6.1.1]
	at jakarta.servlet.http.HttpServlet.service(HttpServlet.java:590) ~[tomcat-embed-core-10.1.16.jar!/:na]
	at org.springframework.web.servlet.FrameworkServlet.service(FrameworkServlet.java:885) ~[spring-webmvc-6.1.1.jar!/:6.1.1]
	at jakarta.servlet.http.HttpServlet.service(HttpServlet.java:658) ~[tomcat-embed-core-10.1.16.jar!/:na]
	at org.apache.catalina.core.ApplicationFilterChain.internalDoFilter(ApplicationFilterChain.java:205) ~[tomcat-embed-core-10.1.16.jar!/:na]
	at org.apache.catalina.core.ApplicationFilterChain.doFilter(ApplicationFilterChain.java:149) ~[tomcat-embed-core-10.1.16.jar!/:na]
	at org.apache.tomcat.websocket.server.WsFilter.doFilter(WsFilter.java:51) ~[tomcat-embed-websocket-10.1.16.jar!/:na]
	at org.apache.catalina.core.ApplicationFilterChain.internalDoFilter(ApplicationFilterChain.java:174) ~[tomcat-embed-core-10.1.16.jar!/:na]
	at org.apache.catalina.core.ApplicationFilterChain.doFilter(ApplicationFilterChain.java:149) ~[tomcat-embed-core-10.1.16.jar!/:na]
	at org.springframework.web.filter.RequestContextFilter.doFilterInternal(RequestContextFilter.java:100) ~[spring-web-6.1.1.jar!/:6.1.1]
	at org.springframework.web.filter.OncePerRequestFilter.doFilter(OncePerRequestFilter.java:116) ~[spring-web-6.1.1.jar!/:6.1.1]
	at org.apache.catalina.core.ApplicationFilterChain.internalDoFilter(ApplicationFilterChain.java:174) ~[tomcat-embed-core-10.1.16.jar!/:na]
	at org.apache.catalina.core.ApplicationFilterChain.doFilter(ApplicationFilterChain.java:149) ~[tomcat-embed-core-10.1.16.jar!/:na]
	at org.springframework.web.filter.FormContentFilter.doFilterInternal(FormContentFilter.java:93) ~[spring-web-6.1.1.jar!/:6.1.1]
	at org.springframework.web.filter.OncePerRequestFilter.doFilter(OncePerRequestFilter.java:116) ~[spring-web-6.1.1.jar!/:6.1.1]
	at org.apache.catalina.core.ApplicationFilterChain.internalDoFilter(ApplicationFilterChain.java:174) ~[tomcat-embed-core-10.1.16.jar!/:na]
	at org.apache.catalina.core.ApplicationFilterChain.doFilter(ApplicationFilterChain.java:149) ~[tomcat-embed-core-10.1.16.jar!/:na]
	at org.springframework.web.filter.ServerHttpObservationFilter.doFilterInternal(ServerHttpObservationFilter.java:109) ~[spring-web-6.1.1.jar!/:6.1.1]
	at org.springframework.web.filter.OncePerRequestFilter.doFilter(OncePerRequestFilter.java:116) ~[spring-web-6.1.1.jar!/:6.1.1]
	at org.apache.catalina.core.ApplicationFilterChain.internalDoFilter(ApplicationFilterChain.java:174) ~[tomcat-embed-core-10.1.16.jar!/:na]
	at org.apache.catalina.core.ApplicationFilterChain.doFilter(ApplicationFilterChain.java:149) ~[tomcat-embed-core-10.1.16.jar!/:na]
	at org.springframework.web.filter.CharacterEncodingFilter.doFilterInternal(CharacterEncodingFilter.java:201) ~[spring-web-6.1.1.jar!/:6.1.1]
	at org.springframework.web.filter.OncePerRequestFilter.doFilter(OncePerRequestFilter.java:116) ~[spring-web-6.1.1.jar!/:6.1.1]
	at org.apache.catalina.core.ApplicationFilterChain.internalDoFilter(ApplicationFilterChain.java:174) ~[tomcat-embed-core-10.1.16.jar!/:na]
	at org.apache.catalina.core.ApplicationFilterChain.doFilter(ApplicationFilterChain.java:149) ~[tomcat-embed-core-10.1.16.jar!/:na]
	at org.apache.catalina.core.StandardWrapperValve.invoke(StandardWrapperValve.java:167) ~[tomcat-embed-core-10.1.16.jar!/:na]
	at org.apache.catalina.core.StandardContextValve.invoke(StandardContextValve.java:90) ~[tomcat-embed-core-10.1.16.jar!/:na]
	at org.apache.catalina.authenticator.AuthenticatorBase.invoke(AuthenticatorBase.java:482) ~[tomcat-embed-core-10.1.16.jar!/:na]
	at org.apache.catalina.core.StandardHostValve.invoke(StandardHostValve.java:115) ~[tomcat-embed-core-10.1.16.jar!/:na]
	at org.apache.catalina.valves.ErrorReportValve.invoke(ErrorReportValve.java:93) ~[tomcat-embed-core-10.1.16.jar!/:na]
	at org.apache.catalina.core.StandardEngineValve.invoke(StandardEngineValve.java:74) ~[tomcat-embed-core-10.1.16.jar!/:na]
	at org.apache.catalina.connector.CoyoteAdapter.service(CoyoteAdapter.java:340) ~[tomcat-embed-core-10.1.16.jar!/:na]
	at org.apache.coyote.http11.Http11Processor.service(Http11Processor.java:391) ~[tomcat-embed-core-10.1.16.jar!/:na]
	at org.apache.coyote.AbstractProcessorLight.process(AbstractProcessorLight.java:63) ~[tomcat-embed-core-10.1.16.jar!/:na]
	at org.apache.coyote.AbstractProtocol$ConnectionHandler.process(AbstractProtocol.java:896) ~[tomcat-embed-core-10.1.16.jar!/:na]
	at org.apache.tomcat.util.net.NioEndpoint$SocketProcessor.doRun(NioEndpoint.java:1744) ~[tomcat-embed-core-10.1.16.jar!/:na]
	at org.apache.tomcat.util.net.SocketProcessorBase.run(SocketProcessorBase.java:52) ~[tomcat-embed-core-10.1.16.jar!/:na]
	at org.apache.tomcat.util.threads.ThreadPoolExecutor.runWorker(ThreadPoolExecutor.java:1191) ~[tomcat-embed-core-10.1.16.jar!/:na]
	at org.apache.tomcat.util.threads.ThreadPoolExecutor$Worker.run(ThreadPoolExecutor.java:659) ~[tomcat-embed-core-10.1.16.jar!/:na]
	at org.apache.tomcat.util.threads.TaskThread$WrappingRunnable.run(TaskThread.java:61) ~[tomcat-embed-core-10.1.16.jar!/:na]
	at java.base/java.lang.Thread.run(Thread.java:840) ~[na:na]

Hibernate: select fs1_0.shlt_id,fs1_0.ctpv_nm,fs1_0.daddr,fs1_0.fclt_nm,fs1_0.lat,fs1_0.lot,fs1_0.mng_dept_nm,fs1_0.sgg_nm from flood fs1_0 limit ?,?
Hibernate: select count(fs1_0.shlt_id) from flood fs1_0
Hibernate: select fs1_0.shlt_id,fs1_0.ctpv_nm,fs1_0.daddr,fs1_0.fclt_nm,fs1_0.lat,fs1_0.lot,fs1_0.mng_dept_nm,fs1_0.sgg_nm from flood fs1_0 limit ?,?
Hibernate: select count(fs1_0.shlt_id) from flood fs1_0
Hibernate: select fs1_0.shlt_id,fs1_0.ctpv_nm,fs1_0.daddr,fs1_0.fclt_nm,fs1_0.lat,fs1_0.lot,fs1_0.mng_dept_nm,fs1_0.sgg_nm from flood fs1_0 where fs1_0.shlt_id=?
Hibernate: insert into flood (ctpv_nm,daddr,fclt_nm,lat,lot,mng_dept_nm,sgg_nm,shlt_id) values (?,?,?,?,?,?,?,?)
2026-09-01T15:03:21.067+09:00  WARN 8324 --- [nio-8080-exec-7] o.h.engine.jdbc.spi.SqlExceptionHelper   : SQL Error: 1366, SQLState: HY000
2026-09-01T15:03:21.067+09:00 ERROR 8324 --- [nio-8080-exec-7] o.h.engine.jdbc.spi.SqlExceptionHelper   : Incorrect integer value: 'FL_3d6cdc6e-b388-46fe-8f3f-1a6cbb619422' for column 'shlt_id' at row 1
2026-09-01T15:03:21.070+09:00 ERROR 8324 --- [nio-8080-exec-7] o.a.c.c.C.[.[.[/].[dispatcherServlet]    : Servlet.service() for servlet [dispatcherServlet] in context with path [] threw exception [Request processing failed: org.springframework.orm.jpa.JpaSystemException: could not execute statement [Incorrect integer value: 'FL_3d6cdc6e-b388-46fe-8f3f-1a6cbb619422' for column 'shlt_id' at row 1] [insert into flood (ctpv_nm,daddr,fclt_nm,lat,lot,mng_dept_nm,sgg_nm,shlt_id) values (?,?,?,?,?,?,?,?)]] with root cause

java.sql.SQLException: Incorrect integer value: 'FL_3d6cdc6e-b388-46fe-8f3f-1a6cbb619422' for column 'shlt_id' at row 1
	at com.mysql.cj.jdbc.exceptions.SQLError.createSQLException(SQLError.java:130) ~[mysql-connector-j-8.1.0.jar!/:8.1.0]
	at com.mysql.cj.jdbc.exceptions.SQLExceptionsMapping.translateException(SQLExceptionsMapping.java:122) ~[mysql-connector-j-8.1.0.jar!/:8.1.0]
	at com.mysql.cj.jdbc.ClientPreparedStatement.executeInternal(ClientPreparedStatement.java:916) ~[mysql-connector-j-8.1.0.jar!/:8.1.0]
	at com.mysql.cj.jdbc.ClientPreparedStatement.executeUpdateInternal(ClientPreparedStatement.java:1061) ~[mysql-connector-j-8.1.0.jar!/:8.1.0]
	at com.mysql.cj.jdbc.ClientPreparedStatement.executeUpdateInternal(ClientPreparedStatement.java:1009) ~[mysql-connector-j-8.1.0.jar!/:8.1.0]
	at com.mysql.cj.jdbc.ClientPreparedStatement.executeLargeUpdate(ClientPreparedStatement.java:1320) ~[mysql-connector-j-8.1.0.jar!/:8.1.0]
	at com.mysql.cj.jdbc.ClientPreparedStatement.executeUpdate(ClientPreparedStatement.java:994) ~[mysql-connector-j-8.1.0.jar!/:8.1.0]
	at com.zaxxer.hikari.pool.ProxyPreparedStatement.executeUpdate(ProxyPreparedStatement.java:61) ~[HikariCP-5.0.1.jar!/:na]
	at com.zaxxer.hikari.pool.HikariProxyPreparedStatement.executeUpdate(HikariProxyPreparedStatement.java) ~[HikariCP-5.0.1.jar!/:na]
	at org.hibernate.engine.jdbc.internal.ResultSetReturnImpl.executeUpdate(ResultSetReturnImpl.java:280) ~[hibernate-core-6.3.1.Final.jar!/:6.3.1.Final]
	at org.hibernate.engine.jdbc.mutation.internal.AbstractMutationExecutor.performNonBatchedMutation(AbstractMutationExecutor.java:107) ~[hibernate-core-6.3.1.Final.jar!/:6.3.1.Final]
	at org.hibernate.engine.jdbc.mutation.internal.MutationExecutorSingleNonBatched.performNonBatchedOperations(MutationExecutorSingleNonBatched.java:40) ~[hibernate-core-6.3.1.Final.jar!/:6.3.1.Final]
	at org.hibernate.engine.jdbc.mutation.internal.AbstractMutationExecutor.execute(AbstractMutationExecutor.java:52) ~[hibernate-core-6.3.1.Final.jar!/:6.3.1.Final]
	at org.hibernate.persister.entity.mutation.InsertCoordinator.doStaticInserts(InsertCoordinator.java:171) ~[hibernate-core-6.3.1.Final.jar!/:6.3.1.Final]
	at org.hibernate.persister.entity.mutation.InsertCoordinator.coordinateInsert(InsertCoordinator.java:112) ~[hibernate-core-6.3.1.Final.jar!/:6.3.1.Final]
	at org.hibernate.persister.entity.AbstractEntityPersister.insert(AbstractEntityPersister.java:2865) ~[hibernate-core-6.3.1.Final.jar!/:6.3.1.Final]
	at org.hibernate.action.internal.EntityInsertAction.execute(EntityInsertAction.java:102) ~[hibernate-core-6.3.1.Final.jar!/:6.3.1.Final]
	at org.hibernate.engine.spi.ActionQueue.executeActions(ActionQueue.java:631) ~[hibernate-core-6.3.1.Final.jar!/:6.3.1.Final]
	at org.hibernate.engine.spi.ActionQueue.executeActions(ActionQueue.java:498) ~[hibernate-core-6.3.1.Final.jar!/:6.3.1.Final]
	at org.hibernate.event.internal.AbstractFlushingEventListener.performExecutions(AbstractFlushingEventListener.java:363) ~[hibernate-core-6.3.1.Final.jar!/:6.3.1.Final]
	at org.hibernate.event.internal.DefaultFlushEventListener.onFlush(DefaultFlushEventListener.java:39) ~[hibernate-core-6.3.1.Final.jar!/:6.3.1.Final]
	at org.hibernate.event.service.internal.EventListenerGroupImpl.fireEventOnEachListener(EventListenerGroupImpl.java:127) ~[hibernate-core-6.3.1.Final.jar!/:6.3.1.Final]
	at org.hibernate.internal.SessionImpl.doFlush(SessionImpl.java:1415) ~[hibernate-core-6.3.1.Final.jar!/:6.3.1.Final]
	at org.hibernate.internal.SessionImpl.managedFlush(SessionImpl.java:496) ~[hibernate-core-6.3.1.Final.jar!/:6.3.1.Final]
	at org.hibernate.internal.SessionImpl.flushBeforeTransactionCompletion(SessionImpl.java:2325) ~[hibernate-core-6.3.1.Final.jar!/:6.3.1.Final]
	at org.hibernate.internal.SessionImpl.beforeTransactionCompletion(SessionImpl.java:1988) ~[hibernate-core-6.3.1.Final.jar!/:6.3.1.Final]
	at org.hibernate.engine.jdbc.internal.JdbcCoordinatorImpl.beforeTransactionCompletion(JdbcCoordinatorImpl.java:439) ~[hibernate-core-6.3.1.Final.jar!/:6.3.1.Final]
	at org.hibernate.resource.transaction.backend.jdbc.internal.JdbcResourceLocalTransactionCoordinatorImpl.beforeCompletionCallback(JdbcResourceLocalTransactionCoordinatorImpl.java:169) ~[hibernate-core-6.3.1.Final.jar!/:6.3.1.Final]
	at org.hibernate.resource.transaction.backend.jdbc.internal.JdbcResourceLocalTransactionCoordinatorImpl$TransactionDriverControlImpl.commit(JdbcResourceLocalTransactionCoordinatorImpl.java:267) ~[hibernate-core-6.3.1.Final.jar!/:6.3.1.Final]
	at org.hibernate.engine.transaction.internal.TransactionImpl.commit(TransactionImpl.java:101) ~[hibernate-core-6.3.1.Final.jar!/:6.3.1.Final]
	at org.springframework.orm.jpa.JpaTransactionManager.doCommit(JpaTransactionManager.java:561) ~[spring-orm-6.1.1.jar!/:6.1.1]
	at org.springframework.transaction.support.AbstractPlatformTransactionManager.processCommit(AbstractPlatformTransactionManager.java:794) ~[spring-tx-6.1.1.jar!/:6.1.1]
	at org.springframework.transaction.support.AbstractPlatformTransactionManager.commit(AbstractPlatformTransactionManager.java:757) ~[spring-tx-6.1.1.jar!/:6.1.1]
	at org.springframework.transaction.interceptor.TransactionAspectSupport.commitTransactionAfterReturning(TransactionAspectSupport.java:669) ~[spring-tx-6.1.1.jar!/:6.1.1]
	at org.springframework.transaction.interceptor.TransactionAspectSupport.invokeWithinTransaction(TransactionAspectSupport.java:419) ~[spring-tx-6.1.1.jar!/:6.1.1]
	at org.springframework.transaction.interceptor.TransactionInterceptor.invoke(TransactionInterceptor.java:119) ~[spring-tx-6.1.1.jar!/:6.1.1]
	at org.springframework.aop.framework.ReflectiveMethodInvocation.proceed(ReflectiveMethodInvocation.java:184) ~[spring-aop-6.1.1.jar!/:6.1.1]
	at org.springframework.aop.framework.CglibAopProxy$CglibMethodInvocation.proceed(CglibAopProxy.java:765) ~[spring-aop-6.1.1.jar!/:6.1.1]
	at org.springframework.aop.framework.CglibAopProxy$DynamicAdvisedInterceptor.intercept(CglibAopProxy.java:717) ~[spring-aop-6.1.1.jar!/:6.1.1]
	at com.example.demo.service.FloodShelterService$$SpringCGLIB$$0.save(<generated>) ~[!/:0.0.1-SNAPSHOT]
	at com.example.demo.controller.FloodShelterController.writeFloodShelter(FloodShelterController.java:54) ~[!/:0.0.1-SNAPSHOT]
	at java.base/jdk.internal.reflect.NativeMethodAccessorImpl.invoke0(Native Method) ~[na:na]
	at java.base/jdk.internal.reflect.NativeMethodAccessorImpl.invoke(NativeMethodAccessorImpl.java:77) ~[na:na]
	at java.base/jdk.internal.reflect.DelegatingMethodAccessorImpl.invoke(DelegatingMethodAccessorImpl.java:43) ~[na:na]
	at java.base/java.lang.reflect.Method.invoke(Method.java:569) ~[na:na]
	at org.springframework.web.method.support.InvocableHandlerMethod.doInvoke(InvocableHandlerMethod.java:254) ~[spring-web-6.1.1.jar!/:6.1.1]
	at org.springframework.web.method.support.InvocableHandlerMethod.invokeForRequest(InvocableHandlerMethod.java:182) ~[spring-web-6.1.1.jar!/:6.1.1]
	at org.springframework.web.servlet.mvc.method.annotation.ServletInvocableHandlerMethod.invokeAndHandle(ServletInvocableHandlerMethod.java:118) ~[spring-webmvc-6.1.1.jar!/:6.1.1]
	at org.springframework.web.servlet.mvc.method.annotation.RequestMappingHandlerAdapter.invokeHandlerMethod(RequestMappingHandlerAdapter.java:917) ~[spring-webmvc-6.1.1.jar!/:6.1.1]
	at org.springframework.web.servlet.mvc.method.annotation.RequestMappingHandlerAdapter.handleInternal(RequestMappingHandlerAdapter.java:829) ~[spring-webmvc-6.1.1.jar!/:6.1.1]
	at org.springframework.web.servlet.mvc.method.AbstractHandlerMethodAdapter.handle(AbstractHandlerMethodAdapter.java:87) ~[spring-webmvc-6.1.1.jar!/:6.1.1]
	at org.springframework.web.servlet.DispatcherServlet.doDispatch(DispatcherServlet.java:1089) ~[spring-webmvc-6.1.1.jar!/:6.1.1]
	at org.springframework.web.servlet.DispatcherServlet.doService(DispatcherServlet.java:979) ~[spring-webmvc-6.1.1.jar!/:6.1.1]
	at org.springframework.web.servlet.FrameworkServlet.processRequest(FrameworkServlet.java:1014) ~[spring-webmvc-6.1.1.jar!/:6.1.1]
	at org.springframework.web.servlet.FrameworkServlet.doPost(FrameworkServlet.java:914) ~[spring-webmvc-6.1.1.jar!/:6.1.1]
	at jakarta.servlet.http.HttpServlet.service(HttpServlet.java:590) ~[tomcat-embed-core-10.1.16.jar!/:na]
	at org.springframework.web.servlet.FrameworkServlet.service(FrameworkServlet.java:885) ~[spring-webmvc-6.1.1.jar!/:6.1.1]
	at jakarta.servlet.http.HttpServlet.service(HttpServlet.java:658) ~[tomcat-embed-core-10.1.16.jar!/:na]
	at org.apache.catalina.core.ApplicationFilterChain.internalDoFilter(ApplicationFilterChain.java:205) ~[tomcat-embed-core-10.1.16.jar!/:na]
	at org.apache.catalina.core.ApplicationFilterChain.doFilter(ApplicationFilterChain.java:149) ~[tomcat-embed-core-10.1.16.jar!/:na]
	at org.apache.tomcat.websocket.server.WsFilter.doFilter(WsFilter.java:51) ~[tomcat-embed-websocket-10.1.16.jar!/:na]
	at org.apache.catalina.core.ApplicationFilterChain.internalDoFilter(ApplicationFilterChain.java:174) ~[tomcat-embed-core-10.1.16.jar!/:na]
	at org.apache.catalina.core.ApplicationFilterChain.doFilter(ApplicationFilterChain.java:149) ~[tomcat-embed-core-10.1.16.jar!/:na]
	at org.springframework.web.filter.RequestContextFilter.doFilterInternal(RequestContextFilter.java:100) ~[spring-web-6.1.1.jar!/:6.1.1]
	at org.springframework.web.filter.OncePerRequestFilter.doFilter(OncePerRequestFilter.java:116) ~[spring-web-6.1.1.jar!/:6.1.1]
	at org.apache.catalina.core.ApplicationFilterChain.internalDoFilter(ApplicationFilterChain.java:174) ~[tomcat-embed-core-10.1.16.jar!/:na]
	at org.apache.catalina.core.ApplicationFilterChain.doFilter(ApplicationFilterChain.java:149) ~[tomcat-embed-core-10.1.16.jar!/:na]
	at org.springframework.web.filter.FormContentFilter.doFilterInternal(FormContentFilter.java:93) ~[spring-web-6.1.1.jar!/:6.1.1]
	at org.springframework.web.filter.OncePerRequestFilter.doFilter(OncePerRequestFilter.java:116) ~[spring-web-6.1.1.jar!/:6.1.1]
	at org.apache.catalina.core.ApplicationFilterChain.internalDoFilter(ApplicationFilterChain.java:174) ~[tomcat-embed-core-10.1.16.jar!/:na]
	at org.apache.catalina.core.ApplicationFilterChain.doFilter(ApplicationFilterChain.java:149) ~[tomcat-embed-core-10.1.16.jar!/:na]
	at org.springframework.web.filter.ServerHttpObservationFilter.doFilterInternal(ServerHttpObservationFilter.java:109) ~[spring-web-6.1.1.jar!/:6.1.1]
	at org.springframework.web.filter.OncePerRequestFilter.doFilter(OncePerRequestFilter.java:116) ~[spring-web-6.1.1.jar!/:6.1.1]
	at org.apache.catalina.core.ApplicationFilterChain.internalDoFilter(ApplicationFilterChain.java:174) ~[tomcat-embed-core-10.1.16.jar!/:na]
	at org.apache.catalina.core.ApplicationFilterChain.doFilter(ApplicationFilterChain.java:149) ~[tomcat-embed-core-10.1.16.jar!/:na]
	at org.springframework.web.filter.CharacterEncodingFilter.doFilterInternal(CharacterEncodingFilter.java:201) ~[spring-web-6.1.1.jar!/:6.1.1]
	at org.springframework.web.filter.OncePerRequestFilter.doFilter(OncePerRequestFilter.java:116) ~[spring-web-6.1.1.jar!/:6.1.1]
	at org.apache.catalina.core.ApplicationFilterChain.internalDoFilter(ApplicationFilterChain.java:174) ~[tomcat-embed-core-10.1.16.jar!/:na]
	at org.apache.catalina.core.ApplicationFilterChain.doFilter(ApplicationFilterChain.java:149) ~[tomcat-embed-core-10.1.16.jar!/:na]
	at org.apache.catalina.core.StandardWrapperValve.invoke(StandardWrapperValve.java:167) ~[tomcat-embed-core-10.1.16.jar!/:na]
	at org.apache.catalina.core.StandardContextValve.invoke(StandardContextValve.java:90) ~[tomcat-embed-core-10.1.16.jar!/:na]
	at org.apache.catalina.authenticator.AuthenticatorBase.invoke(AuthenticatorBase.java:482) ~[tomcat-embed-core-10.1.16.jar!/:na]
	at org.apache.catalina.core.StandardHostValve.invoke(StandardHostValve.java:115) ~[tomcat-embed-core-10.1.16.jar!/:na]
	at org.apache.catalina.valves.ErrorReportValve.invoke(ErrorReportValve.java:93) ~[tomcat-embed-core-10.1.16.jar!/:na]
	at org.apache.catalina.core.StandardEngineValve.invoke(StandardEngineValve.java:74) ~[tomcat-embed-core-10.1.16.jar!/:na]
	at org.apache.catalina.connector.CoyoteAdapter.service(CoyoteAdapter.java:340) ~[tomcat-embed-core-10.1.16.jar!/:na]
	at org.apache.coyote.http11.Http11Processor.service(Http11Processor.java:391) ~[tomcat-embed-core-10.1.16.jar!/:na]
	at org.apache.coyote.AbstractProcessorLight.process(AbstractProcessorLight.java:63) ~[tomcat-embed-core-10.1.16.jar!/:na]
	at org.apache.coyote.AbstractProtocol$ConnectionHandler.process(AbstractProtocol.java:896) ~[tomcat-embed-core-10.1.16.jar!/:na]
	at org.apache.tomcat.util.net.NioEndpoint$SocketProcessor.doRun(NioEndpoint.java:1744) ~[tomcat-embed-core-10.1.16.jar!/:na]
	at org.apache.tomcat.util.net.SocketProcessorBase.run(SocketProcessorBase.java:52) ~[tomcat-embed-core-10.1.16.jar!/:na]
	at org.apache.tomcat.util.threads.ThreadPoolExecutor.runWorker(ThreadPoolExecutor.java:1191) ~[tomcat-embed-core-10.1.16.jar!/:na]
	at org.apache.tomcat.util.threads.ThreadPoolExecutor$Worker.run(ThreadPoolExecutor.java:659) ~[tomcat-embed-core-10.1.16.jar!/:na]
	at org.apache.tomcat.util.threads.TaskThread$WrappingRunnable.run(TaskThread.java:61) ~[tomcat-embed-core-10.1.16.jar!/:na]
	at java.base/java.lang.Thread.run(Thread.java:840) ~[na:na]

Hibernate: select es1_0.shlt_id,es1_0.ctpv_nm,es1_0.daddr,es1_0.fclt_nm,es1_0.lat,es1_0.lot,es1_0.mng_dept_nm,es1_0.sgg_nm from earthquake es1_0 limit ?,?
Hibernate: select count(es1_0.shlt_id) from earthquake es1_0
Hibernate: select es1_0.shlt_id,es1_0.ctpv_nm,es1_0.daddr,es1_0.fclt_nm,es1_0.lat,es1_0.lot,es1_0.mng_dept_nm,es1_0.sgg_nm from earthquake es1_0 where es1_0.shlt_id=?
Hibernate: insert into earthquake (ctpv_nm,daddr,fclt_nm,lat,lot,mng_dept_nm,sgg_nm,shlt_id) values (?,?,?,?,?,?,?,?)
Hibernate: select es1_0.shlt_id,es1_0.ctpv_nm,es1_0.daddr,es1_0.fclt_nm,es1_0.lat,es1_0.lot,es1_0.mng_dept_nm,es1_0.sgg_nm from earthquake es1_0 limit ?,?
Hibernate: select count(es1_0.shlt_id) from earthquake es1_0
Hibernate: select fs1_0.shlt_id,fs1_0.ctpv_nm,fs1_0.daddr,fs1_0.fclt_nm,fs1_0.lat,fs1_0.lot,fs1_0.mng_dept_nm,fs1_0.sgg_nm from flood fs1_0 limit ?,?
Hibernate: select count(fs1_0.shlt_id) from flood fs1_0
Hibernate: select fs1_0.shlt_id,fs1_0.ctpv_nm,fs1_0.daddr,fs1_0.fclt_nm,fs1_0.lat,fs1_0.lot,fs1_0.mng_dept_nm,fs1_0.sgg_nm from flood fs1_0 where fs1_0.shlt_id=?
Hibernate: insert into flood (ctpv_nm,daddr,fclt_nm,lat,lot,mng_dept_nm,sgg_nm,shlt_id) values (?,?,?,?,?,?,?,?)
2026-09-01T15:03:34.575+09:00  WARN 8324 --- [nio-8080-exec-4] o.h.engine.jdbc.spi.SqlExceptionHelper   : SQL Error: 1366, SQLState: HY000
2026-09-01T15:03:34.575+09:00 ERROR 8324 --- [nio-8080-exec-4] o.h.engine.jdbc.spi.SqlExceptionHelper   : Incorrect integer value: 'FL_5b213065-9437-4622-bbbe-0a202857a28c' for column 'shlt_id' at row 1
2026-09-01T15:03:34.577+09:00 ERROR 8324 --- [nio-8080-exec-4] o.a.c.c.C.[.[.[/].[dispatcherServlet]    : Servlet.service() for servlet [dispatcherServlet] in context with path [] threw exception [Request processing failed: org.springframework.orm.jpa.JpaSystemException: could not execute statement [Incorrect integer value: 'FL_5b213065-9437-4622-bbbe-0a202857a28c' for column 'shlt_id' at row 1] [insert into flood (ctpv_nm,daddr,fclt_nm,lat,lot,mng_dept_nm,sgg_nm,shlt_id) values (?,?,?,?,?,?,?,?)]] with root cause

java.sql.SQLException: Incorrect integer value: 'FL_5b213065-9437-4622-bbbe-0a202857a28c' for column 'shlt_id' at row 1
	at com.mysql.cj.jdbc.exceptions.SQLError.createSQLException(SQLError.java:130) ~[mysql-connector-j-8.1.0.jar!/:8.1.0]
	at com.mysql.cj.jdbc.exceptions.SQLExceptionsMapping.translateException(SQLExceptionsMapping.java:122) ~[mysql-connector-j-8.1.0.jar!/:8.1.0]
	at com.mysql.cj.jdbc.ClientPreparedStatement.executeInternal(ClientPreparedStatement.java:916) ~[mysql-connector-j-8.1.0.jar!/:8.1.0]
	at com.mysql.cj.jdbc.ClientPreparedStatement.executeUpdateInternal(ClientPreparedStatement.java:1061) ~[mysql-connector-j-8.1.0.jar!/:8.1.0]
	at com.mysql.cj.jdbc.ClientPreparedStatement.executeUpdateInternal(ClientPreparedStatement.java:1009) ~[mysql-connector-j-8.1.0.jar!/:8.1.0]
	at com.mysql.cj.jdbc.ClientPreparedStatement.executeLargeUpdate(ClientPreparedStatement.java:1320) ~[mysql-connector-j-8.1.0.jar!/:8.1.0]
	at com.mysql.cj.jdbc.ClientPreparedStatement.executeUpdate(ClientPreparedStatement.java:994) ~[mysql-connector-j-8.1.0.jar!/:8.1.0]
	at com.zaxxer.hikari.pool.ProxyPreparedStatement.executeUpdate(ProxyPreparedStatement.java:61) ~[HikariCP-5.0.1.jar!/:na]
	at com.zaxxer.hikari.pool.HikariProxyPreparedStatement.executeUpdate(HikariProxyPreparedStatement.java) ~[HikariCP-5.0.1.jar!/:na]
	at org.hibernate.engine.jdbc.internal.ResultSetReturnImpl.executeUpdate(ResultSetReturnImpl.java:280) ~[hibernate-core-6.3.1.Final.jar!/:6.3.1.Final]
	at org.hibernate.engine.jdbc.mutation.internal.AbstractMutationExecutor.performNonBatchedMutation(AbstractMutationExecutor.java:107) ~[hibernate-core-6.3.1.Final.jar!/:6.3.1.Final]
	at org.hibernate.engine.jdbc.mutation.internal.MutationExecutorSingleNonBatched.performNonBatchedOperations(MutationExecutorSingleNonBatched.java:40) ~[hibernate-core-6.3.1.Final.jar!/:6.3.1.Final]
	at org.hibernate.engine.jdbc.mutation.internal.AbstractMutationExecutor.execute(AbstractMutationExecutor.java:52) ~[hibernate-core-6.3.1.Final.jar!/:6.3.1.Final]
	at org.hibernate.persister.entity.mutation.InsertCoordinator.doStaticInserts(InsertCoordinator.java:171) ~[hibernate-core-6.3.1.Final.jar!/:6.3.1.Final]
	at org.hibernate.persister.entity.mutation.InsertCoordinator.coordinateInsert(InsertCoordinator.java:112) ~[hibernate-core-6.3.1.Final.jar!/:6.3.1.Final]
	at org.hibernate.persister.entity.AbstractEntityPersister.insert(AbstractEntityPersister.java:2865) ~[hibernate-core-6.3.1.Final.jar!/:6.3.1.Final]
	at org.hibernate.action.internal.EntityInsertAction.execute(EntityInsertAction.java:102) ~[hibernate-core-6.3.1.Final.jar!/:6.3.1.Final]
	at org.hibernate.engine.spi.ActionQueue.executeActions(ActionQueue.java:631) ~[hibernate-core-6.3.1.Final.jar!/:6.3.1.Final]
	at org.hibernate.engine.spi.ActionQueue.executeActions(ActionQueue.java:498) ~[hibernate-core-6.3.1.Final.jar!/:6.3.1.Final]
	at org.hibernate.event.internal.AbstractFlushingEventListener.performExecutions(AbstractFlushingEventListener.java:363) ~[hibernate-core-6.3.1.Final.jar!/:6.3.1.Final]
	at org.hibernate.event.internal.DefaultFlushEventListener.onFlush(DefaultFlushEventListener.java:39) ~[hibernate-core-6.3.1.Final.jar!/:6.3.1.Final]
	at org.hibernate.event.service.internal.EventListenerGroupImpl.fireEventOnEachListener(EventListenerGroupImpl.java:127) ~[hibernate-core-6.3.1.Final.jar!/:6.3.1.Final]
	at org.hibernate.internal.SessionImpl.doFlush(SessionImpl.java:1415) ~[hibernate-core-6.3.1.Final.jar!/:6.3.1.Final]
	at org.hibernate.internal.SessionImpl.managedFlush(SessionImpl.java:496) ~[hibernate-core-6.3.1.Final.jar!/:6.3.1.Final]
	at org.hibernate.internal.SessionImpl.flushBeforeTransactionCompletion(SessionImpl.java:2325) ~[hibernate-core-6.3.1.Final.jar!/:6.3.1.Final]
	at org.hibernate.internal.SessionImpl.beforeTransactionCompletion(SessionImpl.java:1988) ~[hibernate-core-6.3.1.Final.jar!/:6.3.1.Final]
	at org.hibernate.engine.jdbc.internal.JdbcCoordinatorImpl.beforeTransactionCompletion(JdbcCoordinatorImpl.java:439) ~[hibernate-core-6.3.1.Final.jar!/:6.3.1.Final]
	at org.hibernate.resource.transaction.backend.jdbc.internal.JdbcResourceLocalTransactionCoordinatorImpl.beforeCompletionCallback(JdbcResourceLocalTransactionCoordinatorImpl.java:169) ~[hibernate-core-6.3.1.Final.jar!/:6.3.1.Final]
	at org.hibernate.resource.transaction.backend.jdbc.internal.JdbcResourceLocalTransactionCoordinatorImpl$TransactionDriverControlImpl.commit(JdbcResourceLocalTransactionCoordinatorImpl.java:267) ~[hibernate-core-6.3.1.Final.jar!/:6.3.1.Final]
	at org.hibernate.engine.transaction.internal.TransactionImpl.commit(TransactionImpl.java:101) ~[hibernate-core-6.3.1.Final.jar!/:6.3.1.Final]
	at org.springframework.orm.jpa.JpaTransactionManager.doCommit(JpaTransactionManager.java:561) ~[spring-orm-6.1.1.jar!/:6.1.1]
	at org.springframework.transaction.support.AbstractPlatformTransactionManager.processCommit(AbstractPlatformTransactionManager.java:794) ~[spring-tx-6.1.1.jar!/:6.1.1]
	at org.springframework.transaction.support.AbstractPlatformTransactionManager.commit(AbstractPlatformTransactionManager.java:757) ~[spring-tx-6.1.1.jar!/:6.1.1]
	at org.springframework.transaction.interceptor.TransactionAspectSupport.commitTransactionAfterReturning(TransactionAspectSupport.java:669) ~[spring-tx-6.1.1.jar!/:6.1.1]
	at org.springframework.transaction.interceptor.TransactionAspectSupport.invokeWithinTransaction(TransactionAspectSupport.java:419) ~[spring-tx-6.1.1.jar!/:6.1.1]
	at org.springframework.transaction.interceptor.TransactionInterceptor.invoke(TransactionInterceptor.java:119) ~[spring-tx-6.1.1.jar!/:6.1.1]
	at org.springframework.aop.framework.ReflectiveMethodInvocation.proceed(ReflectiveMethodInvocation.java:184) ~[spring-aop-6.1.1.jar!/:6.1.1]
	at org.springframework.aop.framework.CglibAopProxy$CglibMethodInvocation.proceed(CglibAopProxy.java:765) ~[spring-aop-6.1.1.jar!/:6.1.1]
	at org.springframework.aop.framework.CglibAopProxy$DynamicAdvisedInterceptor.intercept(CglibAopProxy.java:717) ~[spring-aop-6.1.1.jar!/:6.1.1]
	at com.example.demo.service.FloodShelterService$$SpringCGLIB$$0.save(<generated>) ~[!/:0.0.1-SNAPSHOT]
	at com.example.demo.controller.FloodShelterController.writeFloodShelter(FloodShelterController.java:54) ~[!/:0.0.1-SNAPSHOT]
	at java.base/jdk.internal.reflect.NativeMethodAccessorImpl.invoke0(Native Method) ~[na:na]
	at java.base/jdk.internal.reflect.NativeMethodAccessorImpl.invoke(NativeMethodAccessorImpl.java:77) ~[na:na]
	at java.base/jdk.internal.reflect.DelegatingMethodAccessorImpl.invoke(DelegatingMethodAccessorImpl.java:43) ~[na:na]
	at java.base/java.lang.reflect.Method.invoke(Method.java:569) ~[na:na]
	at org.springframework.web.method.support.InvocableHandlerMethod.doInvoke(InvocableHandlerMethod.java:254) ~[spring-web-6.1.1.jar!/:6.1.1]
	at org.springframework.web.method.support.InvocableHandlerMethod.invokeForRequest(InvocableHandlerMethod.java:182) ~[spring-web-6.1.1.jar!/:6.1.1]
	at org.springframework.web.servlet.mvc.method.annotation.ServletInvocableHandlerMethod.invokeAndHandle(ServletInvocableHandlerMethod.java:118) ~[spring-webmvc-6.1.1.jar!/:6.1.1]
	at org.springframework.web.servlet.mvc.method.annotation.RequestMappingHandlerAdapter.invokeHandlerMethod(RequestMappingHandlerAdapter.java:917) ~[spring-webmvc-6.1.1.jar!/:6.1.1]
	at org.springframework.web.servlet.mvc.method.annotation.RequestMappingHandlerAdapter.handleInternal(RequestMappingHandlerAdapter.java:829) ~[spring-webmvc-6.1.1.jar!/:6.1.1]
	at org.springframework.web.servlet.mvc.method.AbstractHandlerMethodAdapter.handle(AbstractHandlerMethodAdapter.java:87) ~[spring-webmvc-6.1.1.jar!/:6.1.1]
	at org.springframework.web.servlet.DispatcherServlet.doDispatch(DispatcherServlet.java:1089) ~[spring-webmvc-6.1.1.jar!/:6.1.1]
	at org.springframework.web.servlet.DispatcherServlet.doService(DispatcherServlet.java:979) ~[spring-webmvc-6.1.1.jar!/:6.1.1]
	at org.springframework.web.servlet.FrameworkServlet.processRequest(FrameworkServlet.java:1014) ~[spring-webmvc-6.1.1.jar!/:6.1.1]
	at org.springframework.web.servlet.FrameworkServlet.doPost(FrameworkServlet.java:914) ~[spring-webmvc-6.1.1.jar!/:6.1.1]
	at jakarta.servlet.http.HttpServlet.service(HttpServlet.java:590) ~[tomcat-embed-core-10.1.16.jar!/:na]
	at org.springframework.web.servlet.FrameworkServlet.service(FrameworkServlet.java:885) ~[spring-webmvc-6.1.1.jar!/:6.1.1]
	at jakarta.servlet.http.HttpServlet.service(HttpServlet.java:658) ~[tomcat-embed-core-10.1.16.jar!/:na]
	at org.apache.catalina.core.ApplicationFilterChain.internalDoFilter(ApplicationFilterChain.java:205) ~[tomcat-embed-core-10.1.16.jar!/:na]
	at org.apache.catalina.core.ApplicationFilterChain.doFilter(ApplicationFilterChain.java:149) ~[tomcat-embed-core-10.1.16.jar!/:na]
	at org.apache.tomcat.websocket.server.WsFilter.doFilter(WsFilter.java:51) ~[tomcat-embed-websocket-10.1.16.jar!/:na]
	at org.apache.catalina.core.ApplicationFilterChain.internalDoFilter(ApplicationFilterChain.java:174) ~[tomcat-embed-core-10.1.16.jar!/:na]
	at org.apache.catalina.core.ApplicationFilterChain.doFilter(ApplicationFilterChain.java:149) ~[tomcat-embed-core-10.1.16.jar!/:na]
	at org.springframework.web.filter.RequestContextFilter.doFilterInternal(RequestContextFilter.java:100) ~[spring-web-6.1.1.jar!/:6.1.1]
	at org.springframework.web.filter.OncePerRequestFilter.doFilter(OncePerRequestFilter.java:116) ~[spring-web-6.1.1.jar!/:6.1.1]
	at org.apache.catalina.core.ApplicationFilterChain.internalDoFilter(ApplicationFilterChain.java:174) ~[tomcat-embed-core-10.1.16.jar!/:na]
	at org.apache.catalina.core.ApplicationFilterChain.doFilter(ApplicationFilterChain.java:149) ~[tomcat-embed-core-10.1.16.jar!/:na]
	at org.springframework.web.filter.FormContentFilter.doFilterInternal(FormContentFilter.java:93) ~[spring-web-6.1.1.jar!/:6.1.1]
	at org.springframework.web.filter.OncePerRequestFilter.doFilter(OncePerRequestFilter.java:116) ~[spring-web-6.1.1.jar!/:6.1.1]
	at org.apache.catalina.core.ApplicationFilterChain.internalDoFilter(ApplicationFilterChain.java:174) ~[tomcat-embed-core-10.1.16.jar!/:na]
	at org.apache.catalina.core.ApplicationFilterChain.doFilter(ApplicationFilterChain.java:149) ~[tomcat-embed-core-10.1.16.jar!/:na]
	at org.springframework.web.filter.ServerHttpObservationFilter.doFilterInternal(ServerHttpObservationFilter.java:109) ~[spring-web-6.1.1.jar!/:6.1.1]
	at org.springframework.web.filter.OncePerRequestFilter.doFilter(OncePerRequestFilter.java:116) ~[spring-web-6.1.1.jar!/:6.1.1]
	at org.apache.catalina.core.ApplicationFilterChain.internalDoFilter(ApplicationFilterChain.java:174) ~[tomcat-embed-core-10.1.16.jar!/:na]
	at org.apache.catalina.core.ApplicationFilterChain.doFilter(ApplicationFilterChain.java:149) ~[tomcat-embed-core-10.1.16.jar!/:na]
	at org.springframework.web.filter.CharacterEncodingFilter.doFilterInternal(CharacterEncodingFilter.java:201) ~[spring-web-6.1.1.jar!/:6.1.1]
	at org.springframework.web.filter.OncePerRequestFilter.doFilter(OncePerRequestFilter.java:116) ~[spring-web-6.1.1.jar!/:6.1.1]
	at org.apache.catalina.core.ApplicationFilterChain.internalDoFilter(ApplicationFilterChain.java:174) ~[tomcat-embed-core-10.1.16.jar!/:na]
	at org.apache.catalina.core.ApplicationFilterChain.doFilter(ApplicationFilterChain.java:149) ~[tomcat-embed-core-10.1.16.jar!/:na]
	at org.apache.catalina.core.StandardWrapperValve.invoke(StandardWrapperValve.java:167) ~[tomcat-embed-core-10.1.16.jar!/:na]
	at org.apache.catalina.core.StandardContextValve.invoke(StandardContextValve.java:90) ~[tomcat-embed-core-10.1.16.jar!/:na]
	at org.apache.catalina.authenticator.AuthenticatorBase.invoke(AuthenticatorBase.java:482) ~[tomcat-embed-core-10.1.16.jar!/:na]
	at org.apache.catalina.core.StandardHostValve.invoke(StandardHostValve.java:115) ~[tomcat-embed-core-10.1.16.jar!/:na]
	at org.apache.catalina.valves.ErrorReportValve.invoke(ErrorReportValve.java:93) ~[tomcat-embed-core-10.1.16.jar!/:na]
	at org.apache.catalina.core.StandardEngineValve.invoke(StandardEngineValve.java:74) ~[tomcat-embed-core-10.1.16.jar!/:na]
	at org.apache.catalina.connector.CoyoteAdapter.service(CoyoteAdapter.java:340) ~[tomcat-embed-core-10.1.16.jar!/:na]
	at org.apache.coyote.http11.Http11Processor.service(Http11Processor.java:391) ~[tomcat-embed-core-10.1.16.jar!/:na]
	at org.apache.coyote.AbstractProcessorLight.process(AbstractProcessorLight.java:63) ~[tomcat-embed-core-10.1.16.jar!/:na]
	at org.apache.coyote.AbstractProtocol$ConnectionHandler.process(AbstractProtocol.java:896) ~[tomcat-embed-core-10.1.16.jar!/:na]
	at org.apache.tomcat.util.net.NioEndpoint$SocketProcessor.doRun(NioEndpoint.java:1744) ~[tomcat-embed-core-10.1.16.jar!/:na]
	at org.apache.tomcat.util.net.SocketProcessorBase.run(SocketProcessorBase.java:52) ~[tomcat-embed-core-10.1.16.jar!/:na]
	at org.apache.tomcat.util.threads.ThreadPoolExecutor.runWorker(ThreadPoolExecutor.java:1191) ~[tomcat-embed-core-10.1.16.jar!/:na]
	at org.apache.tomcat.util.threads.ThreadPoolExecutor$Worker.run(ThreadPoolExecutor.java:659) ~[tomcat-embed-core-10.1.16.jar!/:na]
	at org.apache.tomcat.util.threads.TaskThread$WrappingRunnable.run(TaskThread.java:61) ~[tomcat-embed-core-10.1.16.jar!/:na]
	at java.base/java.lang.Thread.run(Thread.java:840) ~[na:na]

Hibernate: select fs1_0.shlt_id,fs1_0.ctpv_nm,fs1_0.daddr,fs1_0.fclt_nm,fs1_0.lat,fs1_0.lot,fs1_0.mng_dept_nm,fs1_0.sgg_nm from flood fs1_0 limit ?,?
Hibernate: select count(fs1_0.shlt_id) from flood fs1_0
Hibernate: select fs1_0.shlt_id,fs1_0.ctpv_nm,fs1_0.daddr,fs1_0.fclt_nm,fs1_0.lat,fs1_0.lot,fs1_0.mng_dept_nm,fs1_0.sgg_nm from flood fs1_0 where fs1_0.shlt_id=?
Hibernate: insert into flood (ctpv_nm,daddr,fclt_nm,lat,lot,mng_dept_nm,sgg_nm,shlt_id) values (?,?,?,?,?,?,?,?)
2026-09-01T15:03:41.262+09:00  WARN 8324 --- [nio-8080-exec-2] o.h.engine.jdbc.spi.SqlExceptionHelper   : SQL Error: 1366, SQLState: HY000
2026-09-01T15:03:41.262+09:00 ERROR 8324 --- [nio-8080-exec-2] o.h.engine.jdbc.spi.SqlExceptionHelper   : Incorrect integer value: 'FL_e2147100-05f1-4f7b-88aa-8b1e63b99b6d' for column 'shlt_id' at row 1
2026-09-01T15:03:41.265+09:00 ERROR 8324 --- [nio-8080-exec-2] o.a.c.c.C.[.[.[/].[dispatcherServlet]    : Servlet.service() for servlet [dispatcherServlet] in context with path [] threw exception [Request processing failed: org.springframework.orm.jpa.JpaSystemException: could not execute statement [Incorrect integer value: 'FL_e2147100-05f1-4f7b-88aa-8b1e63b99b6d' for column 'shlt_id' at row 1] [insert into flood (ctpv_nm,daddr,fclt_nm,lat,lot,mng_dept_nm,sgg_nm,shlt_id) values (?,?,?,?,?,?,?,?)]] with root cause

java.sql.SQLException: Incorrect integer value: 'FL_e2147100-05f1-4f7b-88aa-8b1e63b99b6d' for column 'shlt_id' at row 1
	at com.mysql.cj.jdbc.exceptions.SQLError.createSQLException(SQLError.java:130) ~[mysql-connector-j-8.1.0.jar!/:8.1.0]
	at com.mysql.cj.jdbc.exceptions.SQLExceptionsMapping.translateException(SQLExceptionsMapping.java:122) ~[mysql-connector-j-8.1.0.jar!/:8.1.0]
	at com.mysql.cj.jdbc.ClientPreparedStatement.executeInternal(ClientPreparedStatement.java:916) ~[mysql-connector-j-8.1.0.jar!/:8.1.0]
	at com.mysql.cj.jdbc.ClientPreparedStatement.executeUpdateInternal(ClientPreparedStatement.java:1061) ~[mysql-connector-j-8.1.0.jar!/:8.1.0]
	at com.mysql.cj.jdbc.ClientPreparedStatement.executeUpdateInternal(ClientPreparedStatement.java:1009) ~[mysql-connector-j-8.1.0.jar!/:8.1.0]
	at com.mysql.cj.jdbc.ClientPreparedStatement.executeLargeUpdate(ClientPreparedStatement.java:1320) ~[mysql-connector-j-8.1.0.jar!/:8.1.0]
	at com.mysql.cj.jdbc.ClientPreparedStatement.executeUpdate(ClientPreparedStatement.java:994) ~[mysql-connector-j-8.1.0.jar!/:8.1.0]
	at com.zaxxer.hikari.pool.ProxyPreparedStatement.executeUpdate(ProxyPreparedStatement.java:61) ~[HikariCP-5.0.1.jar!/:na]
	at com.zaxxer.hikari.pool.HikariProxyPreparedStatement.executeUpdate(HikariProxyPreparedStatement.java) ~[HikariCP-5.0.1.jar!/:na]
	at org.hibernate.engine.jdbc.internal.ResultSetReturnImpl.executeUpdate(ResultSetReturnImpl.java:280) ~[hibernate-core-6.3.1.Final.jar!/:6.3.1.Final]
	at org.hibernate.engine.jdbc.mutation.internal.AbstractMutationExecutor.performNonBatchedMutation(AbstractMutationExecutor.java:107) ~[hibernate-core-6.3.1.Final.jar!/:6.3.1.Final]
	at org.hibernate.engine.jdbc.mutation.internal.MutationExecutorSingleNonBatched.performNonBatchedOperations(MutationExecutorSingleNonBatched.java:40) ~[hibernate-core-6.3.1.Final.jar!/:6.3.1.Final]
	at org.hibernate.engine.jdbc.mutation.internal.AbstractMutationExecutor.execute(AbstractMutationExecutor.java:52) ~[hibernate-core-6.3.1.Final.jar!/:6.3.1.Final]
	at org.hibernate.persister.entity.mutation.InsertCoordinator.doStaticInserts(InsertCoordinator.java:171) ~[hibernate-core-6.3.1.Final.jar!/:6.3.1.Final]
	at org.hibernate.persister.entity.mutation.InsertCoordinator.coordinateInsert(InsertCoordinator.java:112) ~[hibernate-core-6.3.1.Final.jar!/:6.3.1.Final]
	at org.hibernate.persister.entity.AbstractEntityPersister.insert(AbstractEntityPersister.java:2865) ~[hibernate-core-6.3.1.Final.jar!/:6.3.1.Final]
	at org.hibernate.action.internal.EntityInsertAction.execute(EntityInsertAction.java:102) ~[hibernate-core-6.3.1.Final.jar!/:6.3.1.Final]
	at org.hibernate.engine.spi.ActionQueue.executeActions(ActionQueue.java:631) ~[hibernate-core-6.3.1.Final.jar!/:6.3.1.Final]
	at org.hibernate.engine.spi.ActionQueue.executeActions(ActionQueue.java:498) ~[hibernate-core-6.3.1.Final.jar!/:6.3.1.Final]
	at org.hibernate.event.internal.AbstractFlushingEventListener.performExecutions(AbstractFlushingEventListener.java:363) ~[hibernate-core-6.3.1.Final.jar!/:6.3.1.Final]
	at org.hibernate.event.internal.DefaultFlushEventListener.onFlush(DefaultFlushEventListener.java:39) ~[hibernate-core-6.3.1.Final.jar!/:6.3.1.Final]
	at org.hibernate.event.service.internal.EventListenerGroupImpl.fireEventOnEachListener(EventListenerGroupImpl.java:127) ~[hibernate-core-6.3.1.Final.jar!/:6.3.1.Final]
	at org.hibernate.internal.SessionImpl.doFlush(SessionImpl.java:1415) ~[hibernate-core-6.3.1.Final.jar!/:6.3.1.Final]
	at org.hibernate.internal.SessionImpl.managedFlush(SessionImpl.java:496) ~[hibernate-core-6.3.1.Final.jar!/:6.3.1.Final]
	at org.hibernate.internal.SessionImpl.flushBeforeTransactionCompletion(SessionImpl.java:2325) ~[hibernate-core-6.3.1.Final.jar!/:6.3.1.Final]
	at org.hibernate.internal.SessionImpl.beforeTransactionCompletion(SessionImpl.java:1988) ~[hibernate-core-6.3.1.Final.jar!/:6.3.1.Final]
	at org.hibernate.engine.jdbc.internal.JdbcCoordinatorImpl.beforeTransactionCompletion(JdbcCoordinatorImpl.java:439) ~[hibernate-core-6.3.1.Final.jar!/:6.3.1.Final]
	at org.hibernate.resource.transaction.backend.jdbc.internal.JdbcResourceLocalTransactionCoordinatorImpl.beforeCompletionCallback(JdbcResourceLocalTransactionCoordinatorImpl.java:169) ~[hibernate-core-6.3.1.Final.jar!/:6.3.1.Final]
	at org.hibernate.resource.transaction.backend.jdbc.internal.JdbcResourceLocalTransactionCoordinatorImpl$TransactionDriverControlImpl.commit(JdbcResourceLocalTransactionCoordinatorImpl.java:267) ~[hibernate-core-6.3.1.Final.jar!/:6.3.1.Final]
	at org.hibernate.engine.transaction.internal.TransactionImpl.commit(TransactionImpl.java:101) ~[hibernate-core-6.3.1.Final.jar!/:6.3.1.Final]
	at org.springframework.orm.jpa.JpaTransactionManager.doCommit(JpaTransactionManager.java:561) ~[spring-orm-6.1.1.jar!/:6.1.1]
	at org.springframework.transaction.support.AbstractPlatformTransactionManager.processCommit(AbstractPlatformTransactionManager.java:794) ~[spring-tx-6.1.1.jar!/:6.1.1]
	at org.springframework.transaction.support.AbstractPlatformTransactionManager.commit(AbstractPlatformTransactionManager.java:757) ~[spring-tx-6.1.1.jar!/:6.1.1]
	at org.springframework.transaction.interceptor.TransactionAspectSupport.commitTransactionAfterReturning(TransactionAspectSupport.java:669) ~[spring-tx-6.1.1.jar!/:6.1.1]
	at org.springframework.transaction.interceptor.TransactionAspectSupport.invokeWithinTransaction(TransactionAspectSupport.java:419) ~[spring-tx-6.1.1.jar!/:6.1.1]
	at org.springframework.transaction.interceptor.TransactionInterceptor.invoke(TransactionInterceptor.java:119) ~[spring-tx-6.1.1.jar!/:6.1.1]
	at org.springframework.aop.framework.ReflectiveMethodInvocation.proceed(ReflectiveMethodInvocation.java:184) ~[spring-aop-6.1.1.jar!/:6.1.1]
	at org.springframework.aop.framework.CglibAopProxy$CglibMethodInvocation.proceed(CglibAopProxy.java:765) ~[spring-aop-6.1.1.jar!/:6.1.1]
	at org.springframework.aop.framework.CglibAopProxy$DynamicAdvisedInterceptor.intercept(CglibAopProxy.java:717) ~[spring-aop-6.1.1.jar!/:6.1.1]
	at com.example.demo.service.FloodShelterService$$SpringCGLIB$$0.save(<generated>) ~[!/:0.0.1-SNAPSHOT]
	at com.example.demo.controller.FloodShelterController.writeFloodShelter(FloodShelterController.java:54) ~[!/:0.0.1-SNAPSHOT]
	at java.base/jdk.internal.reflect.NativeMethodAccessorImpl.invoke0(Native Method) ~[na:na]
	at java.base/jdk.internal.reflect.NativeMethodAccessorImpl.invoke(NativeMethodAccessorImpl.java:77) ~[na:na]
	at java.base/jdk.internal.reflect.DelegatingMethodAccessorImpl.invoke(DelegatingMethodAccessorImpl.java:43) ~[na:na]
	at java.base/java.lang.reflect.Method.invoke(Method.java:569) ~[na:na]
	at org.springframework.web.method.support.InvocableHandlerMethod.doInvoke(InvocableHandlerMethod.java:254) ~[spring-web-6.1.1.jar!/:6.1.1]
	at org.springframework.web.method.support.InvocableHandlerMethod.invokeForRequest(InvocableHandlerMethod.java:182) ~[spring-web-6.1.1.jar!/:6.1.1]
	at org.springframework.web.servlet.mvc.method.annotation.ServletInvocableHandlerMethod.invokeAndHandle(ServletInvocableHandlerMethod.java:118) ~[spring-webmvc-6.1.1.jar!/:6.1.1]
	at org.springframework.web.servlet.mvc.method.annotation.RequestMappingHandlerAdapter.invokeHandlerMethod(RequestMappingHandlerAdapter.java:917) ~[spring-webmvc-6.1.1.jar!/:6.1.1]
	at org.springframework.web.servlet.mvc.method.annotation.RequestMappingHandlerAdapter.handleInternal(RequestMappingHandlerAdapter.java:829) ~[spring-webmvc-6.1.1.jar!/:6.1.1]
	at org.springframework.web.servlet.mvc.method.AbstractHandlerMethodAdapter.handle(AbstractHandlerMethodAdapter.java:87) ~[spring-webmvc-6.1.1.jar!/:6.1.1]
	at org.springframework.web.servlet.DispatcherServlet.doDispatch(DispatcherServlet.java:1089) ~[spring-webmvc-6.1.1.jar!/:6.1.1]
	at org.springframework.web.servlet.DispatcherServlet.doService(DispatcherServlet.java:979) ~[spring-webmvc-6.1.1.jar!/:6.1.1]
	at org.springframework.web.servlet.FrameworkServlet.processRequest(FrameworkServlet.java:1014) ~[spring-webmvc-6.1.1.jar!/:6.1.1]
	at org.springframework.web.servlet.FrameworkServlet.doPost(FrameworkServlet.java:914) ~[spring-webmvc-6.1.1.jar!/:6.1.1]
	at jakarta.servlet.http.HttpServlet.service(HttpServlet.java:590) ~[tomcat-embed-core-10.1.16.jar!/:na]
	at org.springframework.web.servlet.FrameworkServlet.service(FrameworkServlet.java:885) ~[spring-webmvc-6.1.1.jar!/:6.1.1]
	at jakarta.servlet.http.HttpServlet.service(HttpServlet.java:658) ~[tomcat-embed-core-10.1.16.jar!/:na]
	at org.apache.catalina.core.ApplicationFilterChain.internalDoFilter(ApplicationFilterChain.java:205) ~[tomcat-embed-core-10.1.16.jar!/:na]
	at org.apache.catalina.core.ApplicationFilterChain.doFilter(ApplicationFilterChain.java:149) ~[tomcat-embed-core-10.1.16.jar!/:na]
	at org.apache.tomcat.websocket.server.WsFilter.doFilter(WsFilter.java:51) ~[tomcat-embed-websocket-10.1.16.jar!/:na]
	at org.apache.catalina.core.ApplicationFilterChain.internalDoFilter(ApplicationFilterChain.java:174) ~[tomcat-embed-core-10.1.16.jar!/:na]
	at org.apache.catalina.core.ApplicationFilterChain.doFilter(ApplicationFilterChain.java:149) ~[tomcat-embed-core-10.1.16.jar!/:na]
	at org.springframework.web.filter.RequestContextFilter.doFilterInternal(RequestContextFilter.java:100) ~[spring-web-6.1.1.jar!/:6.1.1]
	at org.springframework.web.filter.OncePerRequestFilter.doFilter(OncePerRequestFilter.java:116) ~[spring-web-6.1.1.jar!/:6.1.1]
	at org.apache.catalina.core.ApplicationFilterChain.internalDoFilter(ApplicationFilterChain.java:174) ~[tomcat-embed-core-10.1.16.jar!/:na]
	at org.apache.catalina.core.ApplicationFilterChain.doFilter(ApplicationFilterChain.java:149) ~[tomcat-embed-core-10.1.16.jar!/:na]
	at org.springframework.web.filter.FormContentFilter.doFilterInternal(FormContentFilter.java:93) ~[spring-web-6.1.1.jar!/:6.1.1]
	at org.springframework.web.filter.OncePerRequestFilter.doFilter(OncePerRequestFilter.java:116) ~[spring-web-6.1.1.jar!/:6.1.1]
	at org.apache.catalina.core.ApplicationFilterChain.internalDoFilter(ApplicationFilterChain.java:174) ~[tomcat-embed-core-10.1.16.jar!/:na]
	at org.apache.catalina.core.ApplicationFilterChain.doFilter(ApplicationFilterChain.java:149) ~[tomcat-embed-core-10.1.16.jar!/:na]
	at org.springframework.web.filter.ServerHttpObservationFilter.doFilterInternal(ServerHttpObservationFilter.java:109) ~[spring-web-6.1.1.jar!/:6.1.1]
	at org.springframework.web.filter.OncePerRequestFilter.doFilter(OncePerRequestFilter.java:116) ~[spring-web-6.1.1.jar!/:6.1.1]
	at org.apache.catalina.core.ApplicationFilterChain.internalDoFilter(ApplicationFilterChain.java:174) ~[tomcat-embed-core-10.1.16.jar!/:na]
	at org.apache.catalina.core.ApplicationFilterChain.doFilter(ApplicationFilterChain.java:149) ~[tomcat-embed-core-10.1.16.jar!/:na]
	at org.springframework.web.filter.CharacterEncodingFilter.doFilterInternal(CharacterEncodingFilter.java:201) ~[spring-web-6.1.1.jar!/:6.1.1]
	at org.springframework.web.filter.OncePerRequestFilter.doFilter(OncePerRequestFilter.java:116) ~[spring-web-6.1.1.jar!/:6.1.1]
	at org.apache.catalina.core.ApplicationFilterChain.internalDoFilter(ApplicationFilterChain.java:174) ~[tomcat-embed-core-10.1.16.jar!/:na]
	at org.apache.catalina.core.ApplicationFilterChain.doFilter(ApplicationFilterChain.java:149) ~[tomcat-embed-core-10.1.16.jar!/:na]
	at org.apache.catalina.core.StandardWrapperValve.invoke(StandardWrapperValve.java:167) ~[tomcat-embed-core-10.1.16.jar!/:na]
	at org.apache.catalina.core.StandardContextValve.invoke(StandardContextValve.java:90) ~[tomcat-embed-core-10.1.16.jar!/:na]
	at org.apache.catalina.authenticator.AuthenticatorBase.invoke(AuthenticatorBase.java:482) ~[tomcat-embed-core-10.1.16.jar!/:na]
	at org.apache.catalina.core.StandardHostValve.invoke(StandardHostValve.java:115) ~[tomcat-embed-core-10.1.16.jar!/:na]
	at org.apache.catalina.valves.ErrorReportValve.invoke(ErrorReportValve.java:93) ~[tomcat-embed-core-10.1.16.jar!/:na]
	at org.apache.catalina.core.StandardEngineValve.invoke(StandardEngineValve.java:74) ~[tomcat-embed-core-10.1.16.jar!/:na]
	at org.apache.catalina.connector.CoyoteAdapter.service(CoyoteAdapter.java:340) ~[tomcat-embed-core-10.1.16.jar!/:na]
	at org.apache.coyote.http11.Http11Processor.service(Http11Processor.java:391) ~[tomcat-embed-core-10.1.16.jar!/:na]
	at org.apache.coyote.AbstractProcessorLight.process(AbstractProcessorLight.java:63) ~[tomcat-embed-core-10.1.16.jar!/:na]
	at org.apache.coyote.AbstractProtocol$ConnectionHandler.process(AbstractProtocol.java:896) ~[tomcat-embed-core-10.1.16.jar!/:na]
	at org.apache.tomcat.util.net.NioEndpoint$SocketProcessor.doRun(NioEndpoint.java:1744) ~[tomcat-embed-core-10.1.16.jar!/:na]
	at org.apache.tomcat.util.net.SocketProcessorBase.run(SocketProcessorBase.java:52) ~[tomcat-embed-core-10.1.16.jar!/:na]
	at org.apache.tomcat.util.threads.ThreadPoolExecutor.runWorker(ThreadPoolExecutor.java:1191) ~[tomcat-embed-core-10.1.16.jar!/:na]
	at org.apache.tomcat.util.threads.ThreadPoolExecutor$Worker.run(ThreadPoolExecutor.java:659) ~[tomcat-embed-core-10.1.16.jar!/:na]
	at org.apache.tomcat.util.threads.TaskThread$WrappingRunnable.run(TaskThread.java:61) ~[tomcat-embed-core-10.1.16.jar!/:na]
	at java.base/java.lang.Thread.run(Thread.java:840) ~[na:na]

Hibernate: select fs1_0.shlt_id,fs1_0.ctpv_nm,fs1_0.daddr,fs1_0.fclt_nm,fs1_0.lat,fs1_0.lot,fs1_0.mng_dept_nm,fs1_0.sgg_nm from flood fs1_0 where fs1_0.shlt_id=?
Hibernate: insert into flood (ctpv_nm,daddr,fclt_nm,lat,lot,mng_dept_nm,sgg_nm,shlt_id) values (?,?,?,?,?,?,?,?)
2026-09-01T15:04:07.750+09:00  WARN 8324 --- [nio-8080-exec-5] o.h.engine.jdbc.spi.SqlExceptionHelper   : SQL Error: 1366, SQLState: HY000
2026-09-01T15:04:07.750+09:00 ERROR 8324 --- [nio-8080-exec-5] o.h.engine.jdbc.spi.SqlExceptionHelper   : Incorrect integer value: 'FL_48270e7a-d141-4eac-976e-1c84ce2eb959' for column 'shlt_id' at row 1
2026-09-01T15:04:07.751+09:00 ERROR 8324 --- [nio-8080-exec-5] o.a.c.c.C.[.[.[/].[dispatcherServlet]    : Servlet.service() for servlet [dispatcherServlet] in context with path [] threw exception [Request processing failed: org.springframework.orm.jpa.JpaSystemException: could not execute statement [Incorrect integer value: 'FL_48270e7a-d141-4eac-976e-1c84ce2eb959' for column 'shlt_id' at row 1] [insert into flood (ctpv_nm,daddr,fclt_nm,lat,lot,mng_dept_nm,sgg_nm,shlt_id) values (?,?,?,?,?,?,?,?)]] with root cause

java.sql.SQLException: Incorrect integer value: 'FL_48270e7a-d141-4eac-976e-1c84ce2eb959' for column 'shlt_id' at row 1
	at com.mysql.cj.jdbc.exceptions.SQLError.createSQLException(SQLError.java:130) ~[mysql-connector-j-8.1.0.jar!/:8.1.0]
	at com.mysql.cj.jdbc.exceptions.SQLExceptionsMapping.translateException(SQLExceptionsMapping.java:122) ~[mysql-connector-j-8.1.0.jar!/:8.1.0]
	at com.mysql.cj.jdbc.ClientPreparedStatement.executeInternal(ClientPreparedStatement.java:916) ~[mysql-connector-j-8.1.0.jar!/:8.1.0]
	at com.mysql.cj.jdbc.ClientPreparedStatement.executeUpdateInternal(ClientPreparedStatement.java:1061) ~[mysql-connector-j-8.1.0.jar!/:8.1.0]
	at com.mysql.cj.jdbc.ClientPreparedStatement.executeUpdateInternal(ClientPreparedStatement.java:1009) ~[mysql-connector-j-8.1.0.jar!/:8.1.0]
	at com.mysql.cj.jdbc.ClientPreparedStatement.executeLargeUpdate(ClientPreparedStatement.java:1320) ~[mysql-connector-j-8.1.0.jar!/:8.1.0]
	at com.mysql.cj.jdbc.ClientPreparedStatement.executeUpdate(ClientPreparedStatement.java:994) ~[mysql-connector-j-8.1.0.jar!/:8.1.0]
	at com.zaxxer.hikari.pool.ProxyPreparedStatement.executeUpdate(ProxyPreparedStatement.java:61) ~[HikariCP-5.0.1.jar!/:na]
	at com.zaxxer.hikari.pool.HikariProxyPreparedStatement.executeUpdate(HikariProxyPreparedStatement.java) ~[HikariCP-5.0.1.jar!/:na]
	at org.hibernate.engine.jdbc.internal.ResultSetReturnImpl.executeUpdate(ResultSetReturnImpl.java:280) ~[hibernate-core-6.3.1.Final.jar!/:6.3.1.Final]
	at org.hibernate.engine.jdbc.mutation.internal.AbstractMutationExecutor.performNonBatchedMutation(AbstractMutationExecutor.java:107) ~[hibernate-core-6.3.1.Final.jar!/:6.3.1.Final]
	at org.hibernate.engine.jdbc.mutation.internal.MutationExecutorSingleNonBatched.performNonBatchedOperations(MutationExecutorSingleNonBatched.java:40) ~[hibernate-core-6.3.1.Final.jar!/:6.3.1.Final]
	at org.hibernate.engine.jdbc.mutation.internal.AbstractMutationExecutor.execute(AbstractMutationExecutor.java:52) ~[hibernate-core-6.3.1.Final.jar!/:6.3.1.Final]
	at org.hibernate.persister.entity.mutation.InsertCoordinator.doStaticInserts(InsertCoordinator.java:171) ~[hibernate-core-6.3.1.Final.jar!/:6.3.1.Final]
	at org.hibernate.persister.entity.mutation.InsertCoordinator.coordinateInsert(InsertCoordinator.java:112) ~[hibernate-core-6.3.1.Final.jar!/:6.3.1.Final]
	at org.hibernate.persister.entity.AbstractEntityPersister.insert(AbstractEntityPersister.java:2865) ~[hibernate-core-6.3.1.Final.jar!/:6.3.1.Final]
	at org.hibernate.action.internal.EntityInsertAction.execute(EntityInsertAction.java:102) ~[hibernate-core-6.3.1.Final.jar!/:6.3.1.Final]
	at org.hibernate.engine.spi.ActionQueue.executeActions(ActionQueue.java:631) ~[hibernate-core-6.3.1.Final.jar!/:6.3.1.Final]
	at org.hibernate.engine.spi.ActionQueue.executeActions(ActionQueue.java:498) ~[hibernate-core-6.3.1.Final.jar!/:6.3.1.Final]
	at org.hibernate.event.internal.AbstractFlushingEventListener.performExecutions(AbstractFlushingEventListener.java:363) ~[hibernate-core-6.3.1.Final.jar!/:6.3.1.Final]
	at org.hibernate.event.internal.DefaultFlushEventListener.onFlush(DefaultFlushEventListener.java:39) ~[hibernate-core-6.3.1.Final.jar!/:6.3.1.Final]
	at org.hibernate.event.service.internal.EventListenerGroupImpl.fireEventOnEachListener(EventListenerGroupImpl.java:127) ~[hibernate-core-6.3.1.Final.jar!/:6.3.1.Final]
	at org.hibernate.internal.SessionImpl.doFlush(SessionImpl.java:1415) ~[hibernate-core-6.3.1.Final.jar!/:6.3.1.Final]
	at org.hibernate.internal.SessionImpl.managedFlush(SessionImpl.java:496) ~[hibernate-core-6.3.1.Final.jar!/:6.3.1.Final]
	at org.hibernate.internal.SessionImpl.flushBeforeTransactionCompletion(SessionImpl.java:2325) ~[hibernate-core-6.3.1.Final.jar!/:6.3.1.Final]
	at org.hibernate.internal.SessionImpl.beforeTransactionCompletion(SessionImpl.java:1988) ~[hibernate-core-6.3.1.Final.jar!/:6.3.1.Final]
	at org.hibernate.engine.jdbc.internal.JdbcCoordinatorImpl.beforeTransactionCompletion(JdbcCoordinatorImpl.java:439) ~[hibernate-core-6.3.1.Final.jar!/:6.3.1.Final]
	at org.hibernate.resource.transaction.backend.jdbc.internal.JdbcResourceLocalTransactionCoordinatorImpl.beforeCompletionCallback(JdbcResourceLocalTransactionCoordinatorImpl.java:169) ~[hibernate-core-6.3.1.Final.jar!/:6.3.1.Final]
	at org.hibernate.resource.transaction.backend.jdbc.internal.JdbcResourceLocalTransactionCoordinatorImpl$TransactionDriverControlImpl.commit(JdbcResourceLocalTransactionCoordinatorImpl.java:267) ~[hibernate-core-6.3.1.Final.jar!/:6.3.1.Final]
	at org.hibernate.engine.transaction.internal.TransactionImpl.commit(TransactionImpl.java:101) ~[hibernate-core-6.3.1.Final.jar!/:6.3.1.Final]
	at org.springframework.orm.jpa.JpaTransactionManager.doCommit(JpaTransactionManager.java:561) ~[spring-orm-6.1.1.jar!/:6.1.1]
	at org.springframework.transaction.support.AbstractPlatformTransactionManager.processCommit(AbstractPlatformTransactionManager.java:794) ~[spring-tx-6.1.1.jar!/:6.1.1]
	at org.springframework.transaction.support.AbstractPlatformTransactionManager.commit(AbstractPlatformTransactionManager.java:757) ~[spring-tx-6.1.1.jar!/:6.1.1]
	at org.springframework.transaction.interceptor.TransactionAspectSupport.commitTransactionAfterReturning(TransactionAspectSupport.java:669) ~[spring-tx-6.1.1.jar!/:6.1.1]
	at org.springframework.transaction.interceptor.TransactionAspectSupport.invokeWithinTransaction(TransactionAspectSupport.java:419) ~[spring-tx-6.1.1.jar!/:6.1.1]
	at org.springframework.transaction.interceptor.TransactionInterceptor.invoke(TransactionInterceptor.java:119) ~[spring-tx-6.1.1.jar!/:6.1.1]
	at org.springframework.aop.framework.ReflectiveMethodInvocation.proceed(ReflectiveMethodInvocation.java:184) ~[spring-aop-6.1.1.jar!/:6.1.1]
	at org.springframework.aop.framework.CglibAopProxy$CglibMethodInvocation.proceed(CglibAopProxy.java:765) ~[spring-aop-6.1.1.jar!/:6.1.1]
	at org.springframework.aop.framework.CglibAopProxy$DynamicAdvisedInterceptor.intercept(CglibAopProxy.java:717) ~[spring-aop-6.1.1.jar!/:6.1.1]
	at com.example.demo.service.FloodShelterService$$SpringCGLIB$$0.save(<generated>) ~[!/:0.0.1-SNAPSHOT]
	at com.example.demo.controller.FloodShelterController.writeFloodShelter(FloodShelterController.java:54) ~[!/:0.0.1-SNAPSHOT]
	at java.base/jdk.internal.reflect.NativeMethodAccessorImpl.invoke0(Native Method) ~[na:na]
	at java.base/jdk.internal.reflect.NativeMethodAccessorImpl.invoke(NativeMethodAccessorImpl.java:77) ~[na:na]
	at java.base/jdk.internal.reflect.DelegatingMethodAccessorImpl.invoke(DelegatingMethodAccessorImpl.java:43) ~[na:na]
	at java.base/java.lang.reflect.Method.invoke(Method.java:569) ~[na:na]
	at org.springframework.web.method.support.InvocableHandlerMethod.doInvoke(InvocableHandlerMethod.java:254) ~[spring-web-6.1.1.jar!/:6.1.1]
	at org.springframework.web.method.support.InvocableHandlerMethod.invokeForRequest(InvocableHandlerMethod.java:182) ~[spring-web-6.1.1.jar!/:6.1.1]
	at org.springframework.web.servlet.mvc.method.annotation.ServletInvocableHandlerMethod.invokeAndHandle(ServletInvocableHandlerMethod.java:118) ~[spring-webmvc-6.1.1.jar!/:6.1.1]
	at org.springframework.web.servlet.mvc.method.annotation.RequestMappingHandlerAdapter.invokeHandlerMethod(RequestMappingHandlerAdapter.java:917) ~[spring-webmvc-6.1.1.jar!/:6.1.1]
	at org.springframework.web.servlet.mvc.method.annotation.RequestMappingHandlerAdapter.handleInternal(RequestMappingHandlerAdapter.java:829) ~[spring-webmvc-6.1.1.jar!/:6.1.1]
	at org.springframework.web.servlet.mvc.method.AbstractHandlerMethodAdapter.handle(AbstractHandlerMethodAdapter.java:87) ~[spring-webmvc-6.1.1.jar!/:6.1.1]
	at org.springframework.web.servlet.DispatcherServlet.doDispatch(DispatcherServlet.java:1089) ~[spring-webmvc-6.1.1.jar!/:6.1.1]
	at org.springframework.web.servlet.DispatcherServlet.doService(DispatcherServlet.java:979) ~[spring-webmvc-6.1.1.jar!/:6.1.1]
	at org.springframework.web.servlet.FrameworkServlet.processRequest(FrameworkServlet.java:1014) ~[spring-webmvc-6.1.1.jar!/:6.1.1]
	at org.springframework.web.servlet.FrameworkServlet.doPost(FrameworkServlet.java:914) ~[spring-webmvc-6.1.1.jar!/:6.1.1]
	at jakarta.servlet.http.HttpServlet.service(HttpServlet.java:590) ~[tomcat-embed-core-10.1.16.jar!/:na]
	at org.springframework.web.servlet.FrameworkServlet.service(FrameworkServlet.java:885) ~[spring-webmvc-6.1.1.jar!/:6.1.1]
	at jakarta.servlet.http.HttpServlet.service(HttpServlet.java:658) ~[tomcat-embed-core-10.1.16.jar!/:na]
	at org.apache.catalina.core.ApplicationFilterChain.internalDoFilter(ApplicationFilterChain.java:205) ~[tomcat-embed-core-10.1.16.jar!/:na]
	at org.apache.catalina.core.ApplicationFilterChain.doFilter(ApplicationFilterChain.java:149) ~[tomcat-embed-core-10.1.16.jar!/:na]
	at org.apache.tomcat.websocket.server.WsFilter.doFilter(WsFilter.java:51) ~[tomcat-embed-websocket-10.1.16.jar!/:na]
	at org.apache.catalina.core.ApplicationFilterChain.internalDoFilter(ApplicationFilterChain.java:174) ~[tomcat-embed-core-10.1.16.jar!/:na]
	at org.apache.catalina.core.ApplicationFilterChain.doFilter(ApplicationFilterChain.java:149) ~[tomcat-embed-core-10.1.16.jar!/:na]
	at org.springframework.web.filter.RequestContextFilter.doFilterInternal(RequestContextFilter.java:100) ~[spring-web-6.1.1.jar!/:6.1.1]
	at org.springframework.web.filter.OncePerRequestFilter.doFilter(OncePerRequestFilter.java:116) ~[spring-web-6.1.1.jar!/:6.1.1]
	at org.apache.catalina.core.ApplicationFilterChain.internalDoFilter(ApplicationFilterChain.java:174) ~[tomcat-embed-core-10.1.16.jar!/:na]
	at org.apache.catalina.core.ApplicationFilterChain.doFilter(ApplicationFilterChain.java:149) ~[tomcat-embed-core-10.1.16.jar!/:na]
	at org.springframework.web.filter.FormContentFilter.doFilterInternal(FormContentFilter.java:93) ~[spring-web-6.1.1.jar!/:6.1.1]
	at org.springframework.web.filter.OncePerRequestFilter.doFilter(OncePerRequestFilter.java:116) ~[spring-web-6.1.1.jar!/:6.1.1]
	at org.apache.catalina.core.ApplicationFilterChain.internalDoFilter(ApplicationFilterChain.java:174) ~[tomcat-embed-core-10.1.16.jar!/:na]
	at org.apache.catalina.core.ApplicationFilterChain.doFilter(ApplicationFilterChain.java:149) ~[tomcat-embed-core-10.1.16.jar!/:na]
	at org.springframework.web.filter.ServerHttpObservationFilter.doFilterInternal(ServerHttpObservationFilter.java:109) ~[spring-web-6.1.1.jar!/:6.1.1]
	at org.springframework.web.filter.OncePerRequestFilter.doFilter(OncePerRequestFilter.java:116) ~[spring-web-6.1.1.jar!/:6.1.1]
	at org.apache.catalina.core.ApplicationFilterChain.internalDoFilter(ApplicationFilterChain.java:174) ~[tomcat-embed-core-10.1.16.jar!/:na]
	at org.apache.catalina.core.ApplicationFilterChain.doFilter(ApplicationFilterChain.java:149) ~[tomcat-embed-core-10.1.16.jar!/:na]
	at org.springframework.web.filter.CharacterEncodingFilter.doFilterInternal(CharacterEncodingFilter.java:201) ~[spring-web-6.1.1.jar!/:6.1.1]
	at org.springframework.web.filter.OncePerRequestFilter.doFilter(OncePerRequestFilter.java:116) ~[spring-web-6.1.1.jar!/:6.1.1]
	at org.apache.catalina.core.ApplicationFilterChain.internalDoFilter(ApplicationFilterChain.java:174) ~[tomcat-embed-core-10.1.16.jar!/:na]
	at org.apache.catalina.core.ApplicationFilterChain.doFilter(ApplicationFilterChain.java:149) ~[tomcat-embed-core-10.1.16.jar!/:na]
	at org.apache.catalina.core.StandardWrapperValve.invoke(StandardWrapperValve.java:167) ~[tomcat-embed-core-10.1.16.jar!/:na]
	at org.apache.catalina.core.StandardContextValve.invoke(StandardContextValve.java:90) ~[tomcat-embed-core-10.1.16.jar!/:na]
	at org.apache.catalina.authenticator.AuthenticatorBase.invoke(AuthenticatorBase.java:482) ~[tomcat-embed-core-10.1.16.jar!/:na]
	at org.apache.catalina.core.StandardHostValve.invoke(StandardHostValve.java:115) ~[tomcat-embed-core-10.1.16.jar!/:na]
	at org.apache.catalina.valves.ErrorReportValve.invoke(ErrorReportValve.java:93) ~[tomcat-embed-core-10.1.16.jar!/:na]
	at org.apache.catalina.core.StandardEngineValve.invoke(StandardEngineValve.java:74) ~[tomcat-embed-core-10.1.16.jar!/:na]
	at org.apache.catalina.connector.CoyoteAdapter.service(CoyoteAdapter.java:340) ~[tomcat-embed-core-10.1.16.jar!/:na]
	at org.apache.coyote.http11.Http11Processor.service(Http11Processor.java:391) ~[tomcat-embed-core-10.1.16.jar!/:na]
	at org.apache.coyote.AbstractProcessorLight.process(AbstractProcessorLight.java:63) ~[tomcat-embed-core-10.1.16.jar!/:na]
	at org.apache.coyote.AbstractProtocol$ConnectionHandler.process(AbstractProtocol.java:896) ~[tomcat-embed-core-10.1.16.jar!/:na]
	at org.apache.tomcat.util.net.NioEndpoint$SocketProcessor.doRun(NioEndpoint.java:1744) ~[tomcat-embed-core-10.1.16.jar!/:na]
	at org.apache.tomcat.util.net.SocketProcessorBase.run(SocketProcessorBase.java:52) ~[tomcat-embed-core-10.1.16.jar!/:na]
	at org.apache.tomcat.util.threads.ThreadPoolExecutor.runWorker(ThreadPoolExecutor.java:1191) ~[tomcat-embed-core-10.1.16.jar!/:na]
	at org.apache.tomcat.util.threads.ThreadPoolExecutor$Worker.run(ThreadPoolExecutor.java:659) ~[tomcat-embed-core-10.1.16.jar!/:na]
	at org.apache.tomcat.util.threads.TaskThread$WrappingRunnable.run(TaskThread.java:61) ~[tomcat-embed-core-10.1.16.jar!/:na]
	at java.base/java.lang.Thread.run(Thread.java:840) ~[na:na]

Hibernate: select fs1_0.shlt_id,fs1_0.ctpv_nm,fs1_0.daddr,fs1_0.fclt_nm,fs1_0.lat,fs1_0.lot,fs1_0.mng_dept_nm,fs1_0.sgg_nm from flood fs1_0 where fs1_0.shlt_id=?
Hibernate: insert into flood (ctpv_nm,daddr,fclt_nm,lat,lot,mng_dept_nm,sgg_nm,shlt_id) values (?,?,?,?,?,?,?,?)
2026-09-01T15:05:55.005+09:00  WARN 8324 --- [io-8080-exec-10] o.h.engine.jdbc.spi.SqlExceptionHelper   : SQL Error: 1366, SQLState: HY000
2026-09-01T15:05:55.005+09:00 ERROR 8324 --- [io-8080-exec-10] o.h.engine.jdbc.spi.SqlExceptionHelper   : Incorrect integer value: 'FL_4278cc82-59a0-4bb9-969f-3bab24bdda37' for column 'shlt_id' at row 1
2026-09-01T15:05:55.006+09:00 ERROR 8324 --- [io-8080-exec-10] o.a.c.c.C.[.[.[/].[dispatcherServlet]    : Servlet.service() for servlet [dispatcherServlet] in context with path [] threw exception [Request processing failed: org.springframework.orm.jpa.JpaSystemException: could not execute statement [Incorrect integer value: 'FL_4278cc82-59a0-4bb9-969f-3bab24bdda37' for column 'shlt_id' at row 1] [insert into flood (ctpv_nm,daddr,fclt_nm,lat,lot,mng_dept_nm,sgg_nm,shlt_id) values (?,?,?,?,?,?,?,?)]] with root cause

java.sql.SQLException: Incorrect integer value: 'FL_4278cc82-59a0-4bb9-969f-3bab24bdda37' for column 'shlt_id' at row 1
	at com.mysql.cj.jdbc.exceptions.SQLError.createSQLException(SQLError.java:130) ~[mysql-connector-j-8.1.0.jar!/:8.1.0]
	at com.mysql.cj.jdbc.exceptions.SQLExceptionsMapping.translateException(SQLExceptionsMapping.java:122) ~[mysql-connector-j-8.1.0.jar!/:8.1.0]
	at com.mysql.cj.jdbc.ClientPreparedStatement.executeInternal(ClientPreparedStatement.java:916) ~[mysql-connector-j-8.1.0.jar!/:8.1.0]
	at com.mysql.cj.jdbc.ClientPreparedStatement.executeUpdateInternal(ClientPreparedStatement.java:1061) ~[mysql-connector-j-8.1.0.jar!/:8.1.0]
	at com.mysql.cj.jdbc.ClientPreparedStatement.executeUpdateInternal(ClientPreparedStatement.java:1009) ~[mysql-connector-j-8.1.0.jar!/:8.1.0]
	at com.mysql.cj.jdbc.ClientPreparedStatement.executeLargeUpdate(ClientPreparedStatement.java:1320) ~[mysql-connector-j-8.1.0.jar!/:8.1.0]
	at com.mysql.cj.jdbc.ClientPreparedStatement.executeUpdate(ClientPreparedStatement.java:994) ~[mysql-connector-j-8.1.0.jar!/:8.1.0]
	at com.zaxxer.hikari.pool.ProxyPreparedStatement.executeUpdate(ProxyPreparedStatement.java:61) ~[HikariCP-5.0.1.jar!/:na]
	at com.zaxxer.hikari.pool.HikariProxyPreparedStatement.executeUpdate(HikariProxyPreparedStatement.java) ~[HikariCP-5.0.1.jar!/:na]
	at org.hibernate.engine.jdbc.internal.ResultSetReturnImpl.executeUpdate(ResultSetReturnImpl.java:280) ~[hibernate-core-6.3.1.Final.jar!/:6.3.1.Final]
	at org.hibernate.engine.jdbc.mutation.internal.AbstractMutationExecutor.performNonBatchedMutation(AbstractMutationExecutor.java:107) ~[hibernate-core-6.3.1.Final.jar!/:6.3.1.Final]
	at org.hibernate.engine.jdbc.mutation.internal.MutationExecutorSingleNonBatched.performNonBatchedOperations(MutationExecutorSingleNonBatched.java:40) ~[hibernate-core-6.3.1.Final.jar!/:6.3.1.Final]
	at org.hibernate.engine.jdbc.mutation.internal.AbstractMutationExecutor.execute(AbstractMutationExecutor.java:52) ~[hibernate-core-6.3.1.Final.jar!/:6.3.1.Final]
	at org.hibernate.persister.entity.mutation.InsertCoordinator.doStaticInserts(InsertCoordinator.java:171) ~[hibernate-core-6.3.1.Final.jar!/:6.3.1.Final]
	at org.hibernate.persister.entity.mutation.InsertCoordinator.coordinateInsert(InsertCoordinator.java:112) ~[hibernate-core-6.3.1.Final.jar!/:6.3.1.Final]
	at org.hibernate.persister.entity.AbstractEntityPersister.insert(AbstractEntityPersister.java:2865) ~[hibernate-core-6.3.1.Final.jar!/:6.3.1.Final]
	at org.hibernate.action.internal.EntityInsertAction.execute(EntityInsertAction.java:102) ~[hibernate-core-6.3.1.Final.jar!/:6.3.1.Final]
	at org.hibernate.engine.spi.ActionQueue.executeActions(ActionQueue.java:631) ~[hibernate-core-6.3.1.Final.jar!/:6.3.1.Final]
	at org.hibernate.engine.spi.ActionQueue.executeActions(ActionQueue.java:498) ~[hibernate-core-6.3.1.Final.jar!/:6.3.1.Final]
	at org.hibernate.event.internal.AbstractFlushingEventListener.performExecutions(AbstractFlushingEventListener.java:363) ~[hibernate-core-6.3.1.Final.jar!/:6.3.1.Final]
	at org.hibernate.event.internal.DefaultFlushEventListener.onFlush(DefaultFlushEventListener.java:39) ~[hibernate-core-6.3.1.Final.jar!/:6.3.1.Final]
	at org.hibernate.event.service.internal.EventListenerGroupImpl.fireEventOnEachListener(EventListenerGroupImpl.java:127) ~[hibernate-core-6.3.1.Final.jar!/:6.3.1.Final]
	at org.hibernate.internal.SessionImpl.doFlush(SessionImpl.java:1415) ~[hibernate-core-6.3.1.Final.jar!/:6.3.1.Final]
	at org.hibernate.internal.SessionImpl.managedFlush(SessionImpl.java:496) ~[hibernate-core-6.3.1.Final.jar!/:6.3.1.Final]
	at org.hibernate.internal.SessionImpl.flushBeforeTransactionCompletion(SessionImpl.java:2325) ~[hibernate-core-6.3.1.Final.jar!/:6.3.1.Final]
	at org.hibernate.internal.SessionImpl.beforeTransactionCompletion(SessionImpl.java:1988) ~[hibernate-core-6.3.1.Final.jar!/:6.3.1.Final]
	at org.hibernate.engine.jdbc.internal.JdbcCoordinatorImpl.beforeTransactionCompletion(JdbcCoordinatorImpl.java:439) ~[hibernate-core-6.3.1.Final.jar!/:6.3.1.Final]
	at org.hibernate.resource.transaction.backend.jdbc.internal.JdbcResourceLocalTransactionCoordinatorImpl.beforeCompletionCallback(JdbcResourceLocalTransactionCoordinatorImpl.java:169) ~[hibernate-core-6.3.1.Final.jar!/:6.3.1.Final]
	at org.hibernate.resource.transaction.backend.jdbc.internal.JdbcResourceLocalTransactionCoordinatorImpl$TransactionDriverControlImpl.commit(JdbcResourceLocalTransactionCoordinatorImpl.java:267) ~[hibernate-core-6.3.1.Final.jar!/:6.3.1.Final]
	at org.hibernate.engine.transaction.internal.TransactionImpl.commit(TransactionImpl.java:101) ~[hibernate-core-6.3.1.Final.jar!/:6.3.1.Final]
	at org.springframework.orm.jpa.JpaTransactionManager.doCommit(JpaTransactionManager.java:561) ~[spring-orm-6.1.1.jar!/:6.1.1]
	at org.springframework.transaction.support.AbstractPlatformTransactionManager.processCommit(AbstractPlatformTransactionManager.java:794) ~[spring-tx-6.1.1.jar!/:6.1.1]
	at org.springframework.transaction.support.AbstractPlatformTransactionManager.commit(AbstractPlatformTransactionManager.java:757) ~[spring-tx-6.1.1.jar!/:6.1.1]
	at org.springframework.transaction.interceptor.TransactionAspectSupport.commitTransactionAfterReturning(TransactionAspectSupport.java:669) ~[spring-tx-6.1.1.jar!/:6.1.1]
	at org.springframework.transaction.interceptor.TransactionAspectSupport.invokeWithinTransaction(TransactionAspectSupport.java:419) ~[spring-tx-6.1.1.jar!/:6.1.1]
	at org.springframework.transaction.interceptor.TransactionInterceptor.invoke(TransactionInterceptor.java:119) ~[spring-tx-6.1.1.jar!/:6.1.1]
	at org.springframework.aop.framework.ReflectiveMethodInvocation.proceed(ReflectiveMethodInvocation.java:184) ~[spring-aop-6.1.1.jar!/:6.1.1]
	at org.springframework.aop.framework.CglibAopProxy$CglibMethodInvocation.proceed(CglibAopProxy.java:765) ~[spring-aop-6.1.1.jar!/:6.1.1]
	at org.springframework.aop.framework.CglibAopProxy$DynamicAdvisedInterceptor.intercept(CglibAopProxy.java:717) ~[spring-aop-6.1.1.jar!/:6.1.1]
	at com.example.demo.service.FloodShelterService$$SpringCGLIB$$0.save(<generated>) ~[!/:0.0.1-SNAPSHOT]
	at com.example.demo.controller.FloodShelterController.writeFloodShelter(FloodShelterController.java:54) ~[!/:0.0.1-SNAPSHOT]
	at java.base/jdk.internal.reflect.NativeMethodAccessorImpl.invoke0(Native Method) ~[na:na]
	at java.base/jdk.internal.reflect.NativeMethodAccessorImpl.invoke(NativeMethodAccessorImpl.java:77) ~[na:na]
	at java.base/jdk.internal.reflect.DelegatingMethodAccessorImpl.invoke(DelegatingMethodAccessorImpl.java:43) ~[na:na]
	at java.base/java.lang.reflect.Method.invoke(Method.java:569) ~[na:na]
	at org.springframework.web.method.support.InvocableHandlerMethod.doInvoke(InvocableHandlerMethod.java:254) ~[spring-web-6.1.1.jar!/:6.1.1]
	at org.springframework.web.method.support.InvocableHandlerMethod.invokeForRequest(InvocableHandlerMethod.java:182) ~[spring-web-6.1.1.jar!/:6.1.1]
	at org.springframework.web.servlet.mvc.method.annotation.ServletInvocableHandlerMethod.invokeAndHandle(ServletInvocableHandlerMethod.java:118) ~[spring-webmvc-6.1.1.jar!/:6.1.1]
	at org.springframework.web.servlet.mvc.method.annotation.RequestMappingHandlerAdapter.invokeHandlerMethod(RequestMappingHandlerAdapter.java:917) ~[spring-webmvc-6.1.1.jar!/:6.1.1]
	at org.springframework.web.servlet.mvc.method.annotation.RequestMappingHandlerAdapter.handleInternal(RequestMappingHandlerAdapter.java:829) ~[spring-webmvc-6.1.1.jar!/:6.1.1]
	at org.springframework.web.servlet.mvc.method.AbstractHandlerMethodAdapter.handle(AbstractHandlerMethodAdapter.java:87) ~[spring-webmvc-6.1.1.jar!/:6.1.1]
	at org.springframework.web.servlet.DispatcherServlet.doDispatch(DispatcherServlet.java:1089) ~[spring-webmvc-6.1.1.jar!/:6.1.1]
	at org.springframework.web.servlet.DispatcherServlet.doService(DispatcherServlet.java:979) ~[spring-webmvc-6.1.1.jar!/:6.1.1]
	at org.springframework.web.servlet.FrameworkServlet.processRequest(FrameworkServlet.java:1014) ~[spring-webmvc-6.1.1.jar!/:6.1.1]
	at org.springframework.web.servlet.FrameworkServlet.doPost(FrameworkServlet.java:914) ~[spring-webmvc-6.1.1.jar!/:6.1.1]
	at jakarta.servlet.http.HttpServlet.service(HttpServlet.java:590) ~[tomcat-embed-core-10.1.16.jar!/:na]
	at org.springframework.web.servlet.FrameworkServlet.service(FrameworkServlet.java:885) ~[spring-webmvc-6.1.1.jar!/:6.1.1]
	at jakarta.servlet.http.HttpServlet.service(HttpServlet.java:658) ~[tomcat-embed-core-10.1.16.jar!/:na]
	at org.apache.catalina.core.ApplicationFilterChain.internalDoFilter(ApplicationFilterChain.java:205) ~[tomcat-embed-core-10.1.16.jar!/:na]
	at org.apache.catalina.core.ApplicationFilterChain.doFilter(ApplicationFilterChain.java:149) ~[tomcat-embed-core-10.1.16.jar!/:na]
	at org.apache.tomcat.websocket.server.WsFilter.doFilter(WsFilter.java:51) ~[tomcat-embed-websocket-10.1.16.jar!/:na]
	at org.apache.catalina.core.ApplicationFilterChain.internalDoFilter(ApplicationFilterChain.java:174) ~[tomcat-embed-core-10.1.16.jar!/:na]
	at org.apache.catalina.core.ApplicationFilterChain.doFilter(ApplicationFilterChain.java:149) ~[tomcat-embed-core-10.1.16.jar!/:na]
	at org.springframework.web.filter.RequestContextFilter.doFilterInternal(RequestContextFilter.java:100) ~[spring-web-6.1.1.jar!/:6.1.1]
	at org.springframework.web.filter.OncePerRequestFilter.doFilter(OncePerRequestFilter.java:116) ~[spring-web-6.1.1.jar!/:6.1.1]
	at org.apache.catalina.core.ApplicationFilterChain.internalDoFilter(ApplicationFilterChain.java:174) ~[tomcat-embed-core-10.1.16.jar!/:na]
	at org.apache.catalina.core.ApplicationFilterChain.doFilter(ApplicationFilterChain.java:149) ~[tomcat-embed-core-10.1.16.jar!/:na]
	at org.springframework.web.filter.FormContentFilter.doFilterInternal(FormContentFilter.java:93) ~[spring-web-6.1.1.jar!/:6.1.1]
	at org.springframework.web.filter.OncePerRequestFilter.doFilter(OncePerRequestFilter.java:116) ~[spring-web-6.1.1.jar!/:6.1.1]
	at org.apache.catalina.core.ApplicationFilterChain.internalDoFilter(ApplicationFilterChain.java:174) ~[tomcat-embed-core-10.1.16.jar!/:na]
	at org.apache.catalina.core.ApplicationFilterChain.doFilter(ApplicationFilterChain.java:149) ~[tomcat-embed-core-10.1.16.jar!/:na]
	at org.springframework.web.filter.ServerHttpObservationFilter.doFilterInternal(ServerHttpObservationFilter.java:109) ~[spring-web-6.1.1.jar!/:6.1.1]
	at org.springframework.web.filter.OncePerRequestFilter.doFilter(OncePerRequestFilter.java:116) ~[spring-web-6.1.1.jar!/:6.1.1]
	at org.apache.catalina.core.ApplicationFilterChain.internalDoFilter(ApplicationFilterChain.java:174) ~[tomcat-embed-core-10.1.16.jar!/:na]
	at org.apache.catalina.core.ApplicationFilterChain.doFilter(ApplicationFilterChain.java:149) ~[tomcat-embed-core-10.1.16.jar!/:na]
	at org.springframework.web.filter.CharacterEncodingFilter.doFilterInternal(CharacterEncodingFilter.java:201) ~[spring-web-6.1.1.jar!/:6.1.1]
	at org.springframework.web.filter.OncePerRequestFilter.doFilter(OncePerRequestFilter.java:116) ~[spring-web-6.1.1.jar!/:6.1.1]
	at org.apache.catalina.core.ApplicationFilterChain.internalDoFilter(ApplicationFilterChain.java:174) ~[tomcat-embed-core-10.1.16.jar!/:na]
	at org.apache.catalina.core.ApplicationFilterChain.doFilter(ApplicationFilterChain.java:149) ~[tomcat-embed-core-10.1.16.jar!/:na]
	at org.apache.catalina.core.StandardWrapperValve.invoke(StandardWrapperValve.java:167) ~[tomcat-embed-core-10.1.16.jar!/:na]
	at org.apache.catalina.core.StandardContextValve.invoke(StandardContextValve.java:90) ~[tomcat-embed-core-10.1.16.jar!/:na]
	at org.apache.catalina.authenticator.AuthenticatorBase.invoke(AuthenticatorBase.java:482) ~[tomcat-embed-core-10.1.16.jar!/:na]
	at org.apache.catalina.core.StandardHostValve.invoke(StandardHostValve.java:115) ~[tomcat-embed-core-10.1.16.jar!/:na]
	at org.apache.catalina.valves.ErrorReportValve.invoke(ErrorReportValve.java:93) ~[tomcat-embed-core-10.1.16.jar!/:na]
	at org.apache.catalina.core.StandardEngineValve.invoke(StandardEngineValve.java:74) ~[tomcat-embed-core-10.1.16.jar!/:na]
	at org.apache.catalina.connector.CoyoteAdapter.service(CoyoteAdapter.java:340) ~[tomcat-embed-core-10.1.16.jar!/:na]
	at org.apache.coyote.http11.Http11Processor.service(Http11Processor.java:391) ~[tomcat-embed-core-10.1.16.jar!/:na]
	at org.apache.coyote.AbstractProcessorLight.process(AbstractProcessorLight.java:63) ~[tomcat-embed-core-10.1.16.jar!/:na]
	at org.apache.coyote.AbstractProtocol$ConnectionHandler.process(AbstractProtocol.java:896) ~[tomcat-embed-core-10.1.16.jar!/:na]
	at org.apache.tomcat.util.net.NioEndpoint$SocketProcessor.doRun(NioEndpoint.java:1744) ~[tomcat-embed-core-10.1.16.jar!/:na]
	at org.apache.tomcat.util.net.SocketProcessorBase.run(SocketProcessorBase.java:52) ~[tomcat-embed-core-10.1.16.jar!/:na]
	at org.apache.tomcat.util.threads.ThreadPoolExecutor.runWorker(ThreadPoolExecutor.java:1191) ~[tomcat-embed-core-10.1.16.jar!/:na]
	at org.apache.tomcat.util.threads.ThreadPoolExecutor$Worker.run(ThreadPoolExecutor.java:659) ~[tomcat-embed-core-10.1.16.jar!/:na]
	at org.apache.tomcat.util.threads.TaskThread$WrappingRunnable.run(TaskThread.java:61) ~[tomcat-embed-core-10.1.16.jar!/:na]
	at java.base/java.lang.Thread.run(Thread.java:840) ~[na:na]

Hibernate: select ars1_0.shlt_id,ars1_0.ctpv_nm,ars1_0.daddr,ars1_0.fclt_nm,ars1_0.lat,ars1_0.lot,ars1_0.mng_dept_nm,ars1_0.sgg_nm from airstrike ars1_0 limit ?,?
Hibernate: select count(ars1_0.shlt_id) from airstrike ars1_0
Hibernate: select es1_0.shlt_id,es1_0.ctpv_nm,es1_0.daddr,es1_0.fclt_nm,es1_0.lat,es1_0.lot,es1_0.mng_dept_nm,es1_0.sgg_nm from earthquake es1_0 limit ?,?
Hibernate: select count(es1_0.shlt_id) from earthquake es1_0
Hibernate: select ars1_0.shlt_id,ars1_0.ctpv_nm,ars1_0.daddr,ars1_0.fclt_nm,ars1_0.lat,ars1_0.lot,ars1_0.mng_dept_nm,ars1_0.sgg_nm from airstrike ars1_0 limit ?,?
Hibernate: select count(ars1_0.shlt_id) from airstrike ars1_0
Hibernate: select ars1_0.shlt_id,ars1_0.ctpv_nm,ars1_0.daddr,ars1_0.fclt_nm,ars1_0.lat,ars1_0.lot,ars1_0.mng_dept_nm,ars1_0.sgg_nm from airstrike ars1_0 where ars1_0.fclt_nm like ? escape '\\' or ars1_0.daddr like ? escape '\\' limit ?,?
Hibernate: select ars1_0.shlt_id,ars1_0.ctpv_nm,ars1_0.daddr,ars1_0.fclt_nm,ars1_0.lat,ars1_0.lot,ars1_0.mng_dept_nm,ars1_0.sgg_nm from airstrike ars1_0 where ars1_0.shlt_id=?
Hibernate: insert into airstrike (ctpv_nm,daddr,fclt_nm,lat,lot,mng_dept_nm,sgg_nm,shlt_id) values (?,?,?,?,?,?,?,?)
Hibernate: select ars1_0.shlt_id,ars1_0.ctpv_nm,ars1_0.daddr,ars1_0.fclt_nm,ars1_0.lat,ars1_0.lot,ars1_0.mng_dept_nm,ars1_0.sgg_nm from airstrike ars1_0 limit ?,?
Hibernate: select count(ars1_0.shlt_id) from airstrike ars1_0
Hibernate: select ars1_0.shlt_id,ars1_0.ctpv_nm,ars1_0.daddr,ars1_0.fclt_nm,ars1_0.lat,ars1_0.lot,ars1_0.mng_dept_nm,ars1_0.sgg_nm from airstrike ars1_0 where ars1_0.fclt_nm like ? escape '\\' or ars1_0.daddr like ? escape '\\' limit ?,?
Hibernate: select fs1_0.shlt_id,fs1_0.ctpv_nm,fs1_0.daddr,fs1_0.fclt_nm,fs1_0.lat,fs1_0.lot,fs1_0.mng_dept_nm,fs1_0.sgg_nm from flood fs1_0 limit ?,?
Hibernate: select count(fs1_0.shlt_id) from flood fs1_0
Hibernate: select fs1_0.shlt_id,fs1_0.ctpv_nm,fs1_0.daddr,fs1_0.fclt_nm,fs1_0.lat,fs1_0.lot,fs1_0.mng_dept_nm,fs1_0.sgg_nm from flood fs1_0 where fs1_0.shlt_id=?
Hibernate: insert into flood (ctpv_nm,daddr,fclt_nm,lat,lot,mng_dept_nm,sgg_nm,shlt_id) values (?,?,?,?,?,?,?,?)
2026-09-01T15:12:56.200+09:00  WARN 8324 --- [nio-8080-exec-5] o.h.engine.jdbc.spi.SqlExceptionHelper   : SQL Error: 1366, SQLState: HY000
2026-09-01T15:12:56.200+09:00 ERROR 8324 --- [nio-8080-exec-5] o.h.engine.jdbc.spi.SqlExceptionHelper   : Incorrect integer value: 'FL_cb42b411-564f-442f-89b2-7eec19f653cd' for column 'shlt_id' at row 1
2026-09-01T15:12:56.202+09:00 ERROR 8324 --- [nio-8080-exec-5] o.a.c.c.C.[.[.[/].[dispatcherServlet]    : Servlet.service() for servlet [dispatcherServlet] in context with path [] threw exception [Request processing failed: org.springframework.orm.jpa.JpaSystemException: could not execute statement [Incorrect integer value: 'FL_cb42b411-564f-442f-89b2-7eec19f653cd' for column 'shlt_id' at row 1] [insert into flood (ctpv_nm,daddr,fclt_nm,lat,lot,mng_dept_nm,sgg_nm,shlt_id) values (?,?,?,?,?,?,?,?)]] with root cause

java.sql.SQLException: Incorrect integer value: 'FL_cb42b411-564f-442f-89b2-7eec19f653cd' for column 'shlt_id' at row 1
	at com.mysql.cj.jdbc.exceptions.SQLError.createSQLException(SQLError.java:130) ~[mysql-connector-j-8.1.0.jar!/:8.1.0]
	at com.mysql.cj.jdbc.exceptions.SQLExceptionsMapping.translateException(SQLExceptionsMapping.java:122) ~[mysql-connector-j-8.1.0.jar!/:8.1.0]
	at com.mysql.cj.jdbc.ClientPreparedStatement.executeInternal(ClientPreparedStatement.java:916) ~[mysql-connector-j-8.1.0.jar!/:8.1.0]
	at com.mysql.cj.jdbc.ClientPreparedStatement.executeUpdateInternal(ClientPreparedStatement.java:1061) ~[mysql-connector-j-8.1.0.jar!/:8.1.0]
	at com.mysql.cj.jdbc.ClientPreparedStatement.executeUpdateInternal(ClientPreparedStatement.java:1009) ~[mysql-connector-j-8.1.0.jar!/:8.1.0]
	at com.mysql.cj.jdbc.ClientPreparedStatement.executeLargeUpdate(ClientPreparedStatement.java:1320) ~[mysql-connector-j-8.1.0.jar!/:8.1.0]
	at com.mysql.cj.jdbc.ClientPreparedStatement.executeUpdate(ClientPreparedStatement.java:994) ~[mysql-connector-j-8.1.0.jar!/:8.1.0]
	at com.zaxxer.hikari.pool.ProxyPreparedStatement.executeUpdate(ProxyPreparedStatement.java:61) ~[HikariCP-5.0.1.jar!/:na]
	at com.zaxxer.hikari.pool.HikariProxyPreparedStatement.executeUpdate(HikariProxyPreparedStatement.java) ~[HikariCP-5.0.1.jar!/:na]
	at org.hibernate.engine.jdbc.internal.ResultSetReturnImpl.executeUpdate(ResultSetReturnImpl.java:280) ~[hibernate-core-6.3.1.Final.jar!/:6.3.1.Final]
	at org.hibernate.engine.jdbc.mutation.internal.AbstractMutationExecutor.performNonBatchedMutation(AbstractMutationExecutor.java:107) ~[hibernate-core-6.3.1.Final.jar!/:6.3.1.Final]
	at org.hibernate.engine.jdbc.mutation.internal.MutationExecutorSingleNonBatched.performNonBatchedOperations(MutationExecutorSingleNonBatched.java:40) ~[hibernate-core-6.3.1.Final.jar!/:6.3.1.Final]
	at org.hibernate.engine.jdbc.mutation.internal.AbstractMutationExecutor.execute(AbstractMutationExecutor.java:52) ~[hibernate-core-6.3.1.Final.jar!/:6.3.1.Final]
	at org.hibernate.persister.entity.mutation.InsertCoordinator.doStaticInserts(InsertCoordinator.java:171) ~[hibernate-core-6.3.1.Final.jar!/:6.3.1.Final]
	at org.hibernate.persister.entity.mutation.InsertCoordinator.coordinateInsert(InsertCoordinator.java:112) ~[hibernate-core-6.3.1.Final.jar!/:6.3.1.Final]
	at org.hibernate.persister.entity.AbstractEntityPersister.insert(AbstractEntityPersister.java:2865) ~[hibernate-core-6.3.1.Final.jar!/:6.3.1.Final]
	at org.hibernate.action.internal.EntityInsertAction.execute(EntityInsertAction.java:102) ~[hibernate-core-6.3.1.Final.jar!/:6.3.1.Final]
	at org.hibernate.engine.spi.ActionQueue.executeActions(ActionQueue.java:631) ~[hibernate-core-6.3.1.Final.jar!/:6.3.1.Final]
	at org.hibernate.engine.spi.ActionQueue.executeActions(ActionQueue.java:498) ~[hibernate-core-6.3.1.Final.jar!/:6.3.1.Final]
	at org.hibernate.event.internal.AbstractFlushingEventListener.performExecutions(AbstractFlushingEventListener.java:363) ~[hibernate-core-6.3.1.Final.jar!/:6.3.1.Final]
	at org.hibernate.event.internal.DefaultFlushEventListener.onFlush(DefaultFlushEventListener.java:39) ~[hibernate-core-6.3.1.Final.jar!/:6.3.1.Final]
	at org.hibernate.event.service.internal.EventListenerGroupImpl.fireEventOnEachListener(EventListenerGroupImpl.java:127) ~[hibernate-core-6.3.1.Final.jar!/:6.3.1.Final]
	at org.hibernate.internal.SessionImpl.doFlush(SessionImpl.java:1415) ~[hibernate-core-6.3.1.Final.jar!/:6.3.1.Final]
	at org.hibernate.internal.SessionImpl.managedFlush(SessionImpl.java:496) ~[hibernate-core-6.3.1.Final.jar!/:6.3.1.Final]
	at org.hibernate.internal.SessionImpl.flushBeforeTransactionCompletion(SessionImpl.java:2325) ~[hibernate-core-6.3.1.Final.jar!/:6.3.1.Final]
	at org.hibernate.internal.SessionImpl.beforeTransactionCompletion(SessionImpl.java:1988) ~[hibernate-core-6.3.1.Final.jar!/:6.3.1.Final]
	at org.hibernate.engine.jdbc.internal.JdbcCoordinatorImpl.beforeTransactionCompletion(JdbcCoordinatorImpl.java:439) ~[hibernate-core-6.3.1.Final.jar!/:6.3.1.Final]
	at org.hibernate.resource.transaction.backend.jdbc.internal.JdbcResourceLocalTransactionCoordinatorImpl.beforeCompletionCallback(JdbcResourceLocalTransactionCoordinatorImpl.java:169) ~[hibernate-core-6.3.1.Final.jar!/:6.3.1.Final]
	at org.hibernate.resource.transaction.backend.jdbc.internal.JdbcResourceLocalTransactionCoordinatorImpl$TransactionDriverControlImpl.commit(JdbcResourceLocalTransactionCoordinatorImpl.java:267) ~[hibernate-core-6.3.1.Final.jar!/:6.3.1.Final]
	at org.hibernate.engine.transaction.internal.TransactionImpl.commit(TransactionImpl.java:101) ~[hibernate-core-6.3.1.Final.jar!/:6.3.1.Final]
	at org.springframework.orm.jpa.JpaTransactionManager.doCommit(JpaTransactionManager.java:561) ~[spring-orm-6.1.1.jar!/:6.1.1]
	at org.springframework.transaction.support.AbstractPlatformTransactionManager.processCommit(AbstractPlatformTransactionManager.java:794) ~[spring-tx-6.1.1.jar!/:6.1.1]
	at org.springframework.transaction.support.AbstractPlatformTransactionManager.commit(AbstractPlatformTransactionManager.java:757) ~[spring-tx-6.1.1.jar!/:6.1.1]
	at org.springframework.transaction.interceptor.TransactionAspectSupport.commitTransactionAfterReturning(TransactionAspectSupport.java:669) ~[spring-tx-6.1.1.jar!/:6.1.1]
	at org.springframework.transaction.interceptor.TransactionAspectSupport.invokeWithinTransaction(TransactionAspectSupport.java:419) ~[spring-tx-6.1.1.jar!/:6.1.1]
	at org.springframework.transaction.interceptor.TransactionInterceptor.invoke(TransactionInterceptor.java:119) ~[spring-tx-6.1.1.jar!/:6.1.1]
	at org.springframework.aop.framework.ReflectiveMethodInvocation.proceed(ReflectiveMethodInvocation.java:184) ~[spring-aop-6.1.1.jar!/:6.1.1]
	at org.springframework.aop.framework.CglibAopProxy$CglibMethodInvocation.proceed(CglibAopProxy.java:765) ~[spring-aop-6.1.1.jar!/:6.1.1]
	at org.springframework.aop.framework.CglibAopProxy$DynamicAdvisedInterceptor.intercept(CglibAopProxy.java:717) ~[spring-aop-6.1.1.jar!/:6.1.1]
	at com.example.demo.service.FloodShelterService$$SpringCGLIB$$0.save(<generated>) ~[!/:0.0.1-SNAPSHOT]
	at com.example.demo.controller.FloodShelterController.writeFloodShelter(FloodShelterController.java:54) ~[!/:0.0.1-SNAPSHOT]
	at java.base/jdk.internal.reflect.NativeMethodAccessorImpl.invoke0(Native Method) ~[na:na]
	at java.base/jdk.internal.reflect.NativeMethodAccessorImpl.invoke(NativeMethodAccessorImpl.java:77) ~[na:na]
	at java.base/jdk.internal.reflect.DelegatingMethodAccessorImpl.invoke(DelegatingMethodAccessorImpl.java:43) ~[na:na]
	at java.base/java.lang.reflect.Method.invoke(Method.java:569) ~[na:na]
	at org.springframework.web.method.support.InvocableHandlerMethod.doInvoke(InvocableHandlerMethod.java:254) ~[spring-web-6.1.1.jar!/:6.1.1]
	at org.springframework.web.method.support.InvocableHandlerMethod.invokeForRequest(InvocableHandlerMethod.java:182) ~[spring-web-6.1.1.jar!/:6.1.1]
	at org.springframework.web.servlet.mvc.method.annotation.ServletInvocableHandlerMethod.invokeAndHandle(ServletInvocableHandlerMethod.java:118) ~[spring-webmvc-6.1.1.jar!/:6.1.1]
	at org.springframework.web.servlet.mvc.method.annotation.RequestMappingHandlerAdapter.invokeHandlerMethod(RequestMappingHandlerAdapter.java:917) ~[spring-webmvc-6.1.1.jar!/:6.1.1]
	at org.springframework.web.servlet.mvc.method.annotation.RequestMappingHandlerAdapter.handleInternal(RequestMappingHandlerAdapter.java:829) ~[spring-webmvc-6.1.1.jar!/:6.1.1]
	at org.springframework.web.servlet.mvc.method.AbstractHandlerMethodAdapter.handle(AbstractHandlerMethodAdapter.java:87) ~[spring-webmvc-6.1.1.jar!/:6.1.1]
	at org.springframework.web.servlet.DispatcherServlet.doDispatch(DispatcherServlet.java:1089) ~[spring-webmvc-6.1.1.jar!/:6.1.1]
	at org.springframework.web.servlet.DispatcherServlet.doService(DispatcherServlet.java:979) ~[spring-webmvc-6.1.1.jar!/:6.1.1]
	at org.springframework.web.servlet.FrameworkServlet.processRequest(FrameworkServlet.java:1014) ~[spring-webmvc-6.1.1.jar!/:6.1.1]
	at org.springframework.web.servlet.FrameworkServlet.doPost(FrameworkServlet.java:914) ~[spring-webmvc-6.1.1.jar!/:6.1.1]
	at jakarta.servlet.http.HttpServlet.service(HttpServlet.java:590) ~[tomcat-embed-core-10.1.16.jar!/:na]
	at org.springframework.web.servlet.FrameworkServlet.service(FrameworkServlet.java:885) ~[spring-webmvc-6.1.1.jar!/:6.1.1]
	at jakarta.servlet.http.HttpServlet.service(HttpServlet.java:658) ~[tomcat-embed-core-10.1.16.jar!/:na]
	at org.apache.catalina.core.ApplicationFilterChain.internalDoFilter(ApplicationFilterChain.java:205) ~[tomcat-embed-core-10.1.16.jar!/:na]
	at org.apache.catalina.core.ApplicationFilterChain.doFilter(ApplicationFilterChain.java:149) ~[tomcat-embed-core-10.1.16.jar!/:na]
	at org.apache.tomcat.websocket.server.WsFilter.doFilter(WsFilter.java:51) ~[tomcat-embed-websocket-10.1.16.jar!/:na]
	at org.apache.catalina.core.ApplicationFilterChain.internalDoFilter(ApplicationFilterChain.java:174) ~[tomcat-embed-core-10.1.16.jar!/:na]
	at org.apache.catalina.core.ApplicationFilterChain.doFilter(ApplicationFilterChain.java:149) ~[tomcat-embed-core-10.1.16.jar!/:na]
	at org.springframework.web.filter.RequestContextFilter.doFilterInternal(RequestContextFilter.java:100) ~[spring-web-6.1.1.jar!/:6.1.1]
	at org.springframework.web.filter.OncePerRequestFilter.doFilter(OncePerRequestFilter.java:116) ~[spring-web-6.1.1.jar!/:6.1.1]
	at org.apache.catalina.core.ApplicationFilterChain.internalDoFilter(ApplicationFilterChain.java:174) ~[tomcat-embed-core-10.1.16.jar!/:na]
	at org.apache.catalina.core.ApplicationFilterChain.doFilter(ApplicationFilterChain.java:149) ~[tomcat-embed-core-10.1.16.jar!/:na]
	at org.springframework.web.filter.FormContentFilter.doFilterInternal(FormContentFilter.java:93) ~[spring-web-6.1.1.jar!/:6.1.1]
	at org.springframework.web.filter.OncePerRequestFilter.doFilter(OncePerRequestFilter.java:116) ~[spring-web-6.1.1.jar!/:6.1.1]
	at org.apache.catalina.core.ApplicationFilterChain.internalDoFilter(ApplicationFilterChain.java:174) ~[tomcat-embed-core-10.1.16.jar!/:na]
	at org.apache.catalina.core.ApplicationFilterChain.doFilter(ApplicationFilterChain.java:149) ~[tomcat-embed-core-10.1.16.jar!/:na]
	at org.springframework.web.filter.ServerHttpObservationFilter.doFilterInternal(ServerHttpObservationFilter.java:109) ~[spring-web-6.1.1.jar!/:6.1.1]
	at org.springframework.web.filter.OncePerRequestFilter.doFilter(OncePerRequestFilter.java:116) ~[spring-web-6.1.1.jar!/:6.1.1]
	at org.apache.catalina.core.ApplicationFilterChain.internalDoFilter(ApplicationFilterChain.java:174) ~[tomcat-embed-core-10.1.16.jar!/:na]
	at org.apache.catalina.core.ApplicationFilterChain.doFilter(ApplicationFilterChain.java:149) ~[tomcat-embed-core-10.1.16.jar!/:na]
	at org.springframework.web.filter.CharacterEncodingFilter.doFilterInternal(CharacterEncodingFilter.java:201) ~[spring-web-6.1.1.jar!/:6.1.1]
	at org.springframework.web.filter.OncePerRequestFilter.doFilter(OncePerRequestFilter.java:116) ~[spring-web-6.1.1.jar!/:6.1.1]
	at org.apache.catalina.core.ApplicationFilterChain.internalDoFilter(ApplicationFilterChain.java:174) ~[tomcat-embed-core-10.1.16.jar!/:na]
	at org.apache.catalina.core.ApplicationFilterChain.doFilter(ApplicationFilterChain.java:149) ~[tomcat-embed-core-10.1.16.jar!/:na]
	at org.apache.catalina.core.StandardWrapperValve.invoke(StandardWrapperValve.java:167) ~[tomcat-embed-core-10.1.16.jar!/:na]
	at org.apache.catalina.core.StandardContextValve.invoke(StandardContextValve.java:90) ~[tomcat-embed-core-10.1.16.jar!/:na]
	at org.apache.catalina.authenticator.AuthenticatorBase.invoke(AuthenticatorBase.java:482) ~[tomcat-embed-core-10.1.16.jar!/:na]
	at org.apache.catalina.core.StandardHostValve.invoke(StandardHostValve.java:115) ~[tomcat-embed-core-10.1.16.jar!/:na]
	at org.apache.catalina.valves.ErrorReportValve.invoke(ErrorReportValve.java:93) ~[tomcat-embed-core-10.1.16.jar!/:na]
	at org.apache.catalina.core.StandardEngineValve.invoke(StandardEngineValve.java:74) ~[tomcat-embed-core-10.1.16.jar!/:na]
	at org.apache.catalina.connector.CoyoteAdapter.service(CoyoteAdapter.java:340) ~[tomcat-embed-core-10.1.16.jar!/:na]
	at org.apache.coyote.http11.Http11Processor.service(Http11Processor.java:391) ~[tomcat-embed-core-10.1.16.jar!/:na]
	at org.apache.coyote.AbstractProcessorLight.process(AbstractProcessorLight.java:63) ~[tomcat-embed-core-10.1.16.jar!/:na]
	at org.apache.coyote.AbstractProtocol$ConnectionHandler.process(AbstractProtocol.java:896) ~[tomcat-embed-core-10.1.16.jar!/:na]
	at org.apache.tomcat.util.net.NioEndpoint$SocketProcessor.doRun(NioEndpoint.java:1744) ~[tomcat-embed-core-10.1.16.jar!/:na]
	at org.apache.tomcat.util.net.SocketProcessorBase.run(SocketProcessorBase.java:52) ~[tomcat-embed-core-10.1.16.jar!/:na]
	at org.apache.tomcat.util.threads.ThreadPoolExecutor.runWorker(ThreadPoolExecutor.java:1191) ~[tomcat-embed-core-10.1.16.jar!/:na]
	at org.apache.tomcat.util.threads.ThreadPoolExecutor$Worker.run(ThreadPoolExecutor.java:659) ~[tomcat-embed-core-10.1.16.jar!/:na]
	at org.apache.tomcat.util.threads.TaskThread$WrappingRunnable.run(TaskThread.java:61) ~[tomcat-embed-core-10.1.16.jar!/:na]
	at java.base/java.lang.Thread.run(Thread.java:840) ~[na:na]

Hibernate: select fs1_0.shlt_id,fs1_0.ctpv_nm,fs1_0.daddr,fs1_0.fclt_nm,fs1_0.lat,fs1_0.lot,fs1_0.mng_dept_nm,fs1_0.sgg_nm from flood fs1_0 where fs1_0.shlt_id=?
Hibernate: insert into flood (ctpv_nm,daddr,fclt_nm,lat,lot,mng_dept_nm,sgg_nm,shlt_id) values (?,?,?,?,?,?,?,?)
2026-09-01T15:13:02.009+09:00  WARN 8324 --- [nio-8080-exec-6] o.h.engine.jdbc.spi.SqlExceptionHelper   : SQL Error: 1366, SQLState: HY000
2026-09-01T15:13:02.009+09:00 ERROR 8324 --- [nio-8080-exec-6] o.h.engine.jdbc.spi.SqlExceptionHelper   : Incorrect integer value: 'FL_958c1f76-966f-419d-a90f-bc49c94e7ac7' for column 'shlt_id' at row 1
2026-09-01T15:13:02.011+09:00 ERROR 8324 --- [nio-8080-exec-6] o.a.c.c.C.[.[.[/].[dispatcherServlet]    : Servlet.service() for servlet [dispatcherServlet] in context with path [] threw exception [Request processing failed: org.springframework.orm.jpa.JpaSystemException: could not execute statement [Incorrect integer value: 'FL_958c1f76-966f-419d-a90f-bc49c94e7ac7' for column 'shlt_id' at row 1] [insert into flood (ctpv_nm,daddr,fclt_nm,lat,lot,mng_dept_nm,sgg_nm,shlt_id) values (?,?,?,?,?,?,?,?)]] with root cause

java.sql.SQLException: Incorrect integer value: 'FL_958c1f76-966f-419d-a90f-bc49c94e7ac7' for column 'shlt_id' at row 1
	at com.mysql.cj.jdbc.exceptions.SQLError.createSQLException(SQLError.java:130) ~[mysql-connector-j-8.1.0.jar!/:8.1.0]
	at com.mysql.cj.jdbc.exceptions.SQLExceptionsMapping.translateException(SQLExceptionsMapping.java:122) ~[mysql-connector-j-8.1.0.jar!/:8.1.0]
	at com.mysql.cj.jdbc.ClientPreparedStatement.executeInternal(ClientPreparedStatement.java:916) ~[mysql-connector-j-8.1.0.jar!/:8.1.0]
	at com.mysql.cj.jdbc.ClientPreparedStatement.executeUpdateInternal(ClientPreparedStatement.java:1061) ~[mysql-connector-j-8.1.0.jar!/:8.1.0]
	at com.mysql.cj.jdbc.ClientPreparedStatement.executeUpdateInternal(ClientPreparedStatement.java:1009) ~[mysql-connector-j-8.1.0.jar!/:8.1.0]
	at com.mysql.cj.jdbc.ClientPreparedStatement.executeLargeUpdate(ClientPreparedStatement.java:1320) ~[mysql-connector-j-8.1.0.jar!/:8.1.0]
	at com.mysql.cj.jdbc.ClientPreparedStatement.executeUpdate(ClientPreparedStatement.java:994) ~[mysql-connector-j-8.1.0.jar!/:8.1.0]
	at com.zaxxer.hikari.pool.ProxyPreparedStatement.executeUpdate(ProxyPreparedStatement.java:61) ~[HikariCP-5.0.1.jar!/:na]
	at com.zaxxer.hikari.pool.HikariProxyPreparedStatement.executeUpdate(HikariProxyPreparedStatement.java) ~[HikariCP-5.0.1.jar!/:na]
	at org.hibernate.engine.jdbc.internal.ResultSetReturnImpl.executeUpdate(ResultSetReturnImpl.java:280) ~[hibernate-core-6.3.1.Final.jar!/:6.3.1.Final]
	at org.hibernate.engine.jdbc.mutation.internal.AbstractMutationExecutor.performNonBatchedMutation(AbstractMutationExecutor.java:107) ~[hibernate-core-6.3.1.Final.jar!/:6.3.1.Final]
	at org.hibernate.engine.jdbc.mutation.internal.MutationExecutorSingleNonBatched.performNonBatchedOperations(MutationExecutorSingleNonBatched.java:40) ~[hibernate-core-6.3.1.Final.jar!/:6.3.1.Final]
	at org.hibernate.engine.jdbc.mutation.internal.AbstractMutationExecutor.execute(AbstractMutationExecutor.java:52) ~[hibernate-core-6.3.1.Final.jar!/:6.3.1.Final]
	at org.hibernate.persister.entity.mutation.InsertCoordinator.doStaticInserts(InsertCoordinator.java:171) ~[hibernate-core-6.3.1.Final.jar!/:6.3.1.Final]
	at org.hibernate.persister.entity.mutation.InsertCoordinator.coordinateInsert(InsertCoordinator.java:112) ~[hibernate-core-6.3.1.Final.jar!/:6.3.1.Final]
	at org.hibernate.persister.entity.AbstractEntityPersister.insert(AbstractEntityPersister.java:2865) ~[hibernate-core-6.3.1.Final.jar!/:6.3.1.Final]
	at org.hibernate.action.internal.EntityInsertAction.execute(EntityInsertAction.java:102) ~[hibernate-core-6.3.1.Final.jar!/:6.3.1.Final]
	at org.hibernate.engine.spi.ActionQueue.executeActions(ActionQueue.java:631) ~[hibernate-core-6.3.1.Final.jar!/:6.3.1.Final]
	at org.hibernate.engine.spi.ActionQueue.executeActions(ActionQueue.java:498) ~[hibernate-core-6.3.1.Final.jar!/:6.3.1.Final]
	at org.hibernate.event.internal.AbstractFlushingEventListener.performExecutions(AbstractFlushingEventListener.java:363) ~[hibernate-core-6.3.1.Final.jar!/:6.3.1.Final]
	at org.hibernate.event.internal.DefaultFlushEventListener.onFlush(DefaultFlushEventListener.java:39) ~[hibernate-core-6.3.1.Final.jar!/:6.3.1.Final]
	at org.hibernate.event.service.internal.EventListenerGroupImpl.fireEventOnEachListener(EventListenerGroupImpl.java:127) ~[hibernate-core-6.3.1.Final.jar!/:6.3.1.Final]
	at org.hibernate.internal.SessionImpl.doFlush(SessionImpl.java:1415) ~[hibernate-core-6.3.1.Final.jar!/:6.3.1.Final]
	at org.hibernate.internal.SessionImpl.managedFlush(SessionImpl.java:496) ~[hibernate-core-6.3.1.Final.jar!/:6.3.1.Final]
	at org.hibernate.internal.SessionImpl.flushBeforeTransactionCompletion(SessionImpl.java:2325) ~[hibernate-core-6.3.1.Final.jar!/:6.3.1.Final]
	at org.hibernate.internal.SessionImpl.beforeTransactionCompletion(SessionImpl.java:1988) ~[hibernate-core-6.3.1.Final.jar!/:6.3.1.Final]
	at org.hibernate.engine.jdbc.internal.JdbcCoordinatorImpl.beforeTransactionCompletion(JdbcCoordinatorImpl.java:439) ~[hibernate-core-6.3.1.Final.jar!/:6.3.1.Final]
	at org.hibernate.resource.transaction.backend.jdbc.internal.JdbcResourceLocalTransactionCoordinatorImpl.beforeCompletionCallback(JdbcResourceLocalTransactionCoordinatorImpl.java:169) ~[hibernate-core-6.3.1.Final.jar!/:6.3.1.Final]
	at org.hibernate.resource.transaction.backend.jdbc.internal.JdbcResourceLocalTransactionCoordinatorImpl$TransactionDriverControlImpl.commit(JdbcResourceLocalTransactionCoordinatorImpl.java:267) ~[hibernate-core-6.3.1.Final.jar!/:6.3.1.Final]
	at org.hibernate.engine.transaction.internal.TransactionImpl.commit(TransactionImpl.java:101) ~[hibernate-core-6.3.1.Final.jar!/:6.3.1.Final]
	at org.springframework.orm.jpa.JpaTransactionManager.doCommit(JpaTransactionManager.java:561) ~[spring-orm-6.1.1.jar!/:6.1.1]
	at org.springframework.transaction.support.AbstractPlatformTransactionManager.processCommit(AbstractPlatformTransactionManager.java:794) ~[spring-tx-6.1.1.jar!/:6.1.1]
	at org.springframework.transaction.support.AbstractPlatformTransactionManager.commit(AbstractPlatformTransactionManager.java:757) ~[spring-tx-6.1.1.jar!/:6.1.1]
	at org.springframework.transaction.interceptor.TransactionAspectSupport.commitTransactionAfterReturning(TransactionAspectSupport.java:669) ~[spring-tx-6.1.1.jar!/:6.1.1]
	at org.springframework.transaction.interceptor.TransactionAspectSupport.invokeWithinTransaction(TransactionAspectSupport.java:419) ~[spring-tx-6.1.1.jar!/:6.1.1]
	at org.springframework.transaction.interceptor.TransactionInterceptor.invoke(TransactionInterceptor.java:119) ~[spring-tx-6.1.1.jar!/:6.1.1]
	at org.springframework.aop.framework.ReflectiveMethodInvocation.proceed(ReflectiveMethodInvocation.java:184) ~[spring-aop-6.1.1.jar!/:6.1.1]
	at org.springframework.aop.framework.CglibAopProxy$CglibMethodInvocation.proceed(CglibAopProxy.java:765) ~[spring-aop-6.1.1.jar!/:6.1.1]
	at org.springframework.aop.framework.CglibAopProxy$DynamicAdvisedInterceptor.intercept(CglibAopProxy.java:717) ~[spring-aop-6.1.1.jar!/:6.1.1]
	at com.example.demo.service.FloodShelterService$$SpringCGLIB$$0.save(<generated>) ~[!/:0.0.1-SNAPSHOT]
	at com.example.demo.controller.FloodShelterController.writeFloodShelter(FloodShelterController.java:54) ~[!/:0.0.1-SNAPSHOT]
	at java.base/jdk.internal.reflect.NativeMethodAccessorImpl.invoke0(Native Method) ~[na:na]
	at java.base/jdk.internal.reflect.NativeMethodAccessorImpl.invoke(NativeMethodAccessorImpl.java:77) ~[na:na]
	at java.base/jdk.internal.reflect.DelegatingMethodAccessorImpl.invoke(DelegatingMethodAccessorImpl.java:43) ~[na:na]
	at java.base/java.lang.reflect.Method.invoke(Method.java:569) ~[na:na]
	at org.springframework.web.method.support.InvocableHandlerMethod.doInvoke(InvocableHandlerMethod.java:254) ~[spring-web-6.1.1.jar!/:6.1.1]
	at org.springframework.web.method.support.InvocableHandlerMethod.invokeForRequest(InvocableHandlerMethod.java:182) ~[spring-web-6.1.1.jar!/:6.1.1]
	at org.springframework.web.servlet.mvc.method.annotation.ServletInvocableHandlerMethod.invokeAndHandle(ServletInvocableHandlerMethod.java:118) ~[spring-webmvc-6.1.1.jar!/:6.1.1]
	at org.springframework.web.servlet.mvc.method.annotation.RequestMappingHandlerAdapter.invokeHandlerMethod(RequestMappingHandlerAdapter.java:917) ~[spring-webmvc-6.1.1.jar!/:6.1.1]
	at org.springframework.web.servlet.mvc.method.annotation.RequestMappingHandlerAdapter.handleInternal(RequestMappingHandlerAdapter.java:829) ~[spring-webmvc-6.1.1.jar!/:6.1.1]
	at org.springframework.web.servlet.mvc.method.AbstractHandlerMethodAdapter.handle(AbstractHandlerMethodAdapter.java:87) ~[spring-webmvc-6.1.1.jar!/:6.1.1]
	at org.springframework.web.servlet.DispatcherServlet.doDispatch(DispatcherServlet.java:1089) ~[spring-webmvc-6.1.1.jar!/:6.1.1]
	at org.springframework.web.servlet.DispatcherServlet.doService(DispatcherServlet.java:979) ~[spring-webmvc-6.1.1.jar!/:6.1.1]
	at org.springframework.web.servlet.FrameworkServlet.processRequest(FrameworkServlet.java:1014) ~[spring-webmvc-6.1.1.jar!/:6.1.1]
	at org.springframework.web.servlet.FrameworkServlet.doPost(FrameworkServlet.java:914) ~[spring-webmvc-6.1.1.jar!/:6.1.1]
	at jakarta.servlet.http.HttpServlet.service(HttpServlet.java:590) ~[tomcat-embed-core-10.1.16.jar!/:na]
	at org.springframework.web.servlet.FrameworkServlet.service(FrameworkServlet.java:885) ~[spring-webmvc-6.1.1.jar!/:6.1.1]
	at jakarta.servlet.http.HttpServlet.service(HttpServlet.java:658) ~[tomcat-embed-core-10.1.16.jar!/:na]
	at org.apache.catalina.core.ApplicationFilterChain.internalDoFilter(ApplicationFilterChain.java:205) ~[tomcat-embed-core-10.1.16.jar!/:na]
	at org.apache.catalina.core.ApplicationFilterChain.doFilter(ApplicationFilterChain.java:149) ~[tomcat-embed-core-10.1.16.jar!/:na]
	at org.apache.tomcat.websocket.server.WsFilter.doFilter(WsFilter.java:51) ~[tomcat-embed-websocket-10.1.16.jar!/:na]
	at org.apache.catalina.core.ApplicationFilterChain.internalDoFilter(ApplicationFilterChain.java:174) ~[tomcat-embed-core-10.1.16.jar!/:na]
	at org.apache.catalina.core.ApplicationFilterChain.doFilter(ApplicationFilterChain.java:149) ~[tomcat-embed-core-10.1.16.jar!/:na]
	at org.springframework.web.filter.RequestContextFilter.doFilterInternal(RequestContextFilter.java:100) ~[spring-web-6.1.1.jar!/:6.1.1]
	at org.springframework.web.filter.OncePerRequestFilter.doFilter(OncePerRequestFilter.java:116) ~[spring-web-6.1.1.jar!/:6.1.1]
	at org.apache.catalina.core.ApplicationFilterChain.internalDoFilter(ApplicationFilterChain.java:174) ~[tomcat-embed-core-10.1.16.jar!/:na]
	at org.apache.catalina.core.ApplicationFilterChain.doFilter(ApplicationFilterChain.java:149) ~[tomcat-embed-core-10.1.16.jar!/:na]
	at org.springframework.web.filter.FormContentFilter.doFilterInternal(FormContentFilter.java:93) ~[spring-web-6.1.1.jar!/:6.1.1]
	at org.springframework.web.filter.OncePerRequestFilter.doFilter(OncePerRequestFilter.java:116) ~[spring-web-6.1.1.jar!/:6.1.1]
	at org.apache.catalina.core.ApplicationFilterChain.internalDoFilter(ApplicationFilterChain.java:174) ~[tomcat-embed-core-10.1.16.jar!/:na]
	at org.apache.catalina.core.ApplicationFilterChain.doFilter(ApplicationFilterChain.java:149) ~[tomcat-embed-core-10.1.16.jar!/:na]
	at org.springframework.web.filter.ServerHttpObservationFilter.doFilterInternal(ServerHttpObservationFilter.java:109) ~[spring-web-6.1.1.jar!/:6.1.1]
	at org.springframework.web.filter.OncePerRequestFilter.doFilter(OncePerRequestFilter.java:116) ~[spring-web-6.1.1.jar!/:6.1.1]
	at org.apache.catalina.core.ApplicationFilterChain.internalDoFilter(ApplicationFilterChain.java:174) ~[tomcat-embed-core-10.1.16.jar!/:na]
	at org.apache.catalina.core.ApplicationFilterChain.doFilter(ApplicationFilterChain.java:149) ~[tomcat-embed-core-10.1.16.jar!/:na]
	at org.springframework.web.filter.CharacterEncodingFilter.doFilterInternal(CharacterEncodingFilter.java:201) ~[spring-web-6.1.1.jar!/:6.1.1]
	at org.springframework.web.filter.OncePerRequestFilter.doFilter(OncePerRequestFilter.java:116) ~[spring-web-6.1.1.jar!/:6.1.1]
	at org.apache.catalina.core.ApplicationFilterChain.internalDoFilter(ApplicationFilterChain.java:174) ~[tomcat-embed-core-10.1.16.jar!/:na]
	at org.apache.catalina.core.ApplicationFilterChain.doFilter(ApplicationFilterChain.java:149) ~[tomcat-embed-core-10.1.16.jar!/:na]
	at org.apache.catalina.core.StandardWrapperValve.invoke(StandardWrapperValve.java:167) ~[tomcat-embed-core-10.1.16.jar!/:na]
	at org.apache.catalina.core.StandardContextValve.invoke(StandardContextValve.java:90) ~[tomcat-embed-core-10.1.16.jar!/:na]
	at org.apache.catalina.authenticator.AuthenticatorBase.invoke(AuthenticatorBase.java:482) ~[tomcat-embed-core-10.1.16.jar!/:na]
	at org.apache.catalina.core.StandardHostValve.invoke(StandardHostValve.java:115) ~[tomcat-embed-core-10.1.16.jar!/:na]
	at org.apache.catalina.valves.ErrorReportValve.invoke(ErrorReportValve.java:93) ~[tomcat-embed-core-10.1.16.jar!/:na]
	at org.apache.catalina.core.StandardEngineValve.invoke(StandardEngineValve.java:74) ~[tomcat-embed-core-10.1.16.jar!/:na]
	at org.apache.catalina.connector.CoyoteAdapter.service(CoyoteAdapter.java:340) ~[tomcat-embed-core-10.1.16.jar!/:na]
	at org.apache.coyote.http11.Http11Processor.service(Http11Processor.java:391) ~[tomcat-embed-core-10.1.16.jar!/:na]
	at org.apache.coyote.AbstractProcessorLight.process(AbstractProcessorLight.java:63) ~[tomcat-embed-core-10.1.16.jar!/:na]
	at org.apache.coyote.AbstractProtocol$ConnectionHandler.process(AbstractProtocol.java:896) ~[tomcat-embed-core-10.1.16.jar!/:na]
	at org.apache.tomcat.util.net.NioEndpoint$SocketProcessor.doRun(NioEndpoint.java:1744) ~[tomcat-embed-core-10.1.16.jar!/:na]
	at org.apache.tomcat.util.net.SocketProcessorBase.run(SocketProcessorBase.java:52) ~[tomcat-embed-core-10.1.16.jar!/:na]
	at org.apache.tomcat.util.threads.ThreadPoolExecutor.runWorker(ThreadPoolExecutor.java:1191) ~[tomcat-embed-core-10.1.16.jar!/:na]
	at org.apache.tomcat.util.threads.ThreadPoolExecutor$Worker.run(ThreadPoolExecutor.java:659) ~[tomcat-embed-core-10.1.16.jar!/:na]
	at org.apache.tomcat.util.threads.TaskThread$WrappingRunnable.run(TaskThread.java:61) ~[tomcat-embed-core-10.1.16.jar!/:na]
	at java.base/java.lang.Thread.run(Thread.java:840) ~[na:na]

Hibernate: select fs1_0.shlt_id,fs1_0.ctpv_nm,fs1_0.daddr,fs1_0.fclt_nm,fs1_0.lat,fs1_0.lot,fs1_0.mng_dept_nm,fs1_0.sgg_nm from flood fs1_0 where fs1_0.fclt_nm like ? escape '\\' or fs1_0.daddr like ? escape '\\' limit ?,?
Hibernate: select ars1_0.shlt_id,ars1_0.ctpv_nm,ars1_0.daddr,ars1_0.fclt_nm,ars1_0.lat,ars1_0.lot,ars1_0.mng_dept_nm,ars1_0.sgg_nm from airstrike ars1_0 limit ?,?
Hibernate: select count(ars1_0.shlt_id) from airstrike ars1_0
Hibernate: select ars1_0.shlt_id,ars1_0.ctpv_nm,ars1_0.daddr,ars1_0.fclt_nm,ars1_0.lat,ars1_0.lot,ars1_0.mng_dept_nm,ars1_0.sgg_nm from airstrike ars1_0 where ars1_0.fclt_nm like ? escape '\\' or ars1_0.daddr like ? escape '\\' limit ?,?
Hibernate: select fs1_0.shlt_id,fs1_0.ctpv_nm,fs1_0.daddr,fs1_0.fclt_nm,fs1_0.lat,fs1_0.lot,fs1_0.mng_dept_nm,fs1_0.sgg_nm from flood fs1_0 limit ?,?
Hibernate: select count(fs1_0.shlt_id) from flood fs1_0
Hibernate: select fs1_0.shlt_id,fs1_0.ctpv_nm,fs1_0.daddr,fs1_0.fclt_nm,fs1_0.lat,fs1_0.lot,fs1_0.mng_dept_nm,fs1_0.sgg_nm from flood fs1_0 limit ?,?
Hibernate: select count(fs1_0.shlt_id) from flood fs1_0
Hibernate: select fs1_0.shlt_id,fs1_0.ctpv_nm,fs1_0.daddr,fs1_0.fclt_nm,fs1_0.lat,fs1_0.lot,fs1_0.mng_dept_nm,fs1_0.sgg_nm from flood fs1_0 where fs1_0.shlt_id=?
Hibernate: insert into flood (ctpv_nm,daddr,fclt_nm,lat,lot,mng_dept_nm,sgg_nm,shlt_id) values (?,?,?,?,?,?,?,?)
2026-09-01T15:13:53.936+09:00  WARN 8324 --- [nio-8080-exec-4] o.h.engine.jdbc.spi.SqlExceptionHelper   : SQL Error: 1366, SQLState: HY000
2026-09-01T15:13:53.936+09:00 ERROR 8324 --- [nio-8080-exec-4] o.h.engine.jdbc.spi.SqlExceptionHelper   : Incorrect integer value: 'FL_42f8cc31-37dd-488a-8174-01396f533978' for column 'shlt_id' at row 1
2026-09-01T15:13:53.938+09:00 ERROR 8324 --- [nio-8080-exec-4] o.a.c.c.C.[.[.[/].[dispatcherServlet]    : Servlet.service() for servlet [dispatcherServlet] in context with path [] threw exception [Request processing failed: org.springframework.orm.jpa.JpaSystemException: could not execute statement [Incorrect integer value: 'FL_42f8cc31-37dd-488a-8174-01396f533978' for column 'shlt_id' at row 1] [insert into flood (ctpv_nm,daddr,fclt_nm,lat,lot,mng_dept_nm,sgg_nm,shlt_id) values (?,?,?,?,?,?,?,?)]] with root cause

java.sql.SQLException: Incorrect integer value: 'FL_42f8cc31-37dd-488a-8174-01396f533978' for column 'shlt_id' at row 1
	at com.mysql.cj.jdbc.exceptions.SQLError.createSQLException(SQLError.java:130) ~[mysql-connector-j-8.1.0.jar!/:8.1.0]
	at com.mysql.cj.jdbc.exceptions.SQLExceptionsMapping.translateException(SQLExceptionsMapping.java:122) ~[mysql-connector-j-8.1.0.jar!/:8.1.0]
	at com.mysql.cj.jdbc.ClientPreparedStatement.executeInternal(ClientPreparedStatement.java:916) ~[mysql-connector-j-8.1.0.jar!/:8.1.0]
	at com.mysql.cj.jdbc.ClientPreparedStatement.executeUpdateInternal(ClientPreparedStatement.java:1061) ~[mysql-connector-j-8.1.0.jar!/:8.1.0]
	at com.mysql.cj.jdbc.ClientPreparedStatement.executeUpdateInternal(ClientPreparedStatement.java:1009) ~[mysql-connector-j-8.1.0.jar!/:8.1.0]
	at com.mysql.cj.jdbc.ClientPreparedStatement.executeLargeUpdate(ClientPreparedStatement.java:1320) ~[mysql-connector-j-8.1.0.jar!/:8.1.0]
	at com.mysql.cj.jdbc.ClientPreparedStatement.executeUpdate(ClientPreparedStatement.java:994) ~[mysql-connector-j-8.1.0.jar!/:8.1.0]
	at com.zaxxer.hikari.pool.ProxyPreparedStatement.executeUpdate(ProxyPreparedStatement.java:61) ~[HikariCP-5.0.1.jar!/:na]
	at com.zaxxer.hikari.pool.HikariProxyPreparedStatement.executeUpdate(HikariProxyPreparedStatement.java) ~[HikariCP-5.0.1.jar!/:na]
	at org.hibernate.engine.jdbc.internal.ResultSetReturnImpl.executeUpdate(ResultSetReturnImpl.java:280) ~[hibernate-core-6.3.1.Final.jar!/:6.3.1.Final]
	at org.hibernate.engine.jdbc.mutation.internal.AbstractMutationExecutor.performNonBatchedMutation(AbstractMutationExecutor.java:107) ~[hibernate-core-6.3.1.Final.jar!/:6.3.1.Final]
	at org.hibernate.engine.jdbc.mutation.internal.MutationExecutorSingleNonBatched.performNonBatchedOperations(MutationExecutorSingleNonBatched.java:40) ~[hibernate-core-6.3.1.Final.jar!/:6.3.1.Final]
	at org.hibernate.engine.jdbc.mutation.internal.AbstractMutationExecutor.execute(AbstractMutationExecutor.java:52) ~[hibernate-core-6.3.1.Final.jar!/:6.3.1.Final]
	at org.hibernate.persister.entity.mutation.InsertCoordinator.doStaticInserts(InsertCoordinator.java:171) ~[hibernate-core-6.3.1.Final.jar!/:6.3.1.Final]
	at org.hibernate.persister.entity.mutation.InsertCoordinator.coordinateInsert(InsertCoordinator.java:112) ~[hibernate-core-6.3.1.Final.jar!/:6.3.1.Final]
	at org.hibernate.persister.entity.AbstractEntityPersister.insert(AbstractEntityPersister.java:2865) ~[hibernate-core-6.3.1.Final.jar!/:6.3.1.Final]
	at org.hibernate.action.internal.EntityInsertAction.execute(EntityInsertAction.java:102) ~[hibernate-core-6.3.1.Final.jar!/:6.3.1.Final]
	at org.hibernate.engine.spi.ActionQueue.executeActions(ActionQueue.java:631) ~[hibernate-core-6.3.1.Final.jar!/:6.3.1.Final]
	at org.hibernate.engine.spi.ActionQueue.executeActions(ActionQueue.java:498) ~[hibernate-core-6.3.1.Final.jar!/:6.3.1.Final]
	at org.hibernate.event.internal.AbstractFlushingEventListener.performExecutions(AbstractFlushingEventListener.java:363) ~[hibernate-core-6.3.1.Final.jar!/:6.3.1.Final]
	at org.hibernate.event.internal.DefaultFlushEventListener.onFlush(DefaultFlushEventListener.java:39) ~[hibernate-core-6.3.1.Final.jar!/:6.3.1.Final]
	at org.hibernate.event.service.internal.EventListenerGroupImpl.fireEventOnEachListener(EventListenerGroupImpl.java:127) ~[hibernate-core-6.3.1.Final.jar!/:6.3.1.Final]
	at org.hibernate.internal.SessionImpl.doFlush(SessionImpl.java:1415) ~[hibernate-core-6.3.1.Final.jar!/:6.3.1.Final]
	at org.hibernate.internal.SessionImpl.managedFlush(SessionImpl.java:496) ~[hibernate-core-6.3.1.Final.jar!/:6.3.1.Final]
	at org.hibernate.internal.SessionImpl.flushBeforeTransactionCompletion(SessionImpl.java:2325) ~[hibernate-core-6.3.1.Final.jar!/:6.3.1.Final]
	at org.hibernate.internal.SessionImpl.beforeTransactionCompletion(SessionImpl.java:1988) ~[hibernate-core-6.3.1.Final.jar!/:6.3.1.Final]
	at org.hibernate.engine.jdbc.internal.JdbcCoordinatorImpl.beforeTransactionCompletion(JdbcCoordinatorImpl.java:439) ~[hibernate-core-6.3.1.Final.jar!/:6.3.1.Final]
	at org.hibernate.resource.transaction.backend.jdbc.internal.JdbcResourceLocalTransactionCoordinatorImpl.beforeCompletionCallback(JdbcResourceLocalTransactionCoordinatorImpl.java:169) ~[hibernate-core-6.3.1.Final.jar!/:6.3.1.Final]
	at org.hibernate.resource.transaction.backend.jdbc.internal.JdbcResourceLocalTransactionCoordinatorImpl$TransactionDriverControlImpl.commit(JdbcResourceLocalTransactionCoordinatorImpl.java:267) ~[hibernate-core-6.3.1.Final.jar!/:6.3.1.Final]
	at org.hibernate.engine.transaction.internal.TransactionImpl.commit(TransactionImpl.java:101) ~[hibernate-core-6.3.1.Final.jar!/:6.3.1.Final]
	at org.springframework.orm.jpa.JpaTransactionManager.doCommit(JpaTransactionManager.java:561) ~[spring-orm-6.1.1.jar!/:6.1.1]
	at org.springframework.transaction.support.AbstractPlatformTransactionManager.processCommit(AbstractPlatformTransactionManager.java:794) ~[spring-tx-6.1.1.jar!/:6.1.1]
	at org.springframework.transaction.support.AbstractPlatformTransactionManager.commit(AbstractPlatformTransactionManager.java:757) ~[spring-tx-6.1.1.jar!/:6.1.1]
	at org.springframework.transaction.interceptor.TransactionAspectSupport.commitTransactionAfterReturning(TransactionAspectSupport.java:669) ~[spring-tx-6.1.1.jar!/:6.1.1]
	at org.springframework.transaction.interceptor.TransactionAspectSupport.invokeWithinTransaction(TransactionAspectSupport.java:419) ~[spring-tx-6.1.1.jar!/:6.1.1]
	at org.springframework.transaction.interceptor.TransactionInterceptor.invoke(TransactionInterceptor.java:119) ~[spring-tx-6.1.1.jar!/:6.1.1]
	at org.springframework.aop.framework.ReflectiveMethodInvocation.proceed(ReflectiveMethodInvocation.java:184) ~[spring-aop-6.1.1.jar!/:6.1.1]
	at org.springframework.aop.framework.CglibAopProxy$CglibMethodInvocation.proceed(CglibAopProxy.java:765) ~[spring-aop-6.1.1.jar!/:6.1.1]
	at org.springframework.aop.framework.CglibAopProxy$DynamicAdvisedInterceptor.intercept(CglibAopProxy.java:717) ~[spring-aop-6.1.1.jar!/:6.1.1]
	at com.example.demo.service.FloodShelterService$$SpringCGLIB$$0.save(<generated>) ~[!/:0.0.1-SNAPSHOT]
	at com.example.demo.controller.FloodShelterController.writeFloodShelter(FloodShelterController.java:54) ~[!/:0.0.1-SNAPSHOT]
	at java.base/jdk.internal.reflect.NativeMethodAccessorImpl.invoke0(Native Method) ~[na:na]
	at java.base/jdk.internal.reflect.NativeMethodAccessorImpl.invoke(NativeMethodAccessorImpl.java:77) ~[na:na]
	at java.base/jdk.internal.reflect.DelegatingMethodAccessorImpl.invoke(DelegatingMethodAccessorImpl.java:43) ~[na:na]
	at java.base/java.lang.reflect.Method.invoke(Method.java:569) ~[na:na]
	at org.springframework.web.method.support.InvocableHandlerMethod.doInvoke(InvocableHandlerMethod.java:254) ~[spring-web-6.1.1.jar!/:6.1.1]
	at org.springframework.web.method.support.InvocableHandlerMethod.invokeForRequest(InvocableHandlerMethod.java:182) ~[spring-web-6.1.1.jar!/:6.1.1]
	at org.springframework.web.servlet.mvc.method.annotation.ServletInvocableHandlerMethod.invokeAndHandle(ServletInvocableHandlerMethod.java:118) ~[spring-webmvc-6.1.1.jar!/:6.1.1]
	at org.springframework.web.servlet.mvc.method.annotation.RequestMappingHandlerAdapter.invokeHandlerMethod(RequestMappingHandlerAdapter.java:917) ~[spring-webmvc-6.1.1.jar!/:6.1.1]
	at org.springframework.web.servlet.mvc.method.annotation.RequestMappingHandlerAdapter.handleInternal(RequestMappingHandlerAdapter.java:829) ~[spring-webmvc-6.1.1.jar!/:6.1.1]
	at org.springframework.web.servlet.mvc.method.AbstractHandlerMethodAdapter.handle(AbstractHandlerMethodAdapter.java:87) ~[spring-webmvc-6.1.1.jar!/:6.1.1]
	at org.springframework.web.servlet.DispatcherServlet.doDispatch(DispatcherServlet.java:1089) ~[spring-webmvc-6.1.1.jar!/:6.1.1]
	at org.springframework.web.servlet.DispatcherServlet.doService(DispatcherServlet.java:979) ~[spring-webmvc-6.1.1.jar!/:6.1.1]
	at org.springframework.web.servlet.FrameworkServlet.processRequest(FrameworkServlet.java:1014) ~[spring-webmvc-6.1.1.jar!/:6.1.1]
	at org.springframework.web.servlet.FrameworkServlet.doPost(FrameworkServlet.java:914) ~[spring-webmvc-6.1.1.jar!/:6.1.1]
	at jakarta.servlet.http.HttpServlet.service(HttpServlet.java:590) ~[tomcat-embed-core-10.1.16.jar!/:na]
	at org.springframework.web.servlet.FrameworkServlet.service(FrameworkServlet.java:885) ~[spring-webmvc-6.1.1.jar!/:6.1.1]
	at jakarta.servlet.http.HttpServlet.service(HttpServlet.java:658) ~[tomcat-embed-core-10.1.16.jar!/:na]
	at org.apache.catalina.core.ApplicationFilterChain.internalDoFilter(ApplicationFilterChain.java:205) ~[tomcat-embed-core-10.1.16.jar!/:na]
	at org.apache.catalina.core.ApplicationFilterChain.doFilter(ApplicationFilterChain.java:149) ~[tomcat-embed-core-10.1.16.jar!/:na]
	at org.apache.tomcat.websocket.server.WsFilter.doFilter(WsFilter.java:51) ~[tomcat-embed-websocket-10.1.16.jar!/:na]
	at org.apache.catalina.core.ApplicationFilterChain.internalDoFilter(ApplicationFilterChain.java:174) ~[tomcat-embed-core-10.1.16.jar!/:na]
	at org.apache.catalina.core.ApplicationFilterChain.doFilter(ApplicationFilterChain.java:149) ~[tomcat-embed-core-10.1.16.jar!/:na]
	at org.springframework.web.filter.RequestContextFilter.doFilterInternal(RequestContextFilter.java:100) ~[spring-web-6.1.1.jar!/:6.1.1]
	at org.springframework.web.filter.OncePerRequestFilter.doFilter(OncePerRequestFilter.java:116) ~[spring-web-6.1.1.jar!/:6.1.1]
	at org.apache.catalina.core.ApplicationFilterChain.internalDoFilter(ApplicationFilterChain.java:174) ~[tomcat-embed-core-10.1.16.jar!/:na]
	at org.apache.catalina.core.ApplicationFilterChain.doFilter(ApplicationFilterChain.java:149) ~[tomcat-embed-core-10.1.16.jar!/:na]
	at org.springframework.web.filter.FormContentFilter.doFilterInternal(FormContentFilter.java:93) ~[spring-web-6.1.1.jar!/:6.1.1]
	at org.springframework.web.filter.OncePerRequestFilter.doFilter(OncePerRequestFilter.java:116) ~[spring-web-6.1.1.jar!/:6.1.1]
	at org.apache.catalina.core.ApplicationFilterChain.internalDoFilter(ApplicationFilterChain.java:174) ~[tomcat-embed-core-10.1.16.jar!/:na]
	at org.apache.catalina.core.ApplicationFilterChain.doFilter(ApplicationFilterChain.java:149) ~[tomcat-embed-core-10.1.16.jar!/:na]
	at org.springframework.web.filter.ServerHttpObservationFilter.doFilterInternal(ServerHttpObservationFilter.java:109) ~[spring-web-6.1.1.jar!/:6.1.1]
	at org.springframework.web.filter.OncePerRequestFilter.doFilter(OncePerRequestFilter.java:116) ~[spring-web-6.1.1.jar!/:6.1.1]
	at org.apache.catalina.core.ApplicationFilterChain.internalDoFilter(ApplicationFilterChain.java:174) ~[tomcat-embed-core-10.1.16.jar!/:na]
	at org.apache.catalina.core.ApplicationFilterChain.doFilter(ApplicationFilterChain.java:149) ~[tomcat-embed-core-10.1.16.jar!/:na]
	at org.springframework.web.filter.CharacterEncodingFilter.doFilterInternal(CharacterEncodingFilter.java:201) ~[spring-web-6.1.1.jar!/:6.1.1]
	at org.springframework.web.filter.OncePerRequestFilter.doFilter(OncePerRequestFilter.java:116) ~[spring-web-6.1.1.jar!/:6.1.1]
	at org.apache.catalina.core.ApplicationFilterChain.internalDoFilter(ApplicationFilterChain.java:174) ~[tomcat-embed-core-10.1.16.jar!/:na]
	at org.apache.catalina.core.ApplicationFilterChain.doFilter(ApplicationFilterChain.java:149) ~[tomcat-embed-core-10.1.16.jar!/:na]
	at org.apache.catalina.core.StandardWrapperValve.invoke(StandardWrapperValve.java:167) ~[tomcat-embed-core-10.1.16.jar!/:na]
	at org.apache.catalina.core.StandardContextValve.invoke(StandardContextValve.java:90) ~[tomcat-embed-core-10.1.16.jar!/:na]
	at org.apache.catalina.authenticator.AuthenticatorBase.invoke(AuthenticatorBase.java:482) ~[tomcat-embed-core-10.1.16.jar!/:na]
	at org.apache.catalina.core.StandardHostValve.invoke(StandardHostValve.java:115) ~[tomcat-embed-core-10.1.16.jar!/:na]
	at org.apache.catalina.valves.ErrorReportValve.invoke(ErrorReportValve.java:93) ~[tomcat-embed-core-10.1.16.jar!/:na]
	at org.apache.catalina.core.StandardEngineValve.invoke(StandardEngineValve.java:74) ~[tomcat-embed-core-10.1.16.jar!/:na]
	at org.apache.catalina.connector.CoyoteAdapter.service(CoyoteAdapter.java:340) ~[tomcat-embed-core-10.1.16.jar!/:na]
	at org.apache.coyote.http11.Http11Processor.service(Http11Processor.java:391) ~[tomcat-embed-core-10.1.16.jar!/:na]
	at org.apache.coyote.AbstractProcessorLight.process(AbstractProcessorLight.java:63) ~[tomcat-embed-core-10.1.16.jar!/:na]
	at org.apache.coyote.AbstractProtocol$ConnectionHandler.process(AbstractProtocol.java:896) ~[tomcat-embed-core-10.1.16.jar!/:na]
	at org.apache.tomcat.util.net.NioEndpoint$SocketProcessor.doRun(NioEndpoint.java:1744) ~[tomcat-embed-core-10.1.16.jar!/:na]
	at org.apache.tomcat.util.net.SocketProcessorBase.run(SocketProcessorBase.java:52) ~[tomcat-embed-core-10.1.16.jar!/:na]
	at org.apache.tomcat.util.threads.ThreadPoolExecutor.runWorker(ThreadPoolExecutor.java:1191) ~[tomcat-embed-core-10.1.16.jar!/:na]
	at org.apache.tomcat.util.threads.ThreadPoolExecutor$Worker.run(ThreadPoolExecutor.java:659) ~[tomcat-embed-core-10.1.16.jar!/:na]
	at org.apache.tomcat.util.threads.TaskThread$WrappingRunnable.run(TaskThread.java:61) ~[tomcat-embed-core-10.1.16.jar!/:na]
	at java.base/java.lang.Thread.run(Thread.java:840) ~[na:na]

Hibernate: select fs1_0.shlt_id,fs1_0.ctpv_nm,fs1_0.daddr,fs1_0.fclt_nm,fs1_0.lat,fs1_0.lot,fs1_0.mng_dept_nm,fs1_0.sgg_nm from flood fs1_0 where fs1_0.shlt_id=?
Hibernate: insert into flood (ctpv_nm,daddr,fclt_nm,lat,lot,mng_dept_nm,sgg_nm,shlt_id) values (?,?,?,?,?,?,?,?)
Hibernate: select fs1_0.shlt_id,fs1_0.ctpv_nm,fs1_0.daddr,fs1_0.fclt_nm,fs1_0.lat,fs1_0.lot,fs1_0.mng_dept_nm,fs1_0.sgg_nm from flood fs1_0 limit ?,?
Hibernate: select count(fs1_0.shlt_id) from flood fs1_0
Hibernate: select fs1_0.shlt_id,fs1_0.ctpv_nm,fs1_0.daddr,fs1_0.fclt_nm,fs1_0.lat,fs1_0.lot,fs1_0.mng_dept_nm,fs1_0.sgg_nm from flood fs1_0 where fs1_0.shlt_id=?
Hibernate: insert into flood (ctpv_nm,daddr,fclt_nm,lat,lot,mng_dept_nm,sgg_nm,shlt_id) values (?,?,?,?,?,?,?,?)
Hibernate: select fs1_0.shlt_id,fs1_0.ctpv_nm,fs1_0.daddr,fs1_0.fclt_nm,fs1_0.lat,fs1_0.lot,fs1_0.mng_dept_nm,fs1_0.sgg_nm from flood fs1_0 limit ?,?
Hibernate: select count(fs1_0.shlt_id) from flood fs1_0
Hibernate: select fs1_0.shlt_id,fs1_0.ctpv_nm,fs1_0.daddr,fs1_0.fclt_nm,fs1_0.lat,fs1_0.lot,fs1_0.mng_dept_nm,fs1_0.sgg_nm from flood fs1_0 where fs1_0.fclt_nm like ? escape '\\' or fs1_0.daddr like ? escape '\\' limit ?,?
Hibernate: select fs1_0.shlt_id,fs1_0.ctpv_nm,fs1_0.daddr,fs1_0.fclt_nm,fs1_0.lat,fs1_0.lot,fs1_0.mng_dept_nm,fs1_0.sgg_nm from flood fs1_0 where fs1_0.shlt_id=?
Hibernate: update flood set ctpv_nm=?,daddr=?,fclt_nm=?,lat=?,lot=?,mng_dept_nm=?,sgg_nm=? where shlt_id=?
Hibernate: select fs1_0.shlt_id,fs1_0.ctpv_nm,fs1_0.daddr,fs1_0.fclt_nm,fs1_0.lat,fs1_0.lot,fs1_0.mng_dept_nm,fs1_0.sgg_nm from flood fs1_0 where fs1_0.fclt_nm like ? escape '\\' or fs1_0.daddr like ? escape '\\' limit ?,?
Hibernate: select es1_0.shlt_id,es1_0.ctpv_nm,es1_0.daddr,es1_0.fclt_nm,es1_0.lat,es1_0.lot,es1_0.mng_dept_nm,es1_0.sgg_nm from earthquake es1_0 limit ?,?
Hibernate: select count(es1_0.shlt_id) from earthquake es1_0
Hibernate: select es1_0.shlt_id,es1_0.ctpv_nm,es1_0.daddr,es1_0.fclt_nm,es1_0.lat,es1_0.lot,es1_0.mng_dept_nm,es1_0.sgg_nm from earthquake es1_0 limit ?,?
Hibernate: select count(es1_0.shlt_id) from earthquake es1_0
Hibernate: select ars1_0.shlt_id,ars1_0.ctpv_nm,ars1_0.daddr,ars1_0.fclt_nm,ars1_0.lat,ars1_0.lot,ars1_0.mng_dept_nm,ars1_0.sgg_nm from airstrike ars1_0 limit ?,?
Hibernate: select count(ars1_0.shlt_id) from airstrike ars1_0
Hibernate: select fs1_0.shlt_id,fs1_0.ctpv_nm,fs1_0.daddr,fs1_0.fclt_nm,fs1_0.lat,fs1_0.lot,fs1_0.mng_dept_nm,fs1_0.sgg_nm from flood fs1_0 limit ?,?
Hibernate: select count(fs1_0.shlt_id) from flood fs1_0
Hibernate: select fs1_0.shlt_id,fs1_0.ctpv_nm,fs1_0.daddr,fs1_0.fclt_nm,fs1_0.lat,fs1_0.lot,fs1_0.mng_dept_nm,fs1_0.sgg_nm from flood fs1_0 where fs1_0.shlt_id=?
Hibernate: insert into flood (ctpv_nm,daddr,fclt_nm,lat,lot,mng_dept_nm,sgg_nm,shlt_id) values (?,?,?,?,?,?,?,?)
Hibernate: select fs1_0.shlt_id,fs1_0.ctpv_nm,fs1_0.daddr,fs1_0.fclt_nm,fs1_0.lat,fs1_0.lot,fs1_0.mng_dept_nm,fs1_0.sgg_nm from flood fs1_0 limit ?,?
Hibernate: select count(fs1_0.shlt_id) from flood fs1_0
Hibernate: select fs1_0.shlt_id,fs1_0.ctpv_nm,fs1_0.daddr,fs1_0.fclt_nm,fs1_0.lat,fs1_0.lot,fs1_0.mng_dept_nm,fs1_0.sgg_nm from flood fs1_0 where fs1_0.fclt_nm like ? escape '\\' or fs1_0.daddr like ? escape '\\' limit ?,?
Hibernate: select fs1_0.shlt_id,fs1_0.ctpv_nm,fs1_0.daddr,fs1_0.fclt_nm,fs1_0.lat,fs1_0.lot,fs1_0.mng_dept_nm,fs1_0.sgg_nm from flood fs1_0 where fs1_0.shlt_id=?
Hibernate: update flood set ctpv_nm=?,daddr=?,fclt_nm=?,lat=?,lot=?,mng_dept_nm=?,sgg_nm=? where shlt_id=?
Hibernate: select fs1_0.shlt_id,fs1_0.ctpv_nm,fs1_0.daddr,fs1_0.fclt_nm,fs1_0.lat,fs1_0.lot,fs1_0.mng_dept_nm,fs1_0.sgg_nm from flood fs1_0 where fs1_0.fclt_nm like ? escape '\\' or fs1_0.daddr like ? escape '\\' limit ?,?
